"STATION","NAME","DATE","AWND","PSUN","TAVG","TMAX","TMIN","WDF5"
"USW00012960","HOUSTON INTERCONTINENTAL AIRPORT, TX US","2014-01-01","3.58",,"51","65","46","  180"
"USW00012960","HOUSTON INTERCONTINENTAL AIRPORT, TX US","2014-01-02","13.42",,"52","59","37","   10"
"USW00012960","HOUSTON INTERCONTINENTAL AIRPORT, TX US","2014-01-03","5.37",,"41","54","31","  100"
"USW00012960","HOUSTON INTERCONTINENTAL AIRPORT, TX US","2014-01-04","9.17",,"49","66","35","  160"
"USW00012960","HOUSTON INTERCONTINENTAL AIRPORT, TX US","2014-01-05","14.54",,"58","65","35","  320"
"USW00012960","HOUSTON INTERCONTINENTAL AIRPORT, TX US","2014-01-06","12.97",,"34","36","27","  350"
"USW00012960","HOUSTON INTERCONTINENTAL AIRPORT, TX US","2014-01-07","7.16",,"31","45","21","  140"
"USW00012960","HOUSTON INTERCONTINENTAL AIRPORT, TX US","2014-01-08","14.76",,"47","56","40","  140"
"USW00012960","HOUSTON INTERCONTINENTAL AIRPORT, TX US","2014-01-09","8.95",,"58","69","51","  150"
"USW00012960","HOUSTON INTERCONTINENTAL AIRPORT, TX US","2014-01-10","8.72",,"63","70","57","  180"
"USW00012960","HOUSTON INTERCONTINENTAL AIRPORT, TX US","2014-01-11","6.93",,"66","74","45","   20"
"USW00012960","HOUSTON INTERCONTINENTAL AIRPORT, TX US","2014-01-12","6.71",,"54","74","38","  150"
"USW00012960","HOUSTON INTERCONTINENTAL AIRPORT, TX US","2014-01-13","9.84",,"65","71","45","  360"
"USW00012960","HOUSTON INTERCONTINENTAL AIRPORT, TX US","2014-01-14","4.47",,"53","70","35","   10"
"USW00012960","HOUSTON INTERCONTINENTAL AIRPORT, TX US","2014-01-15","8.95",,"52","59","36","  320"
"USW00012960","HOUSTON INTERCONTINENTAL AIRPORT, TX US","2014-01-16","4.70",,"49","70","33","  250"
"USW00012960","HOUSTON INTERCONTINENTAL AIRPORT, TX US","2014-01-17","6.49",,"54","63","39","   10"
"USW00012960","HOUSTON INTERCONTINENTAL AIRPORT, TX US","2014-01-18","4.92",,"48","69","32","  210"
"USW00012960","HOUSTON INTERCONTINENTAL AIRPORT, TX US","2014-01-19","4.47",,"57","69","40","  340"
"USW00012960","HOUSTON INTERCONTINENTAL AIRPORT, TX US","2014-01-20","5.59",,"54","77","38","  220"
"USW00012960","HOUSTON INTERCONTINENTAL AIRPORT, TX US","2014-01-21","12.53",,"60","62","38","  360"
"USW00012960","HOUSTON INTERCONTINENTAL AIRPORT, TX US","2014-01-22","4.47",,"48","69","29","  150"
"USW00012960","HOUSTON INTERCONTINENTAL AIRPORT, TX US","2014-01-23","12.97",,"51","56","33","   30"
"USW00012960","HOUSTON INTERCONTINENTAL AIRPORT, TX US","2014-01-24","9.62",,"33","36","28","   30"
"USW00012960","HOUSTON INTERCONTINENTAL AIRPORT, TX US","2014-01-25","4.70",,"38","61","29","  240"
"USW00012960","HOUSTON INTERCONTINENTAL AIRPORT, TX US","2014-01-26","6.71",,"55","71","45","  200"
"USW00012960","HOUSTON INTERCONTINENTAL AIRPORT, TX US","2014-01-27","11.41",,"59","61","49","   20"
"USW00012960","HOUSTON INTERCONTINENTAL AIRPORT, TX US","2014-01-28","11.18",,"40","49","30","   20"
"USW00012960","HOUSTON INTERCONTINENTAL AIRPORT, TX US","2014-01-29","4.92",,"34","42","29","   20"
"USW00012960","HOUSTON INTERCONTINENTAL AIRPORT, TX US","2014-01-30","8.95",,"39","58","22","  160"
"USW00012960","HOUSTON INTERCONTINENTAL AIRPORT, TX US","2014-01-31","12.08",,"61","72","57","  160"
"USW00012960","HOUSTON INTERCONTINENTAL AIRPORT, TX US","2014-02-01","11.63",,"67","73","62","  160"
"USW00012960","HOUSTON INTERCONTINENTAL AIRPORT, TX US","2014-02-02","12.75",,"58","66","40","  300"
"USW00012960","HOUSTON INTERCONTINENTAL AIRPORT, TX US","2014-02-03","9.40",,"42","50","39","  360"
"USW00012960","HOUSTON INTERCONTINENTAL AIRPORT, TX US","2014-02-04","7.61",,"47","52","42","   80"
"USW00012960","HOUSTON INTERCONTINENTAL AIRPORT, TX US","2014-02-05","11.63",,"44","51","38","  350"
"USW00012960","HOUSTON INTERCONTINENTAL AIRPORT, TX US","2014-02-06","12.30",,"37","39","33","  360"
"USW00012960","HOUSTON INTERCONTINENTAL AIRPORT, TX US","2014-02-07","7.61",,"36","39","35","   40"
"USW00012960","HOUSTON INTERCONTINENTAL AIRPORT, TX US","2014-02-08","3.13",,"43","57","38","  150"
"USW00012960","HOUSTON INTERCONTINENTAL AIRPORT, TX US","2014-02-09","5.59",,"53","66","47","  120"
"USW00012960","HOUSTON INTERCONTINENTAL AIRPORT, TX US","2014-02-10","10.29",,"55","59","39","   20"
"USW00012960","HOUSTON INTERCONTINENTAL AIRPORT, TX US","2014-02-11","13.42",,"39","42","35","   10"
"USW00012960","HOUSTON INTERCONTINENTAL AIRPORT, TX US","2014-02-12","10.07",,"39","51","34","  310"
"USW00012960","HOUSTON INTERCONTINENTAL AIRPORT, TX US","2014-02-13","3.13",,"44","62","29","  200"
"USW00012960","HOUSTON INTERCONTINENTAL AIRPORT, TX US","2014-02-14","7.16",,"56","78","39","  220"
"USW00012960","HOUSTON INTERCONTINENTAL AIRPORT, TX US","2014-02-15","7.61",,"57","68","41","  150"
"USW00012960","HOUSTON INTERCONTINENTAL AIRPORT, TX US","2014-02-16","7.38",,"61","76","51","  160"
"USW00012960","HOUSTON INTERCONTINENTAL AIRPORT, TX US","2014-02-17","6.49",,"69","79","65","  240"
"USW00012960","HOUSTON INTERCONTINENTAL AIRPORT, TX US","2014-02-18","8.28",,"70","80","66","  190"
"USW00012960","HOUSTON INTERCONTINENTAL AIRPORT, TX US","2014-02-19","10.29",,"70","79","62","  150"
"USW00012960","HOUSTON INTERCONTINENTAL AIRPORT, TX US","2014-02-20","10.74",,"72","78","58","  350"
"USW00012960","HOUSTON INTERCONTINENTAL AIRPORT, TX US","2014-02-21","5.82",,"59","69","44","   20"
"USW00012960","HOUSTON INTERCONTINENTAL AIRPORT, TX US","2014-02-22","7.83",,"56","69","45","  130"
"USW00012960","HOUSTON INTERCONTINENTAL AIRPORT, TX US","2014-02-23","3.13",,"64","78","60","   10"
"USW00012960","HOUSTON INTERCONTINENTAL AIRPORT, TX US","2014-02-24","6.71",,"65","66","61","  110"
"USW00012960","HOUSTON INTERCONTINENTAL AIRPORT, TX US","2014-02-25","6.93",,"67","78","58","  360"
"USW00012960","HOUSTON INTERCONTINENTAL AIRPORT, TX US","2014-02-26","13.87",,"53","58","37","   30"
"USW00012960","HOUSTON INTERCONTINENTAL AIRPORT, TX US","2014-02-27","4.70",,"42","56","33","  140"
"USW00012960","HOUSTON INTERCONTINENTAL AIRPORT, TX US","2014-02-28","6.49",,"53","73","39","  220"
"USW00012960","HOUSTON INTERCONTINENTAL AIRPORT, TX US","2014-03-01","8.95",,"71","83","64","  170"
"USW00012960","HOUSTON INTERCONTINENTAL AIRPORT, TX US","2014-03-02","12.30",,"72","77","34","  310"
"USW00012960","HOUSTON INTERCONTINENTAL AIRPORT, TX US","2014-03-03","16.78",,"35","42","27","  360"
"USW00012960","HOUSTON INTERCONTINENTAL AIRPORT, TX US","2014-03-04","6.71",,"33","38","31","   40"
"USW00012960","HOUSTON INTERCONTINENTAL AIRPORT, TX US","2014-03-05","5.59",,"41","53","37","  110"
"USW00012960","HOUSTON INTERCONTINENTAL AIRPORT, TX US","2014-03-06","9.17",,"51","61","44","  320"
"USW00012960","HOUSTON INTERCONTINENTAL AIRPORT, TX US","2014-03-07","6.71",,"51","66","37","  160"
"USW00012960","HOUSTON INTERCONTINENTAL AIRPORT, TX US","2014-03-08","8.72",,"59","69","51","  360"
"USW00012960","HOUSTON INTERCONTINENTAL AIRPORT, TX US","2014-03-09","8.28",,"53","58","46","  360"
"USW00012960","HOUSTON INTERCONTINENTAL AIRPORT, TX US","2014-03-10","4.25",,"56","73","48","  150"
"USW00012960","HOUSTON INTERCONTINENTAL AIRPORT, TX US","2014-03-11","5.14",,"64","75","56","  200"
"USW00012960","HOUSTON INTERCONTINENTAL AIRPORT, TX US","2014-03-12","15.66",,"63","68","49","  350"
"USW00012960","HOUSTON INTERCONTINENTAL AIRPORT, TX US","2014-03-13","6.93",,"54","67","38","  120"
"USW00012960","HOUSTON INTERCONTINENTAL AIRPORT, TX US","2014-03-14","8.05",,"59","75","47","  150"
"USW00012960","HOUSTON INTERCONTINENTAL AIRPORT, TX US","2014-03-15","8.95",,"65","69","62","  130"
"USW00012960","HOUSTON INTERCONTINENTAL AIRPORT, TX US","2014-03-16","13.42",,"65","69","45","  310"
"USW00012960","HOUSTON INTERCONTINENTAL AIRPORT, TX US","2014-03-17","8.05",,"50","63","44","  340"
"USW00012960","HOUSTON INTERCONTINENTAL AIRPORT, TX US","2014-03-18","9.17",,"59","77","43","  170"
"USW00012960","HOUSTON INTERCONTINENTAL AIRPORT, TX US","2014-03-19","4.92",,"66","75","57","  340"
"USW00012960","HOUSTON INTERCONTINENTAL AIRPORT, TX US","2014-03-20","5.14",,"65","76","56","   20"
"USW00012960","HOUSTON INTERCONTINENTAL AIRPORT, TX US","2014-03-21","8.05",,"65","78","50","  150"
"USW00012960","HOUSTON INTERCONTINENTAL AIRPORT, TX US","2014-03-22","6.04",,"70","81","65","   40"
"USW00012960","HOUSTON INTERCONTINENTAL AIRPORT, TX US","2014-03-23","11.18",,"66","72","53","   10"
"USW00012960","HOUSTON INTERCONTINENTAL AIRPORT, TX US","2014-03-24","4.70",,"56","64","52","   60"
"USW00012960","HOUSTON INTERCONTINENTAL AIRPORT, TX US","2014-03-25","7.16",,"58","71","46","   20"
"USW00012960","HOUSTON INTERCONTINENTAL AIRPORT, TX US","2014-03-26","12.75",,"56","64","46","  150"
"USW00012960","HOUSTON INTERCONTINENTAL AIRPORT, TX US","2014-03-27","11.18",,"65","71","62","  160"
"USW00012960","HOUSTON INTERCONTINENTAL AIRPORT, TX US","2014-03-28","6.93",,"74","85","58","  350"
"USW00012960","HOUSTON INTERCONTINENTAL AIRPORT, TX US","2014-03-29","8.50",,"65","80","53","   20"
"USW00012960","HOUSTON INTERCONTINENTAL AIRPORT, TX US","2014-03-30","8.28",,"62","73","46","  130"
"USW00012960","HOUSTON INTERCONTINENTAL AIRPORT, TX US","2014-03-31","9.17",,"64","78","50","  150"
"USW00012960","HOUSTON INTERCONTINENTAL AIRPORT, TX US","2014-04-01","10.51",,"71","84","66","  160"
"USW00012960","HOUSTON INTERCONTINENTAL AIRPORT, TX US","2014-04-02","13.87",,"74","82","71","  150"
"USW00012960","HOUSTON INTERCONTINENTAL AIRPORT, TX US","2014-04-03","12.30",,"74","76","72","  150"
"USW00012960","HOUSTON INTERCONTINENTAL AIRPORT, TX US","2014-04-04","12.75",,"71","75","59","  340"
"USW00012960","HOUSTON INTERCONTINENTAL AIRPORT, TX US","2014-04-05","9.62",,"63","69","57","  110"
"USW00012960","HOUSTON INTERCONTINENTAL AIRPORT, TX US","2014-04-06","10.29",,"60","63","55","  320"
"USW00012960","HOUSTON INTERCONTINENTAL AIRPORT, TX US","2014-04-07","8.28",,"59","74","53","  340"
"USW00012960","HOUSTON INTERCONTINENTAL AIRPORT, TX US","2014-04-08","12.08",,"64","74","51","  340"
"USW00012960","HOUSTON INTERCONTINENTAL AIRPORT, TX US","2014-04-09","3.80",,"62","81","44","  140"
"USW00012960","HOUSTON INTERCONTINENTAL AIRPORT, TX US","2014-04-10","11.41",,"70","83","60","  150"
"USW00012960","HOUSTON INTERCONTINENTAL AIRPORT, TX US","2014-04-11","10.29",,"71","82","64","  180"
"USW00012960","HOUSTON INTERCONTINENTAL AIRPORT, TX US","2014-04-12","13.20",,"72","83","67","  150"
"USW00012960","HOUSTON INTERCONTINENTAL AIRPORT, TX US","2014-04-13","12.30",,"73","78","69","  150"
"USW00012960","HOUSTON INTERCONTINENTAL AIRPORT, TX US","2014-04-14","12.30",,"67","77","46","  330"
"USW00012960","HOUSTON INTERCONTINENTAL AIRPORT, TX US","2014-04-15","10.29",,"51","64","41","   30"
"USW00012960","HOUSTON INTERCONTINENTAL AIRPORT, TX US","2014-04-16","9.62",,"53","66","41","  130"
"USW00012960","HOUSTON INTERCONTINENTAL AIRPORT, TX US","2014-04-17","8.95",,"61","73","53","   50"
"USW00012960","HOUSTON INTERCONTINENTAL AIRPORT, TX US","2014-04-18","6.93",,"67","79","58","   40"
"USW00012960","HOUSTON INTERCONTINENTAL AIRPORT, TX US","2014-04-19","4.92",,"67","80","55","  120"
"USW00012960","HOUSTON INTERCONTINENTAL AIRPORT, TX US","2014-04-20","6.26",,"69","80","58","  170"
"USW00012960","HOUSTON INTERCONTINENTAL AIRPORT, TX US","2014-04-21","6.49",,"71","82","61","  160"
"USW00012960","HOUSTON INTERCONTINENTAL AIRPORT, TX US","2014-04-22","4.25",,"74","87","65","   70"
"USW00012960","HOUSTON INTERCONTINENTAL AIRPORT, TX US","2014-04-23","7.38",,"73","84","63","  140"
"USW00012960","HOUSTON INTERCONTINENTAL AIRPORT, TX US","2014-04-24","7.38",,"75","84","69","  160"
"USW00012960","HOUSTON INTERCONTINENTAL AIRPORT, TX US","2014-04-25","5.59",,"76","88","66","   70"
"USW00012960","HOUSTON INTERCONTINENTAL AIRPORT, TX US","2014-04-26","11.63",,"75","83","68","  160"
"USW00012960","HOUSTON INTERCONTINENTAL AIRPORT, TX US","2014-04-27","14.32",,"79","89","75","  170"
"USW00012960","HOUSTON INTERCONTINENTAL AIRPORT, TX US","2014-04-28","6.04",,"81","92","64","  210"
"USW00012960","HOUSTON INTERCONTINENTAL AIRPORT, TX US","2014-04-29","10.07",,"76","84","65","  350"
"USW00012960","HOUSTON INTERCONTINENTAL AIRPORT, TX US","2014-04-30","8.95",,"67","75","57","  320"
"USW00012960","HOUSTON INTERCONTINENTAL AIRPORT, TX US","2014-05-01","3.58",,"63","75","48","   10"
"USW00012960","HOUSTON INTERCONTINENTAL AIRPORT, TX US","2014-05-02","4.92",,"65","81","51","  290"
"USW00012960","HOUSTON INTERCONTINENTAL AIRPORT, TX US","2014-05-03","6.71",,"72","88","61","  240"
"USW00012960","HOUSTON INTERCONTINENTAL AIRPORT, TX US","2014-05-04","7.38",,"76","88","61","  160"
"USW00012960","HOUSTON INTERCONTINENTAL AIRPORT, TX US","2014-05-05","9.17",,"73","86","59","  160"
"USW00012960","HOUSTON INTERCONTINENTAL AIRPORT, TX US","2014-05-06","11.86",,"74","85","68","  150"
"USW00012960","HOUSTON INTERCONTINENTAL AIRPORT, TX US","2014-05-07","13.42",,"74","85","65","  140"
"USW00012960","HOUSTON INTERCONTINENTAL AIRPORT, TX US","2014-05-08","12.08",,"76","78","75","  150"
"USW00012960","HOUSTON INTERCONTINENTAL AIRPORT, TX US","2014-05-09","8.50",,"77","86","64","  310"
"USW00012960","HOUSTON INTERCONTINENTAL AIRPORT, TX US","2014-05-10","10.29",,"72","87","63","  140"
"USW00012960","HOUSTON INTERCONTINENTAL AIRPORT, TX US","2014-05-11","15.21",,"79","87","75","  150"
"USW00012960","HOUSTON INTERCONTINENTAL AIRPORT, TX US","2014-05-12","13.42",,"79","85","67","  350"
"USW00012960","HOUSTON INTERCONTINENTAL AIRPORT, TX US","2014-05-13","11.86",,"70","75","60","  100"
"USW00012960","HOUSTON INTERCONTINENTAL AIRPORT, TX US","2014-05-14","13.87",,"63","72","54","  340"
"USW00012960","HOUSTON INTERCONTINENTAL AIRPORT, TX US","2014-05-15","3.80",,"64","79","49","  280"
"USW00012960","HOUSTON INTERCONTINENTAL AIRPORT, TX US","2014-05-16","9.17",,"71","85","62","  230"
"USW00012960","HOUSTON INTERCONTINENTAL AIRPORT, TX US","2014-05-17","10.29",,"74","86","63","  170"
"USW00012960","HOUSTON INTERCONTINENTAL AIRPORT, TX US","2014-05-18","8.50",,"74","85","63","  150"
"USW00012960","HOUSTON INTERCONTINENTAL AIRPORT, TX US","2014-05-19","10.51",,"75","85","67","  160"
"USW00012960","HOUSTON INTERCONTINENTAL AIRPORT, TX US","2014-05-20","10.96",,"78","87","71","  150"
"USW00012960","HOUSTON INTERCONTINENTAL AIRPORT, TX US","2014-05-21","10.51",,"78","86","71","  140"
"USW00012960","HOUSTON INTERCONTINENTAL AIRPORT, TX US","2014-05-22","8.05",,"77","87","65","  140"
"USW00012960","HOUSTON INTERCONTINENTAL AIRPORT, TX US","2014-05-23","6.71",,"76","85","66","  120"
"USW00012960","HOUSTON INTERCONTINENTAL AIRPORT, TX US","2014-05-24","8.28",,"77","88","66","  120"
"USW00012960","HOUSTON INTERCONTINENTAL AIRPORT, TX US","2014-05-25","8.05",,"78","87","71","  130"
"USW00012960","HOUSTON INTERCONTINENTAL AIRPORT, TX US","2014-05-26","8.28",,"76","80","68","  280"
"USW00012960","HOUSTON INTERCONTINENTAL AIRPORT, TX US","2014-05-27","6.26",,"70","76","65","  360"
"USW00012960","HOUSTON INTERCONTINENTAL AIRPORT, TX US","2014-05-28","4.47",,"73","84","68","  300"
"USW00012960","HOUSTON INTERCONTINENTAL AIRPORT, TX US","2014-05-29","5.37",,"77","88","68","  360"
"USW00012960","HOUSTON INTERCONTINENTAL AIRPORT, TX US","2014-05-30","4.70",,"78","88","70","  330"
"USW00012960","HOUSTON INTERCONTINENTAL AIRPORT, TX US","2014-05-31","3.80",,"76","85","71","  120"
"USW00012960","HOUSTON INTERCONTINENTAL AIRPORT, TX US","2014-06-01","8.28",,"78","88","71","   90"
"USW00012960","HOUSTON INTERCONTINENTAL AIRPORT, TX US","2014-06-02","8.95",,"80","89","72","  130"
"USW00012960","HOUSTON INTERCONTINENTAL AIRPORT, TX US","2014-06-03","8.50",,"80","88","73","  140"
"USW00012960","HOUSTON INTERCONTINENTAL AIRPORT, TX US","2014-06-04","6.49",,"80","90","71","  160"
"USW00012960","HOUSTON INTERCONTINENTAL AIRPORT, TX US","2014-06-05","7.38",,"82","92","75","  180"
"USW00012960","HOUSTON INTERCONTINENTAL AIRPORT, TX US","2014-06-06","6.26",,"82","92","73","  150"
"USW00012960","HOUSTON INTERCONTINENTAL AIRPORT, TX US","2014-06-07","5.82",,"83","93","73","  110"
"USW00012960","HOUSTON INTERCONTINENTAL AIRPORT, TX US","2014-06-08","6.04",,"83","92","77","  180"
"USW00012960","HOUSTON INTERCONTINENTAL AIRPORT, TX US","2014-06-09","8.50",,"80","87","72","  200"
"USW00012960","HOUSTON INTERCONTINENTAL AIRPORT, TX US","2014-06-10","7.16",,"81","87","71","  250"
"USW00012960","HOUSTON INTERCONTINENTAL AIRPORT, TX US","2014-06-11","4.25",,"79","94","68","  180"
"USW00012960","HOUSTON INTERCONTINENTAL AIRPORT, TX US","2014-06-12","7.38",,"84","94","74","  130"
"USW00012960","HOUSTON INTERCONTINENTAL AIRPORT, TX US","2014-06-13","5.82",,"82","92","77","   20"
"USW00012960","HOUSTON INTERCONTINENTAL AIRPORT, TX US","2014-06-14","8.28",,"82","91","71","  140"
"USW00012960","HOUSTON INTERCONTINENTAL AIRPORT, TX US","2014-06-15","10.07",,"83","93","74","  150"
"USW00012960","HOUSTON INTERCONTINENTAL AIRPORT, TX US","2014-06-16","11.41",,"84","92","77","  130"
"USW00012960","HOUSTON INTERCONTINENTAL AIRPORT, TX US","2014-06-17","10.96",,"85","93","80","  140"
"USW00012960","HOUSTON INTERCONTINENTAL AIRPORT, TX US","2014-06-18","8.72",,"82","89","78","  140"
"USW00012960","HOUSTON INTERCONTINENTAL AIRPORT, TX US","2014-06-19","8.95",,"83","92","75","  140"
"USW00012960","HOUSTON INTERCONTINENTAL AIRPORT, TX US","2014-06-20","5.59",,"82","92","74","  170"
"USW00012960","HOUSTON INTERCONTINENTAL AIRPORT, TX US","2014-06-21","3.80",,"81","92","71","  160"
"USW00012960","HOUSTON INTERCONTINENTAL AIRPORT, TX US","2014-06-22","6.04",,"83","90","76","  220"
"USW00012960","HOUSTON INTERCONTINENTAL AIRPORT, TX US","2014-06-23","7.38",,"82","92","73","  240"
"USW00012960","HOUSTON INTERCONTINENTAL AIRPORT, TX US","2014-06-24","3.58",,"80","92","74","  230"
"USW00012960","HOUSTON INTERCONTINENTAL AIRPORT, TX US","2014-06-25","8.05",,"76","83","73","  160"
"USW00012960","HOUSTON INTERCONTINENTAL AIRPORT, TX US","2014-06-26","6.93",,"78","86","73","  170"
"USW00012960","HOUSTON INTERCONTINENTAL AIRPORT, TX US","2014-06-27","13.65",,"81","90","74","  160"
"USW00012960","HOUSTON INTERCONTINENTAL AIRPORT, TX US","2014-06-28","12.75",,"82","90","79","  130"
"USW00012960","HOUSTON INTERCONTINENTAL AIRPORT, TX US","2014-06-29","10.29",,"84","93","79","  150"
"USW00012960","HOUSTON INTERCONTINENTAL AIRPORT, TX US","2014-06-30","8.50",,"84","93","78","  150"
"USW00012960","HOUSTON INTERCONTINENTAL AIRPORT, TX US","2014-07-01","5.82",,"84","94","74","  140"
"USW00012960","HOUSTON INTERCONTINENTAL AIRPORT, TX US","2014-07-02","3.80",,"84","94","74","  170"
"USW00012960","HOUSTON INTERCONTINENTAL AIRPORT, TX US","2014-07-03","4.03",,"83","94","73","   20"
"USW00012960","HOUSTON INTERCONTINENTAL AIRPORT, TX US","2014-07-04","6.49",,"79","91","72","   80"
"USW00012960","HOUSTON INTERCONTINENTAL AIRPORT, TX US","2014-07-05","4.25",,"78","90","73","  220"
"USW00012960","HOUSTON INTERCONTINENTAL AIRPORT, TX US","2014-07-06","5.14",,"78","89","72","  110"
"USW00012960","HOUSTON INTERCONTINENTAL AIRPORT, TX US","2014-07-07","4.47",,"82","93","74","  140"
"USW00012960","HOUSTON INTERCONTINENTAL AIRPORT, TX US","2014-07-08","4.70",,"82","92","74","  170"
"USW00012960","HOUSTON INTERCONTINENTAL AIRPORT, TX US","2014-07-09","5.37",,"84","95","74","  120"
"USW00012960","HOUSTON INTERCONTINENTAL AIRPORT, TX US","2014-07-10","5.14",,"84","93","73","  180"
"USW00012960","HOUSTON INTERCONTINENTAL AIRPORT, TX US","2014-07-11","4.92",,"83","94","72","  160"
"USW00012960","HOUSTON INTERCONTINENTAL AIRPORT, TX US","2014-07-12","3.58",,"83","94","74","  150"
"USW00012960","HOUSTON INTERCONTINENTAL AIRPORT, TX US","2014-07-13","4.25",,"85","96","77","  160"
"USW00012960","HOUSTON INTERCONTINENTAL AIRPORT, TX US","2014-07-14","4.70",,"84","96","76","  260"
"USW00012960","HOUSTON INTERCONTINENTAL AIRPORT, TX US","2014-07-15","4.92",,"82","89","75","  350"
"USW00012960","HOUSTON INTERCONTINENTAL AIRPORT, TX US","2014-07-16","2.91",,"81","90","73","  170"
"USW00012960","HOUSTON INTERCONTINENTAL AIRPORT, TX US","2014-07-17","6.04",,"80","89","76","  170"
"USW00012960","HOUSTON INTERCONTINENTAL AIRPORT, TX US","2014-07-18","5.37",,"82","87","75","  350"
"USW00012960","HOUSTON INTERCONTINENTAL AIRPORT, TX US","2014-07-19","6.49",,"78","85","72","   50"
"USW00012960","HOUSTON INTERCONTINENTAL AIRPORT, TX US","2014-07-20","5.82",,"80","93","73","  120"
"USW00012960","HOUSTON INTERCONTINENTAL AIRPORT, TX US","2014-07-21","3.13",,"85","96","77","  150"
"USW00012960","HOUSTON INTERCONTINENTAL AIRPORT, TX US","2014-07-22","3.80",,"86","96","77","  120"
"USW00012960","HOUSTON INTERCONTINENTAL AIRPORT, TX US","2014-07-23","4.25",,"85","95","76","   10"
"USW00012960","HOUSTON INTERCONTINENTAL AIRPORT, TX US","2014-07-24","4.03",,"83","94","73","  170"
"USW00012960","HOUSTON INTERCONTINENTAL AIRPORT, TX US","2014-07-25","4.70",,"84","95","74","  160"
"USW00012960","HOUSTON INTERCONTINENTAL AIRPORT, TX US","2014-07-26","7.16",,"85","95","78","  170"
"USW00012960","HOUSTON INTERCONTINENTAL AIRPORT, TX US","2014-07-27","6.04",,"86","97","77","  150"
"USW00012960","HOUSTON INTERCONTINENTAL AIRPORT, TX US","2014-07-28","5.82",,"87","99","77","  300"
"USW00012960","HOUSTON INTERCONTINENTAL AIRPORT, TX US","2014-07-29","4.47",,"84","92","74","   30"
"USW00012960","HOUSTON INTERCONTINENTAL AIRPORT, TX US","2014-07-30","6.49",,"81","94","72","  130"
"USW00012960","HOUSTON INTERCONTINENTAL AIRPORT, TX US","2014-07-31","6.49",,"84","94","73","  150"
"USW00012960","HOUSTON INTERCONTINENTAL AIRPORT, TX US","2014-08-01","6.71",,"80","87","73","  160"
"USW00012960","HOUSTON INTERCONTINENTAL AIRPORT, TX US","2014-08-02","4.92",,"76","82","71",
"USW00012960","HOUSTON INTERCONTINENTAL AIRPORT, TX US","2014-08-03","6.71",,"78","89","72","   30"
"USW00012960","HOUSTON INTERCONTINENTAL AIRPORT, TX US","2014-08-04","5.82",,"80","92","73","  100"
"USW00012960","HOUSTON INTERCONTINENTAL AIRPORT, TX US","2014-08-05","5.37",,"82","92","74","  130"
"USW00012960","HOUSTON INTERCONTINENTAL AIRPORT, TX US","2014-08-06","4.92",,"83","94","75","  160"
"USW00012960","HOUSTON INTERCONTINENTAL AIRPORT, TX US","2014-08-07","6.49",,"86","95","79","  140"
"USW00012960","HOUSTON INTERCONTINENTAL AIRPORT, TX US","2014-08-08","6.26",,"86","97","77","  190"
"USW00012960","HOUSTON INTERCONTINENTAL AIRPORT, TX US","2014-08-09","4.70",,"83","94","77","  220"
"USW00012960","HOUSTON INTERCONTINENTAL AIRPORT, TX US","2014-08-10","3.80",,"85","94","78","  110"
"USW00012960","HOUSTON INTERCONTINENTAL AIRPORT, TX US","2014-08-11","2.91",,"86","97","75","   30"
"USW00012960","HOUSTON INTERCONTINENTAL AIRPORT, TX US","2014-08-12","3.36",,"84","97","76","   50"
"USW00012960","HOUSTON INTERCONTINENTAL AIRPORT, TX US","2014-08-13","6.49",,"83","94","73","   30"
"USW00012960","HOUSTON INTERCONTINENTAL AIRPORT, TX US","2014-08-14","6.71",,"83","93","73","  130"
"USW00012960","HOUSTON INTERCONTINENTAL AIRPORT, TX US","2014-08-15","5.14",,"83","96","75","  170"
"USW00012960","HOUSTON INTERCONTINENTAL AIRPORT, TX US","2014-08-16","7.61",,"86","98","80","  140"
"USW00012960","HOUSTON INTERCONTINENTAL AIRPORT, TX US","2014-08-17","7.38",,"86","97","78","  240"
"USW00012960","HOUSTON INTERCONTINENTAL AIRPORT, TX US","2014-08-18","6.26",,"85","96","76","  200"
"USW00012960","HOUSTON INTERCONTINENTAL AIRPORT, TX US","2014-08-19","7.38",,"84","94","76","  130"
"USW00012960","HOUSTON INTERCONTINENTAL AIRPORT, TX US","2014-08-20","6.49",,"81","96","74","  230"
"USW00012960","HOUSTON INTERCONTINENTAL AIRPORT, TX US","2014-08-21","7.83",,"86","98","76","  160"
"USW00012960","HOUSTON INTERCONTINENTAL AIRPORT, TX US","2014-08-22","6.26",,"86","98","75","  130"
"USW00012960","HOUSTON INTERCONTINENTAL AIRPORT, TX US","2014-08-23","4.92",,"85","98","75","  100"
"USW00012960","HOUSTON INTERCONTINENTAL AIRPORT, TX US","2014-08-24","3.58",,"86","98","74","  200"
"USW00012960","HOUSTON INTERCONTINENTAL AIRPORT, TX US","2014-08-25","4.03",,"86","99","76","  100"
"USW00012960","HOUSTON INTERCONTINENTAL AIRPORT, TX US","2014-08-26","7.38",,"84","97","74","   60"
"USW00012960","HOUSTON INTERCONTINENTAL AIRPORT, TX US","2014-08-27","8.28",,"83","94","75","  100"
"USW00012960","HOUSTON INTERCONTINENTAL AIRPORT, TX US","2014-08-28","8.50",,"81","90","76","  150"
"USW00012960","HOUSTON INTERCONTINENTAL AIRPORT, TX US","2014-08-29","8.28",,"82","91","75","  110"
"USW00012960","HOUSTON INTERCONTINENTAL AIRPORT, TX US","2014-08-30","6.04",,"80","92","75","  140"
"USW00012960","HOUSTON INTERCONTINENTAL AIRPORT, TX US","2014-08-31","5.14",,"79","84","74","  200"
"USW00012960","HOUSTON INTERCONTINENTAL AIRPORT, TX US","2014-09-01","4.92",,"80","93","74","  160"
"USW00012960","HOUSTON INTERCONTINENTAL AIRPORT, TX US","2014-09-02","8.05",,"84","94","76","  140"
"USW00012960","HOUSTON INTERCONTINENTAL AIRPORT, TX US","2014-09-03","7.38",,"83","93","75","  120"
"USW00012960","HOUSTON INTERCONTINENTAL AIRPORT, TX US","2014-09-04","6.04",,"83","93","76","  150"
"USW00012960","HOUSTON INTERCONTINENTAL AIRPORT, TX US","2014-09-05","4.47",,"83","93","75","  180"
"USW00012960","HOUSTON INTERCONTINENTAL AIRPORT, TX US","2014-09-06","2.01",,"82","95","75","  150"
"USW00012960","HOUSTON INTERCONTINENTAL AIRPORT, TX US","2014-09-07","4.25",,"81","95","73","   20"
"USW00012960","HOUSTON INTERCONTINENTAL AIRPORT, TX US","2014-09-08","3.36",,"79","92","72","  130"
"USW00012960","HOUSTON INTERCONTINENTAL AIRPORT, TX US","2014-09-09","4.70",,"83","95","74","  100"
"USW00012960","HOUSTON INTERCONTINENTAL AIRPORT, TX US","2014-09-10","6.93",,"85","95","78","  190"
"USW00012960","HOUSTON INTERCONTINENTAL AIRPORT, TX US","2014-09-11","5.82",,"85","97","76","  140"
"USW00012960","HOUSTON INTERCONTINENTAL AIRPORT, TX US","2014-09-12","4.92",,"81","89","75","  170"
"USW00012960","HOUSTON INTERCONTINENTAL AIRPORT, TX US","2014-09-13","11.86",,"75","77","67","   10"
"USW00012960","HOUSTON INTERCONTINENTAL AIRPORT, TX US","2014-09-14","5.82",,"70","77","65","   70"
"USW00012960","HOUSTON INTERCONTINENTAL AIRPORT, TX US","2014-09-15","5.82",,"77","92","68","  150"
"USW00012960","HOUSTON INTERCONTINENTAL AIRPORT, TX US","2014-09-16","5.59",,"81","91","75","  140"
"USW00012960","HOUSTON INTERCONTINENTAL AIRPORT, TX US","2014-09-17","3.13",,"78","89","75","  210"
"USW00012960","HOUSTON INTERCONTINENTAL AIRPORT, TX US","2014-09-18","6.26",,"76","81","73","  130"
"USW00012960","HOUSTON INTERCONTINENTAL AIRPORT, TX US","2014-09-19","5.82",,"77","84","73","  120"
"USW00012960","HOUSTON INTERCONTINENTAL AIRPORT, TX US","2014-09-20","6.93",,"79","89","73","  120"
"USW00012960","HOUSTON INTERCONTINENTAL AIRPORT, TX US","2014-09-21","4.70",,"80","91","73","   40"
"USW00012960","HOUSTON INTERCONTINENTAL AIRPORT, TX US","2014-09-22","5.37",,"81","93","72","  360"
"USW00012960","HOUSTON INTERCONTINENTAL AIRPORT, TX US","2014-09-23","6.93",,"75","84","64","   30"
"USW00012960","HOUSTON INTERCONTINENTAL AIRPORT, TX US","2014-09-24","5.14",,"73","85","64","  110"
"USW00012960","HOUSTON INTERCONTINENTAL AIRPORT, TX US","2014-09-25","8.05",,"73","80","68","   90"
"USW00012960","HOUSTON INTERCONTINENTAL AIRPORT, TX US","2014-09-26","7.16",,"76","86","68","  120"
"USW00012960","HOUSTON INTERCONTINENTAL AIRPORT, TX US","2014-09-27","6.49",,"76","86","71","   90"
"USW00012960","HOUSTON INTERCONTINENTAL AIRPORT, TX US","2014-09-28","7.38",,"78","89","72","   30"
"USW00012960","HOUSTON INTERCONTINENTAL AIRPORT, TX US","2014-09-29","6.04",,"78","89","70","   50"
"USW00012960","HOUSTON INTERCONTINENTAL AIRPORT, TX US","2014-09-30","4.70",,"78","89","71","  140"
"USW00012960","HOUSTON INTERCONTINENTAL AIRPORT, TX US","2014-10-01","5.14",,"81","93","72","  140"
"USW00012960","HOUSTON INTERCONTINENTAL AIRPORT, TX US","2014-10-02","8.05",,"84","93","71","  300"
"USW00012960","HOUSTON INTERCONTINENTAL AIRPORT, TX US","2014-10-03","7.16",,"77","84","63","   30"
"USW00012960","HOUSTON INTERCONTINENTAL AIRPORT, TX US","2014-10-04","6.93",,"68","77","59","   40"
"USW00012960","HOUSTON INTERCONTINENTAL AIRPORT, TX US","2014-10-05","5.82",,"67","85","53","  150"
"USW00012960","HOUSTON INTERCONTINENTAL AIRPORT, TX US","2014-10-06","6.26",,"73","84","65","   20"
"USW00012960","HOUSTON INTERCONTINENTAL AIRPORT, TX US","2014-10-07","5.59",,"75","90","65","  140"
"USW00012960","HOUSTON INTERCONTINENTAL AIRPORT, TX US","2014-10-08","5.37",,"78","90","69","  240"
"USW00012960","HOUSTON INTERCONTINENTAL AIRPORT, TX US","2014-10-09","4.92",,"79","90","68","  150"
"USW00012960","HOUSTON INTERCONTINENTAL AIRPORT, TX US","2014-10-10","7.61",,"81","91","75","  210"
"USW00012960","HOUSTON INTERCONTINENTAL AIRPORT, TX US","2014-10-11","6.71",,"79","85","66","  360"
"USW00012960","HOUSTON INTERCONTINENTAL AIRPORT, TX US","2014-10-12","6.49",,"71","87","65","  180"
"USW00012960","HOUSTON INTERCONTINENTAL AIRPORT, TX US","2014-10-13","9.62",,"76","85","59","  310"
"USW00012960","HOUSTON INTERCONTINENTAL AIRPORT, TX US","2014-10-14","7.61",,"66","79","54","  310"
"USW00012960","HOUSTON INTERCONTINENTAL AIRPORT, TX US","2014-10-15","2.91",,"66","84","51","  270"
"USW00012960","HOUSTON INTERCONTINENTAL AIRPORT, TX US","2014-10-16","5.59",,"71","87","57","  180"
"USW00012960","HOUSTON INTERCONTINENTAL AIRPORT, TX US","2014-10-17","4.70",,"73","86","60","  170"
"USW00012960","HOUSTON INTERCONTINENTAL AIRPORT, TX US","2014-10-18","2.46",,"74","86","63","   90"
"USW00012960","HOUSTON INTERCONTINENTAL AIRPORT, TX US","2014-10-19","6.93",,"71","81","62","   80"
"USW00012960","HOUSTON INTERCONTINENTAL AIRPORT, TX US","2014-10-20","5.37",,"70","83","59","   60"
"USW00012960","HOUSTON INTERCONTINENTAL AIRPORT, TX US","2014-10-21","4.92",,"68","82","55","   90"
"USW00012960","HOUSTON INTERCONTINENTAL AIRPORT, TX US","2014-10-22","5.37",,"70","82","61","   80"
"USW00012960","HOUSTON INTERCONTINENTAL AIRPORT, TX US","2014-10-23","5.14",,"67","80","58","   60"
"USW00012960","HOUSTON INTERCONTINENTAL AIRPORT, TX US","2014-10-24","3.13",,"65","82","54","  360"
"USW00012960","HOUSTON INTERCONTINENTAL AIRPORT, TX US","2014-10-25","1.79",,"68","85","55","  130"
"USW00012960","HOUSTON INTERCONTINENTAL AIRPORT, TX US","2014-10-26","4.47",,"69","85","56","  170"
"USW00012960","HOUSTON INTERCONTINENTAL AIRPORT, TX US","2014-10-27","6.26",,"72","86","58","  160"
"USW00012960","HOUSTON INTERCONTINENTAL AIRPORT, TX US","2014-10-28","3.13",,"73","86","60","  160"
"USW00012960","HOUSTON INTERCONTINENTAL AIRPORT, TX US","2014-10-29","5.82",,"73","84","61","   10"
"USW00012960","HOUSTON INTERCONTINENTAL AIRPORT, TX US","2014-10-30","3.58",,"67","79","55","   90"
"USW00012960","HOUSTON INTERCONTINENTAL AIRPORT, TX US","2014-10-31","8.72",,"67","79","55","   30"
"USW00012960","HOUSTON INTERCONTINENTAL AIRPORT, TX US","2014-11-01","5.14",,"57","65","45","   70"
"USW00012960","HOUSTON INTERCONTINENTAL AIRPORT, TX US","2014-11-02","8.95",,"53","72","41","  150"
"USW00012960","HOUSTON INTERCONTINENTAL AIRPORT, TX US","2014-11-03","8.72",,"64","80","53","  140"
"USW00012960","HOUSTON INTERCONTINENTAL AIRPORT, TX US","2014-11-04","6.49",,"70","82","62","  170"
"USW00012960","HOUSTON INTERCONTINENTAL AIRPORT, TX US","2014-11-05","6.26",,"70","74","64","  290"
"USW00012960","HOUSTON INTERCONTINENTAL AIRPORT, TX US","2014-11-06","7.38",,"64","66","58","   20"
"USW00012960","HOUSTON INTERCONTINENTAL AIRPORT, TX US","2014-11-07","4.47",,"57","65","49","   60"
"USW00012960","HOUSTON INTERCONTINENTAL AIRPORT, TX US","2014-11-08","2.91",,"58","75","50","  350"
"USW00012960","HOUSTON INTERCONTINENTAL AIRPORT, TX US","2014-11-09","3.80",,"58","72","47","  340"
"USW00012960","HOUSTON INTERCONTINENTAL AIRPORT, TX US","2014-11-10","7.16",,"62","80","45","  210"
"USW00012960","HOUSTON INTERCONTINENTAL AIRPORT, TX US","2014-11-11","10.07",,"65","71","49","  330"
"USW00012960","HOUSTON INTERCONTINENTAL AIRPORT, TX US","2014-11-12","13.87",,"50","58","43","   10"
"USW00012960","HOUSTON INTERCONTINENTAL AIRPORT, TX US","2014-11-13","12.75",,"43","45","36","  350"
"USW00012960","HOUSTON INTERCONTINENTAL AIRPORT, TX US","2014-11-14","5.59",,"39","47","34","   70"
"USW00012960","HOUSTON INTERCONTINENTAL AIRPORT, TX US","2014-11-15","9.40",,"46","53","43","  120"
"USW00012960","HOUSTON INTERCONTINENTAL AIRPORT, TX US","2014-11-16","7.61",,"53","57","42","  350"
"USW00012960","HOUSTON INTERCONTINENTAL AIRPORT, TX US","2014-11-17","13.42",,"43","52","36","  350"
"USW00012960","HOUSTON INTERCONTINENTAL AIRPORT, TX US","2014-11-18","3.80",,"42","55","32","   20"
"USW00012960","HOUSTON INTERCONTINENTAL AIRPORT, TX US","2014-11-19","3.80",,"47","69","30","  210"
"USW00012960","HOUSTON INTERCONTINENTAL AIRPORT, TX US","2014-11-20","5.14",,"59","76","46","  130"
"USW00012960","HOUSTON INTERCONTINENTAL AIRPORT, TX US","2014-11-21","10.29",,"64","66","61","  120"
"USW00012960","HOUSTON INTERCONTINENTAL AIRPORT, TX US","2014-11-22","9.84",,"63","68","58","  130"
"USW00012960","HOUSTON INTERCONTINENTAL AIRPORT, TX US","2014-11-23","7.61",,"68","80","61","  340"
"USW00012960","HOUSTON INTERCONTINENTAL AIRPORT, TX US","2014-11-24","9.62",,"61","66","45","   20"
"USW00012960","HOUSTON INTERCONTINENTAL AIRPORT, TX US","2014-11-25","4.25",,"53","66","41","  320"
"USW00012960","HOUSTON INTERCONTINENTAL AIRPORT, TX US","2014-11-26","6.04",,"56","73","43","  260"
"USW00012960","HOUSTON INTERCONTINENTAL AIRPORT, TX US","2014-11-27","2.91",,"54","67","43","   40"
"USW00012960","HOUSTON INTERCONTINENTAL AIRPORT, TX US","2014-11-28","5.82",,"53","71","39","  150"
"USW00012960","HOUSTON INTERCONTINENTAL AIRPORT, TX US","2014-11-29","8.05",,"66","78","60","  170"
"USW00012960","HOUSTON INTERCONTINENTAL AIRPORT, TX US","2014-11-30","7.61",,"71","80","61","  160"
"USW00012960","HOUSTON INTERCONTINENTAL AIRPORT, TX US","2014-12-01","6.93",,"63","69","45","  340"
"USW00012960","HOUSTON INTERCONTINENTAL AIRPORT, TX US","2014-12-02","7.61",,"48","56","44","   40"
"USW00012960","HOUSTON INTERCONTINENTAL AIRPORT, TX US","2014-12-03","3.80",,"56","66","52","   80"
"USW00012960","HOUSTON INTERCONTINENTAL AIRPORT, TX US","2014-12-04","7.38",,"60","72","53","  130"
"USW00012960","HOUSTON INTERCONTINENTAL AIRPORT, TX US","2014-12-05","5.59",,"69","79","65","  190"
"USW00012960","HOUSTON INTERCONTINENTAL AIRPORT, TX US","2014-12-06","7.83",,"68","71","58","   10"
"USW00012960","HOUSTON INTERCONTINENTAL AIRPORT, TX US","2014-12-07","6.49",,"58","59","54","   60"
"USW00012960","HOUSTON INTERCONTINENTAL AIRPORT, TX US","2014-12-08","5.37",,"56","67","46","  330"
"USW00012960","HOUSTON INTERCONTINENTAL AIRPORT, TX US","2014-12-09","1.79",,"54","70","43","   60"
"USW00012960","HOUSTON INTERCONTINENTAL AIRPORT, TX US","2014-12-10","4.47",,"53","69","42","  130"
"USW00012960","HOUSTON INTERCONTINENTAL AIRPORT, TX US","2014-12-11","4.92",,"61","72","56","  190"
"USW00012960","HOUSTON INTERCONTINENTAL AIRPORT, TX US","2014-12-12","7.61",,"65","75","57","  140"
"USW00012960","HOUSTON INTERCONTINENTAL AIRPORT, TX US","2014-12-13","9.17",,"62","74","54","  140"
"USW00012960","HOUSTON INTERCONTINENTAL AIRPORT, TX US","2014-12-14","11.86",,"66","76","58","  140"
"USW00012960","HOUSTON INTERCONTINENTAL AIRPORT, TX US","2014-12-15","8.28",,"72","80","59","  270"
"USW00012960","HOUSTON INTERCONTINENTAL AIRPORT, TX US","2014-12-16","7.16",,"60","66","48","   20"
"USW00012960","HOUSTON INTERCONTINENTAL AIRPORT, TX US","2014-12-17","8.72",,"52","64","44","  120"
"USW00012960","HOUSTON INTERCONTINENTAL AIRPORT, TX US","2014-12-18","6.93",,"61","70","57","   50"
"USW00012960","HOUSTON INTERCONTINENTAL AIRPORT, TX US","2014-12-19","10.51",,"58","59","52","  360"
"USW00012960","HOUSTON INTERCONTINENTAL AIRPORT, TX US","2014-12-20","7.61",,"53","54","50","   20"
"USW00012960","HOUSTON INTERCONTINENTAL AIRPORT, TX US","2014-12-21","6.26",,"53","61","48","  210"
"USW00012960","HOUSTON INTERCONTINENTAL AIRPORT, TX US","2014-12-22","6.26",,"61","72","55","  220"
"USW00012960","HOUSTON INTERCONTINENTAL AIRPORT, TX US","2014-12-23","11.41",,"59","60","48","   10"
"USW00012960","HOUSTON INTERCONTINENTAL AIRPORT, TX US","2014-12-24","6.93",,"48","55","37","  280"
"USW00012960","HOUSTON INTERCONTINENTAL AIRPORT, TX US","2014-12-25","7.38",,"47","66","34","  160"
"USW00012960","HOUSTON INTERCONTINENTAL AIRPORT, TX US","2014-12-26","8.28",,"62","71","51","  150"
"USW00012960","HOUSTON INTERCONTINENTAL AIRPORT, TX US","2014-12-27","10.29",,"66","74","46","  360"
"USW00012960","HOUSTON INTERCONTINENTAL AIRPORT, TX US","2014-12-28","8.50",,"44","46","41","  350"
"USW00012960","HOUSTON INTERCONTINENTAL AIRPORT, TX US","2014-12-29","4.03",,"42","48","39","   90"
"USW00012960","HOUSTON INTERCONTINENTAL AIRPORT, TX US","2014-12-30","10.51",,"48","53","38","   30"
"USW00012960","HOUSTON INTERCONTINENTAL AIRPORT, TX US","2014-12-31","10.74",,"42","46","37","   10"
"USW00012960","HOUSTON INTERCONTINENTAL AIRPORT, TX US","2015-01-01","8.72",,"43","47","41","   50"
"USW00012960","HOUSTON INTERCONTINENTAL AIRPORT, TX US","2015-01-02","5.82",,"49","54","47","   60"
"USW00012960","HOUSTON INTERCONTINENTAL AIRPORT, TX US","2015-01-03","4.70",,"50","53","41","  300"
"USW00012960","HOUSTON INTERCONTINENTAL AIRPORT, TX US","2015-01-04","10.74",,"45","56","36","  360"
"USW00012960","HOUSTON INTERCONTINENTAL AIRPORT, TX US","2015-01-05","4.47",,"40","54","31","   30"
"USW00012960","HOUSTON INTERCONTINENTAL AIRPORT, TX US","2015-01-06","1.34",,"45","65","34","  210"
"USW00012960","HOUSTON INTERCONTINENTAL AIRPORT, TX US","2015-01-07","10.29",,"50","62","39","  350"
"USW00012960","HOUSTON INTERCONTINENTAL AIRPORT, TX US","2015-01-08","6.71",,"38","42","28","   30"
"USW00012960","HOUSTON INTERCONTINENTAL AIRPORT, TX US","2015-01-09","7.83",,"38","40","37","   20"
"USW00012960","HOUSTON INTERCONTINENTAL AIRPORT, TX US","2015-01-10","8.50",,"38","41","37",
"USW00012960","HOUSTON INTERCONTINENTAL AIRPORT, TX US","2015-01-11","5.14",,"42","49","39","  270"
"USW00012960","HOUSTON INTERCONTINENTAL AIRPORT, TX US","2015-01-12","9.84",,"47","49","43","  360"
"USW00012960","HOUSTON INTERCONTINENTAL AIRPORT, TX US","2015-01-13","8.95",,"45","46","43","   20"
"USW00012960","HOUSTON INTERCONTINENTAL AIRPORT, TX US","2015-01-14","8.05",,"43","45","39","   30"
"USW00012960","HOUSTON INTERCONTINENTAL AIRPORT, TX US","2015-01-15","6.04",,"44","54","39","  340"
"USW00012960","HOUSTON INTERCONTINENTAL AIRPORT, TX US","2015-01-16","1.57",,"46","61","33","  190"
"USW00012960","HOUSTON INTERCONTINENTAL AIRPORT, TX US","2015-01-17","3.80",,"52","69","37","  230"
"USW00012960","HOUSTON INTERCONTINENTAL AIRPORT, TX US","2015-01-18","4.25",,"56","71","43","  350"
"USW00012960","HOUSTON INTERCONTINENTAL AIRPORT, TX US","2015-01-19","4.92",,"53","72","34","  120"
"USW00012960","HOUSTON INTERCONTINENTAL AIRPORT, TX US","2015-01-20","3.58",,"58","76","45","  130"
"USW00012960","HOUSTON INTERCONTINENTAL AIRPORT, TX US","2015-01-21","8.28",,"60","67","57","  110"
"USW00012960","HOUSTON INTERCONTINENTAL AIRPORT, TX US","2015-01-22","14.99",,"56","60","44","   50"
"USW00012960","HOUSTON INTERCONTINENTAL AIRPORT, TX US","2015-01-23","11.86",,"44","44","39","  350"
"USW00012960","HOUSTON INTERCONTINENTAL AIRPORT, TX US","2015-01-24","4.92",,"45","62","35","  270"
"USW00012960","HOUSTON INTERCONTINENTAL AIRPORT, TX US","2015-01-25","8.05",,"54","70","40","  320"
"USW00012960","HOUSTON INTERCONTINENTAL AIRPORT, TX US","2015-01-26","5.82",,"57","67","44","  360"
"USW00012960","HOUSTON INTERCONTINENTAL AIRPORT, TX US","2015-01-27","3.36",,"60","81","47","  290"
"USW00012960","HOUSTON INTERCONTINENTAL AIRPORT, TX US","2015-01-28","4.70",,"59","79","43","  140"
"USW00012960","HOUSTON INTERCONTINENTAL AIRPORT, TX US","2015-01-29","4.47",,"63","75","49","   10"
"USW00012960","HOUSTON INTERCONTINENTAL AIRPORT, TX US","2015-01-30","8.95",,"59","65","45","   10"
"USW00012960","HOUSTON INTERCONTINENTAL AIRPORT, TX US","2015-01-31","10.51",,"51","63","42","  130"
"USW00012960","HOUSTON INTERCONTINENTAL AIRPORT, TX US","2015-02-01","11.41",,"66","77","48","  340"
"USW00012960","HOUSTON INTERCONTINENTAL AIRPORT, TX US","2015-02-02","11.86",,"47","50","36","   10"
"USW00012960","HOUSTON INTERCONTINENTAL AIRPORT, TX US","2015-02-03","3.80",,"43","46","41","  120"
"USW00012960","HOUSTON INTERCONTINENTAL AIRPORT, TX US","2015-02-04","4.03",,"47","61","42","   80"
"USW00012960","HOUSTON INTERCONTINENTAL AIRPORT, TX US","2015-02-05","9.84",,"51","55","41","  340"
"USW00012960","HOUSTON INTERCONTINENTAL AIRPORT, TX US","2015-02-06","3.80",,"45","56","41","  160"
"USW00012960","HOUSTON INTERCONTINENTAL AIRPORT, TX US","2015-02-07","6.49",,"52","69","37","  220"
"USW00012960","HOUSTON INTERCONTINENTAL AIRPORT, TX US","2015-02-08","6.71",,"64","77","54","  190"
"USW00012960","HOUSTON INTERCONTINENTAL AIRPORT, TX US","2015-02-09","5.82",,"68","83","54","   20"
"USW00012960","HOUSTON INTERCONTINENTAL AIRPORT, TX US","2015-02-10","6.04",,"62","74","43","  130"
"USW00012960","HOUSTON INTERCONTINENTAL AIRPORT, TX US","2015-02-11","4.25",,"58","75","44","  100"
"USW00012960","HOUSTON INTERCONTINENTAL AIRPORT, TX US","2015-02-12","8.72",,"57","66","46","   30"
"USW00012960","HOUSTON INTERCONTINENTAL AIRPORT, TX US","2015-02-13","5.37",,"52","66","39","  140"
"USW00012960","HOUSTON INTERCONTINENTAL AIRPORT, TX US","2015-02-14","4.03",,"58","78","43","  290"
"USW00012960","HOUSTON INTERCONTINENTAL AIRPORT, TX US","2015-02-15","6.49",,"63","71","51","  160"
"USW00012960","HOUSTON INTERCONTINENTAL AIRPORT, TX US","2015-02-16","12.75",,"60","68","37","  320"
"USW00012960","HOUSTON INTERCONTINENTAL AIRPORT, TX US","2015-02-17","9.40",,"40","54","34","   10"
"USW00012960","HOUSTON INTERCONTINENTAL AIRPORT, TX US","2015-02-18","3.36",,"45","64","33","  290"
"USW00012960","HOUSTON INTERCONTINENTAL AIRPORT, TX US","2015-02-19","8.05",,"49","64","37","  140"
"USW00012960","HOUSTON INTERCONTINENTAL AIRPORT, TX US","2015-02-20","13.87",,"61","69","52","  170"
"USW00012960","HOUSTON INTERCONTINENTAL AIRPORT, TX US","2015-02-21","8.50",,"69","75","65","  220"
"USW00012960","HOUSTON INTERCONTINENTAL AIRPORT, TX US","2015-02-22","8.50",,"68","80","45","   10"
"USW00012960","HOUSTON INTERCONTINENTAL AIRPORT, TX US","2015-02-23","13.87",,"44","46","34","   30"
"USW00012960","HOUSTON INTERCONTINENTAL AIRPORT, TX US","2015-02-24","6.93",,"36","43","33","  350"
"USW00012960","HOUSTON INTERCONTINENTAL AIRPORT, TX US","2015-02-25","7.16",,"41","50","33","  320"
"USW00012960","HOUSTON INTERCONTINENTAL AIRPORT, TX US","2015-02-26","10.51",,"40","55","31","   20"
"USW00012960","HOUSTON INTERCONTINENTAL AIRPORT, TX US","2015-02-27","9.84",,"40","46","37","   70"
"USW00012960","HOUSTON INTERCONTINENTAL AIRPORT, TX US","2015-02-28","8.50",,"45","57","37","  100"
"USW00012960","HOUSTON INTERCONTINENTAL AIRPORT, TX US","2015-03-01","6.71",,"54","59","49","   10"
"USW00012960","HOUSTON INTERCONTINENTAL AIRPORT, TX US","2015-03-02","6.49",,"52","60","48","  330"
"USW00012960","HOUSTON INTERCONTINENTAL AIRPORT, TX US","2015-03-03","8.50",,"62","80","56","  160"
"USW00012960","HOUSTON INTERCONTINENTAL AIRPORT, TX US","2015-03-04","10.51",,"73","83","43","  330"
"USW00012960","HOUSTON INTERCONTINENTAL AIRPORT, TX US","2015-03-05","17.22",,"47","51","36","   10"
"USW00012960","HOUSTON INTERCONTINENTAL AIRPORT, TX US","2015-03-06","4.92",,"41","57","30","   40"
"USW00012960","HOUSTON INTERCONTINENTAL AIRPORT, TX US","2015-03-07","2.91",,"46","60","35","  130"
"USW00012960","HOUSTON INTERCONTINENTAL AIRPORT, TX US","2015-03-08","6.71",,"49","53","45","   70"
"USW00012960","HOUSTON INTERCONTINENTAL AIRPORT, TX US","2015-03-09","8.50",,"55","66","50","  140"
"USW00012960","HOUSTON INTERCONTINENTAL AIRPORT, TX US","2015-03-10","7.16",,"57","60","53","  310"
"USW00012960","HOUSTON INTERCONTINENTAL AIRPORT, TX US","2015-03-11","10.29",,"56","62","53","   10"
"USW00012960","HOUSTON INTERCONTINENTAL AIRPORT, TX US","2015-03-12","8.50",,"58","62","55","  360"
"USW00012960","HOUSTON INTERCONTINENTAL AIRPORT, TX US","2015-03-13","4.92",,"59","66","55","  300"
"USW00012960","HOUSTON INTERCONTINENTAL AIRPORT, TX US","2015-03-14","4.92",,"62","77","51","  360"
"USW00012960","HOUSTON INTERCONTINENTAL AIRPORT, TX US","2015-03-15","3.80",,"63","73","55","  350"
"USW00012960","HOUSTON INTERCONTINENTAL AIRPORT, TX US","2015-03-16","5.14",,"65","77","57","  120"
"USW00012960","HOUSTON INTERCONTINENTAL AIRPORT, TX US","2015-03-17","2.46",,"69","82","58","  230"
"USW00012960","HOUSTON INTERCONTINENTAL AIRPORT, TX US","2015-03-18","4.70",,"71","82","65","  140"
"USW00012960","HOUSTON INTERCONTINENTAL AIRPORT, TX US","2015-03-19","3.80",,"71","79","66","  130"
"USW00012960","HOUSTON INTERCONTINENTAL AIRPORT, TX US","2015-03-20","5.14",,"71","82","66","  140"
"USW00012960","HOUSTON INTERCONTINENTAL AIRPORT, TX US","2015-03-21","6.93",,"67","66","64","   40"
"USW00012960","HOUSTON INTERCONTINENTAL AIRPORT, TX US","2015-03-22","6.93",,"66","76","60","  320"
"USW00012960","HOUSTON INTERCONTINENTAL AIRPORT, TX US","2015-03-23","5.14",,"65","80","55","   30"
"USW00012960","HOUSTON INTERCONTINENTAL AIRPORT, TX US","2015-03-24","6.26",,"66","80","53","  130"
"USW00012960","HOUSTON INTERCONTINENTAL AIRPORT, TX US","2015-03-25","7.16",,"68","80","56","  140"
"USW00012960","HOUSTON INTERCONTINENTAL AIRPORT, TX US","2015-03-26","9.84",,"65","69","54","  340"
"USW00012960","HOUSTON INTERCONTINENTAL AIRPORT, TX US","2015-03-27","5.59",,"61","80","44","  300"
"USW00012960","HOUSTON INTERCONTINENTAL AIRPORT, TX US","2015-03-28","6.71",,"65","82","47","  170"
"USW00012960","HOUSTON INTERCONTINENTAL AIRPORT, TX US","2015-03-29","9.40",,"69","82","57","  180"
"USW00012960","HOUSTON INTERCONTINENTAL AIRPORT, TX US","2015-03-30","6.04",,"71","83","61","  160"
"USW00012960","HOUSTON INTERCONTINENTAL AIRPORT, TX US","2015-03-31","6.71",,"72","83","64","  210"
"USW00012960","HOUSTON INTERCONTINENTAL AIRPORT, TX US","2015-04-01","7.61",,"74","79","69","  160"
"USW00012960","HOUSTON INTERCONTINENTAL AIRPORT, TX US","2015-04-02","10.29",,"75","84","69","  180"
"USW00012960","HOUSTON INTERCONTINENTAL AIRPORT, TX US","2015-04-03","7.38",,"76","82","71","  360"
"USW00012960","HOUSTON INTERCONTINENTAL AIRPORT, TX US","2015-04-04","11.86",,"70","73","61","   30"
"USW00012960","HOUSTON INTERCONTINENTAL AIRPORT, TX US","2015-04-05","7.61",,"63","67","57","  100"
"USW00012960","HOUSTON INTERCONTINENTAL AIRPORT, TX US","2015-04-06","9.17",,"71","82","67","  150"
"USW00012960","HOUSTON INTERCONTINENTAL AIRPORT, TX US","2015-04-07","9.17",,"76","87","70","  160"
"USW00012960","HOUSTON INTERCONTINENTAL AIRPORT, TX US","2015-04-08","9.40",,"77","84","71","  170"
"USW00012960","HOUSTON INTERCONTINENTAL AIRPORT, TX US","2015-04-09","9.62",,"77","86","70","  160"
"USW00012960","HOUSTON INTERCONTINENTAL AIRPORT, TX US","2015-04-10","5.82",,"70","74","61","  350"
"USW00012960","HOUSTON INTERCONTINENTAL AIRPORT, TX US","2015-04-11","6.04",,"67","77","63","  140"
"USW00012960","HOUSTON INTERCONTINENTAL AIRPORT, TX US","2015-04-12","8.50",,"72","80","68","  130"
"USW00012960","HOUSTON INTERCONTINENTAL AIRPORT, TX US","2015-04-13","6.49",,"76","86","71","  220"
"USW00012960","HOUSTON INTERCONTINENTAL AIRPORT, TX US","2015-04-14","5.14",,"73","76","64","  150"
"USW00012960","HOUSTON INTERCONTINENTAL AIRPORT, TX US","2015-04-15","4.92",,"68","81","60","  150"
"USW00012960","HOUSTON INTERCONTINENTAL AIRPORT, TX US","2015-04-16","7.16",,"72","82","65","  120"
"USW00012960","HOUSTON INTERCONTINENTAL AIRPORT, TX US","2015-04-17","10.51",,"71","83","64","  120"
"USW00012960","HOUSTON INTERCONTINENTAL AIRPORT, TX US","2015-04-18","6.49",,"72","78","66","  310"
"USW00012960","HOUSTON INTERCONTINENTAL AIRPORT, TX US","2015-04-19","6.04",,"71","86","58","  330"
"USW00012960","HOUSTON INTERCONTINENTAL AIRPORT, TX US","2015-04-20","8.72",,"66","74","59","   30"
"USW00012960","HOUSTON INTERCONTINENTAL AIRPORT, TX US","2015-04-21","8.50",,"67","79","56","  140"
"USW00012960","HOUSTON INTERCONTINENTAL AIRPORT, TX US","2015-04-22","6.49",,"73","84","67","  130"
"USW00012960","HOUSTON INTERCONTINENTAL AIRPORT, TX US","2015-04-23","4.47",,"76","88","69","  130"
"USW00012960","HOUSTON INTERCONTINENTAL AIRPORT, TX US","2015-04-24","6.93",,"77","85","71","  160"
"USW00012960","HOUSTON INTERCONTINENTAL AIRPORT, TX US","2015-04-25","7.16",,"78","88","67","  270"
"USW00012960","HOUSTON INTERCONTINENTAL AIRPORT, TX US","2015-04-26","6.49",,"76","85","67","  140"
"USW00012960","HOUSTON INTERCONTINENTAL AIRPORT, TX US","2015-04-27","10.29",,"74","78","66","  310"
"USW00012960","HOUSTON INTERCONTINENTAL AIRPORT, TX US","2015-04-28","9.84",,"67","71","56","  360"
"USW00012960","HOUSTON INTERCONTINENTAL AIRPORT, TX US","2015-04-29","7.61",,"62","78","52","   10"
"USW00012960","HOUSTON INTERCONTINENTAL AIRPORT, TX US","2015-04-30","3.36",,"68","82","53","  140"
"USW00012960","HOUSTON INTERCONTINENTAL AIRPORT, TX US","2015-05-01","3.13",,"71","84","57","   30"
"USW00012960","HOUSTON INTERCONTINENTAL AIRPORT, TX US","2015-05-02","4.03",,"71","83","57","  140"
"USW00012960","HOUSTON INTERCONTINENTAL AIRPORT, TX US","2015-05-03","7.61",,"71","83","57","  130"
"USW00012960","HOUSTON INTERCONTINENTAL AIRPORT, TX US","2015-05-04","7.61",,"73","84","61","  150"
"USW00012960","HOUSTON INTERCONTINENTAL AIRPORT, TX US","2015-05-05","14.76",,"72","82","63","  150"
"USW00012960","HOUSTON INTERCONTINENTAL AIRPORT, TX US","2015-05-06","13.42",,"76","83","73","  140"
"USW00012960","HOUSTON INTERCONTINENTAL AIRPORT, TX US","2015-05-07","13.20",,"78","85","74","  150"
"USW00012960","HOUSTON INTERCONTINENTAL AIRPORT, TX US","2015-05-08","12.30",,"79","85","77","  140"
"USW00012960","HOUSTON INTERCONTINENTAL AIRPORT, TX US","2015-05-09","14.54",,"80","87","76","  150"
"USW00012960","HOUSTON INTERCONTINENTAL AIRPORT, TX US","2015-05-10","15.21",,"80","87","77","  150"
"USW00012960","HOUSTON INTERCONTINENTAL AIRPORT, TX US","2015-05-11","8.72",,"76","80","69","   70"
"USW00012960","HOUSTON INTERCONTINENTAL AIRPORT, TX US","2015-05-12","6.71",,"72","79","69","  100"
"USW00012960","HOUSTON INTERCONTINENTAL AIRPORT, TX US","2015-05-13","7.83",,"73","81","68","  140"
"USW00012960","HOUSTON INTERCONTINENTAL AIRPORT, TX US","2015-05-14","6.93",,"75","87","72","  130"
"USW00012960","HOUSTON INTERCONTINENTAL AIRPORT, TX US","2015-05-15","6.26",,"76","84","73","  140"
"USW00012960","HOUSTON INTERCONTINENTAL AIRPORT, TX US","2015-05-16","11.18",,"79","89","73","  150"
"USW00012960","HOUSTON INTERCONTINENTAL AIRPORT, TX US","2015-05-17","7.61",,"79","85","71","  160"
"USW00012960","HOUSTON INTERCONTINENTAL AIRPORT, TX US","2015-05-18","7.38",,"79","86","73","   80"
"USW00012960","HOUSTON INTERCONTINENTAL AIRPORT, TX US","2015-05-19","8.72",,"77","86","73","  140"
"USW00012960","HOUSTON INTERCONTINENTAL AIRPORT, TX US","2015-05-20","4.92",,"78","89","73","   20"
"USW00012960","HOUSTON INTERCONTINENTAL AIRPORT, TX US","2015-05-21","5.37",,"76","82","71","  340"
"USW00012960","HOUSTON INTERCONTINENTAL AIRPORT, TX US","2015-05-22","10.29",,"71","79","65","  120"
"USW00012960","HOUSTON INTERCONTINENTAL AIRPORT, TX US","2015-05-23","9.17",,"77","85","73","  140"
"USW00012960","HOUSTON INTERCONTINENTAL AIRPORT, TX US","2015-05-24","9.40",,"77","81","69","  190"
"USW00012960","HOUSTON INTERCONTINENTAL AIRPORT, TX US","2015-05-25","11.41",,"78","88","66","  140"
"USW00012960","HOUSTON INTERCONTINENTAL AIRPORT, TX US","2015-05-26","11.18",,"75","85","66","  150"
"USW00012960","HOUSTON INTERCONTINENTAL AIRPORT, TX US","2015-05-27","6.71",,"77","86","65","   40"
"USW00012960","HOUSTON INTERCONTINENTAL AIRPORT, TX US","2015-05-28","7.61",,"79","90","70","  140"
"USW00012960","HOUSTON INTERCONTINENTAL AIRPORT, TX US","2015-05-29","6.71",,"79","89","70","  260"
"USW00012960","HOUSTON INTERCONTINENTAL AIRPORT, TX US","2015-05-30","5.82",,"79","91","69","  240"
"USW00012960","HOUSTON INTERCONTINENTAL AIRPORT, TX US","2015-05-31","4.92",,"74","87","69","  360"
"USW00012960","HOUSTON INTERCONTINENTAL AIRPORT, TX US","2015-06-01","3.80",,"77","89","66","  360"
"USW00012960","HOUSTON INTERCONTINENTAL AIRPORT, TX US","2015-06-02","3.80",,"78","90","68","   20"
"USW00012960","HOUSTON INTERCONTINENTAL AIRPORT, TX US","2015-06-03","2.91",,"79","91","69","  140"
"USW00012960","HOUSTON INTERCONTINENTAL AIRPORT, TX US","2015-06-04","3.80",,"80","90","69","  130"
"USW00012960","HOUSTON INTERCONTINENTAL AIRPORT, TX US","2015-06-05","3.13",,"82","92","72","   70"
"USW00012960","HOUSTON INTERCONTINENTAL AIRPORT, TX US","2015-06-06","2.46",,"83","93","72","  120"
"USW00012960","HOUSTON INTERCONTINENTAL AIRPORT, TX US","2015-06-07","3.58",,"83","93","72","  170"
"USW00012960","HOUSTON INTERCONTINENTAL AIRPORT, TX US","2015-06-08","2.91",,"82","93","72","  150"
"USW00012960","HOUSTON INTERCONTINENTAL AIRPORT, TX US","2015-06-09","3.80",,"83","93","74","  270"
"USW00012960","HOUSTON INTERCONTINENTAL AIRPORT, TX US","2015-06-10","4.92",,"84","94","74","  150"
"USW00012960","HOUSTON INTERCONTINENTAL AIRPORT, TX US","2015-06-11","6.49",,"84","94","73","  150"
"USW00012960","HOUSTON INTERCONTINENTAL AIRPORT, TX US","2015-06-12","8.95",,"83","92","74","  150"
"USW00012960","HOUSTON INTERCONTINENTAL AIRPORT, TX US","2015-06-13","10.51",,"80","86","74","  130"
"USW00012960","HOUSTON INTERCONTINENTAL AIRPORT, TX US","2015-06-14","9.40",,"80","88","74","  140"
"USW00012960","HOUSTON INTERCONTINENTAL AIRPORT, TX US","2015-06-15","10.51",,"80","90","75","   80"
"USW00012960","HOUSTON INTERCONTINENTAL AIRPORT, TX US","2015-06-16","12.53",,"77","80","75","  140"
"USW00012960","HOUSTON INTERCONTINENTAL AIRPORT, TX US","2015-06-17","10.74",,"79","84","76","  150"
"USW00012960","HOUSTON INTERCONTINENTAL AIRPORT, TX US","2015-06-18","5.14",,"81","86","76","  180"
"USW00012960","HOUSTON INTERCONTINENTAL AIRPORT, TX US","2015-06-19","3.58",,"82","90","76","  150"
"USW00012960","HOUSTON INTERCONTINENTAL AIRPORT, TX US","2015-06-20","6.49",,"82","90","77","  160"
"USW00012960","HOUSTON INTERCONTINENTAL AIRPORT, TX US","2015-06-21","7.61",,"84","93","78","  150"
"USW00012960","HOUSTON INTERCONTINENTAL AIRPORT, TX US","2015-06-22","5.37",,"84","92","76","  160"
"USW00012960","HOUSTON INTERCONTINENTAL AIRPORT, TX US","2015-06-23","5.82",,"83","92","76","  130"
"USW00012960","HOUSTON INTERCONTINENTAL AIRPORT, TX US","2015-06-24","4.03",,"83","93","74","  140"
"USW00012960","HOUSTON INTERCONTINENTAL AIRPORT, TX US","2015-06-25","4.03",,"84","94","75","  170"
"USW00012960","HOUSTON INTERCONTINENTAL AIRPORT, TX US","2015-06-26","4.25",,"83","94","77","  230"
"USW00012960","HOUSTON INTERCONTINENTAL AIRPORT, TX US","2015-06-27","6.04",,"84","93","73","   30"
"USW00012960","HOUSTON INTERCONTINENTAL AIRPORT, TX US","2015-06-28","4.92",,"79","90","73","  280"
"USW00012960","HOUSTON INTERCONTINENTAL AIRPORT, TX US","2015-06-29","5.82",,"83","92","76","  170"
"USW00012960","HOUSTON INTERCONTINENTAL AIRPORT, TX US","2015-06-30","4.92",,"82","92","72","  120"
"USW00012960","HOUSTON INTERCONTINENTAL AIRPORT, TX US","2015-07-01","4.03",,"76","89","71","  220"
"USW00012960","HOUSTON INTERCONTINENTAL AIRPORT, TX US","2015-07-02","5.59",,"79","92","71","  150"
"USW00012960","HOUSTON INTERCONTINENTAL AIRPORT, TX US","2015-07-03","6.49",,"83","94","75","  150"
"USW00012960","HOUSTON INTERCONTINENTAL AIRPORT, TX US","2015-07-04","6.71",,"84","92","78","  170"
"USW00012960","HOUSTON INTERCONTINENTAL AIRPORT, TX US","2015-07-05","7.83",,"85","93","77","  160"
"USW00012960","HOUSTON INTERCONTINENTAL AIRPORT, TX US","2015-07-06","10.51",,"85","92","80","  150"
"USW00012960","HOUSTON INTERCONTINENTAL AIRPORT, TX US","2015-07-07","10.96",,"85","92","79","  150"
"USW00012960","HOUSTON INTERCONTINENTAL AIRPORT, TX US","2015-07-08","10.96",,"85","93","80","  160"
"USW00012960","HOUSTON INTERCONTINENTAL AIRPORT, TX US","2015-07-09","7.61",,"85","94","76","  140"
"USW00012960","HOUSTON INTERCONTINENTAL AIRPORT, TX US","2015-07-10","4.92",,"83","93","74","  140"
"USW00012960","HOUSTON INTERCONTINENTAL AIRPORT, TX US","2015-07-11","6.49",,"83","93","75","  150"
"USW00012960","HOUSTON INTERCONTINENTAL AIRPORT, TX US","2015-07-12","3.80",,"85","95","76","  150"
"USW00012960","HOUSTON INTERCONTINENTAL AIRPORT, TX US","2015-07-13","5.37",,"85","96","76","  170"
"USW00012960","HOUSTON INTERCONTINENTAL AIRPORT, TX US","2015-07-14","6.04",,"86","96","77","  220"
"USW00012960","HOUSTON INTERCONTINENTAL AIRPORT, TX US","2015-07-15","5.82",,"85","96","74","  140"
"USW00012960","HOUSTON INTERCONTINENTAL AIRPORT, TX US","2015-07-16","6.26",,"86","96","76","  130"
"USW00012960","HOUSTON INTERCONTINENTAL AIRPORT, TX US","2015-07-17","4.92",,"85","95","77","  170"
"USW00012960","HOUSTON INTERCONTINENTAL AIRPORT, TX US","2015-07-18","7.16",,"87","97","80","  110"
"USW00012960","HOUSTON INTERCONTINENTAL AIRPORT, TX US","2015-07-19","4.25",,"86","97","75","  150"
"USW00012960","HOUSTON INTERCONTINENTAL AIRPORT, TX US","2015-07-20","4.92",,"86","97","77","  150"
"USW00012960","HOUSTON INTERCONTINENTAL AIRPORT, TX US","2015-07-21","6.26",,"85","95","76","  130"
"USW00012960","HOUSTON INTERCONTINENTAL AIRPORT, TX US","2015-07-22","7.16",,"86","96","78","  160"
"USW00012960","HOUSTON INTERCONTINENTAL AIRPORT, TX US","2015-07-23","7.61",,"87","98","77","  260"
"USW00012960","HOUSTON INTERCONTINENTAL AIRPORT, TX US","2015-07-24","5.82",,"87","98","75","  150"
"USW00012960","HOUSTON INTERCONTINENTAL AIRPORT, TX US","2015-07-25","4.92",,"86","99","75","  130"
"USW00012960","HOUSTON INTERCONTINENTAL AIRPORT, TX US","2015-07-26","4.92",,"87","99","78","  180"
"USW00012960","HOUSTON INTERCONTINENTAL AIRPORT, TX US","2015-07-27","5.14",,"88","98","80","  150"
"USW00012960","HOUSTON INTERCONTINENTAL AIRPORT, TX US","2015-07-28","6.49",,"87","100","76","  130"
"USW00012960","HOUSTON INTERCONTINENTAL AIRPORT, TX US","2015-07-29","2.91",,"87","100","75","  160"
"USW00012960","HOUSTON INTERCONTINENTAL AIRPORT, TX US","2015-07-30","5.14",,"89","101","79","   50"
"USW00012960","HOUSTON INTERCONTINENTAL AIRPORT, TX US","2015-07-31","7.16",,"86","99","78","   40"
"USW00012960","HOUSTON INTERCONTINENTAL AIRPORT, TX US","2015-08-01","6.93",,"85","97","72","   50"
"USW00012960","HOUSTON INTERCONTINENTAL AIRPORT, TX US","2015-08-02","4.25",,"85","99","72","  100"
"USW00012960","HOUSTON INTERCONTINENTAL AIRPORT, TX US","2015-08-03","4.25",,"86","99","73","  180"
"USW00012960","HOUSTON INTERCONTINENTAL AIRPORT, TX US","2015-08-04","4.47",,"85","98","75","  180"
"USW00012960","HOUSTON INTERCONTINENTAL AIRPORT, TX US","2015-08-05","8.05",,"87","99","80","  140"
"USW00012960","HOUSTON INTERCONTINENTAL AIRPORT, TX US","2015-08-06","7.61",,"88","100","78","  180"
"USW00012960","HOUSTON INTERCONTINENTAL AIRPORT, TX US","2015-08-07","6.71",,"88","100","77","  140"
"USW00012960","HOUSTON INTERCONTINENTAL AIRPORT, TX US","2015-08-08","6.71",,"88","100","78","  140"
"USW00012960","HOUSTON INTERCONTINENTAL AIRPORT, TX US","2015-08-09","5.14",,"88","102","77","  160"
"USW00012960","HOUSTON INTERCONTINENTAL AIRPORT, TX US","2015-08-10","5.14",,"88","102","79","  120"
"USW00012960","HOUSTON INTERCONTINENTAL AIRPORT, TX US","2015-08-11","6.93",,"90","106","77","   30"
"USW00012960","HOUSTON INTERCONTINENTAL AIRPORT, TX US","2015-08-12","3.58",,"84","99","74","   30"
"USW00012960","HOUSTON INTERCONTINENTAL AIRPORT, TX US","2015-08-13","5.14",,"88","99","77","  120"
"USW00012960","HOUSTON INTERCONTINENTAL AIRPORT, TX US","2015-08-14","4.70",,"88","100","77","   50"
"USW00012960","HOUSTON INTERCONTINENTAL AIRPORT, TX US","2015-08-15","7.16",,"85","99","73","  110"
"USW00012960","HOUSTON INTERCONTINENTAL AIRPORT, TX US","2015-08-16","4.25",,"83","96","73","  100"
"USW00012960","HOUSTON INTERCONTINENTAL AIRPORT, TX US","2015-08-17","5.82",,"79","94","71","  140"
"USW00012960","HOUSTON INTERCONTINENTAL AIRPORT, TX US","2015-08-18","7.38",,"85","95","77","  110"
"USW00012960","HOUSTON INTERCONTINENTAL AIRPORT, TX US","2015-08-19","6.49",,"82","90","76","  150"
"USW00012960","HOUSTON INTERCONTINENTAL AIRPORT, TX US","2015-08-20","6.71",,"77","79","73","  130"
"USW00012960","HOUSTON INTERCONTINENTAL AIRPORT, TX US","2015-08-21","4.92",,"77","88","73","  110"
"USW00012960","HOUSTON INTERCONTINENTAL AIRPORT, TX US","2015-08-22","5.82",,"82","93","76","  150"
"USW00012960","HOUSTON INTERCONTINENTAL AIRPORT, TX US","2015-08-23","3.13",,"86","98","76","  170"
"USW00012960","HOUSTON INTERCONTINENTAL AIRPORT, TX US","2015-08-24","3.58",,"87","97","79","   20"
"USW00012960","HOUSTON INTERCONTINENTAL AIRPORT, TX US","2015-08-25","4.70",,"83","94","73","   10"
"USW00012960","HOUSTON INTERCONTINENTAL AIRPORT, TX US","2015-08-26","4.47",,"79","90","71","   90"
"USW00012960","HOUSTON INTERCONTINENTAL AIRPORT, TX US","2015-08-27","2.91",,"80","93","69","  350"
"USW00012960","HOUSTON INTERCONTINENTAL AIRPORT, TX US","2015-08-28","2.46",,"80","92","70","  160"
"USW00012960","HOUSTON INTERCONTINENTAL AIRPORT, TX US","2015-08-29","3.80",,"80","90","69","  120"
"USW00012960","HOUSTON INTERCONTINENTAL AIRPORT, TX US","2015-08-30","2.91",,"79","91","69","  110"
"USW00012960","HOUSTON INTERCONTINENTAL AIRPORT, TX US","2015-08-31","4.92",,"79","89","71","  130"
"USW00012960","HOUSTON INTERCONTINENTAL AIRPORT, TX US","2015-09-01","4.92",,"76","81","72","  340"
"USW00012960","HOUSTON INTERCONTINENTAL AIRPORT, TX US","2015-09-02","6.49",,"78","89","73","  100"
"USW00012960","HOUSTON INTERCONTINENTAL AIRPORT, TX US","2015-09-03","5.82",,"79","92","73","  110"
"USW00012960","HOUSTON INTERCONTINENTAL AIRPORT, TX US","2015-09-04","3.36",,"81","91","74","  210"
"USW00012960","HOUSTON INTERCONTINENTAL AIRPORT, TX US","2015-09-05","2.91",,"81","91","74","  250"
"USW00012960","HOUSTON INTERCONTINENTAL AIRPORT, TX US","2015-09-06","3.13",,"83","96","75","  170"
"USW00012960","HOUSTON INTERCONTINENTAL AIRPORT, TX US","2015-09-07","4.47",,"85","94","76","  160"
"USW00012960","HOUSTON INTERCONTINENTAL AIRPORT, TX US","2015-09-08","5.14",,"82","92","74","  110"
"USW00012960","HOUSTON INTERCONTINENTAL AIRPORT, TX US","2015-09-09","3.13",,"81","91","74","  280"
"USW00012960","HOUSTON INTERCONTINENTAL AIRPORT, TX US","2015-09-10","3.58",,"80","89","74","   20"
"USW00012960","HOUSTON INTERCONTINENTAL AIRPORT, TX US","2015-09-11","2.91",,"76","80","73","  120"
"USW00012960","HOUSTON INTERCONTINENTAL AIRPORT, TX US","2015-09-12","7.61",,"78","88","66","   20"
"USW00012960","HOUSTON INTERCONTINENTAL AIRPORT, TX US","2015-09-13","5.82",,"72","84","59","  140"
"USW00012960","HOUSTON INTERCONTINENTAL AIRPORT, TX US","2015-09-14","7.61",,"72","85","59","  120"
"USW00012960","HOUSTON INTERCONTINENTAL AIRPORT, TX US","2015-09-15","9.40",,"79","91","71","  130"
"USW00012960","HOUSTON INTERCONTINENTAL AIRPORT, TX US","2015-09-16","7.16",,"81","91","73","  150"
"USW00012960","HOUSTON INTERCONTINENTAL AIRPORT, TX US","2015-09-17","4.92",,"80","92","71","  120"
"USW00012960","HOUSTON INTERCONTINENTAL AIRPORT, TX US","2015-09-18","4.70",,"79","91","69","  140"
"USW00012960","HOUSTON INTERCONTINENTAL AIRPORT, TX US","2015-09-19","4.03",,"79","91","68","  110"
"USW00012960","HOUSTON INTERCONTINENTAL AIRPORT, TX US","2015-09-20","3.58",,"80","92","70","  130"
"USW00012960","HOUSTON INTERCONTINENTAL AIRPORT, TX US","2015-09-21","4.25",,"81","92","73","  100"
"USW00012960","HOUSTON INTERCONTINENTAL AIRPORT, TX US","2015-09-22","4.70",,"81","92","72","   70"
"USW00012960","HOUSTON INTERCONTINENTAL AIRPORT, TX US","2015-09-23","4.92",,"79","93","68","   60"
"USW00012960","HOUSTON INTERCONTINENTAL AIRPORT, TX US","2015-09-24","4.92",,"77","90","67","  100"
"USW00012960","HOUSTON INTERCONTINENTAL AIRPORT, TX US","2015-09-25","3.80",,"80","93","71","  340"
"USW00012960","HOUSTON INTERCONTINENTAL AIRPORT, TX US","2015-09-26","4.03",,"80","94","68","  120"
"USW00012960","HOUSTON INTERCONTINENTAL AIRPORT, TX US","2015-09-27","5.59",,"74","78","69","  120"
"USW00012960","HOUSTON INTERCONTINENTAL AIRPORT, TX US","2015-09-28","6.49",,"72","76","70",
"USW00012960","HOUSTON INTERCONTINENTAL AIRPORT, TX US","2015-09-29","6.49",,"77","90","69","   50"
"USW00012960","HOUSTON INTERCONTINENTAL AIRPORT, TX US","2015-09-30","5.59",,"80","92","70","  360"
"USW00012960","HOUSTON INTERCONTINENTAL AIRPORT, TX US","2015-10-01","6.49",,"77","90","68","   10"
"USW00012960","HOUSTON INTERCONTINENTAL AIRPORT, TX US","2015-10-02","8.28",,"74","84","60","   60"
"USW00012960","HOUSTON INTERCONTINENTAL AIRPORT, TX US","2015-10-03","4.25",,"69","84","55","   20"
"USW00012960","HOUSTON INTERCONTINENTAL AIRPORT, TX US","2015-10-04","5.59",,"68","84","56","  360"
"USW00012960","HOUSTON INTERCONTINENTAL AIRPORT, TX US","2015-10-05","4.92",,"70","86","57","  360"
"USW00012960","HOUSTON INTERCONTINENTAL AIRPORT, TX US","2015-10-06","2.91",,"76","89","65","   10"
"USW00012960","HOUSTON INTERCONTINENTAL AIRPORT, TX US","2015-10-07","3.13",,"77","91","66","   10"
"USW00012960","HOUSTON INTERCONTINENTAL AIRPORT, TX US","2015-10-08","2.91",,"77","87","69","  130"
"USW00012960","HOUSTON INTERCONTINENTAL AIRPORT, TX US","2015-10-09","3.58",,"78","90","68","   80"
"USW00012960","HOUSTON INTERCONTINENTAL AIRPORT, TX US","2015-10-10","5.82",,"78","90","64","   10"
"USW00012960","HOUSTON INTERCONTINENTAL AIRPORT, TX US","2015-10-11","4.70",,"73","90","60","  140"
"USW00012960","HOUSTON INTERCONTINENTAL AIRPORT, TX US","2015-10-12","6.04",,"79","92","68","  170"
"USW00012960","HOUSTON INTERCONTINENTAL AIRPORT, TX US","2015-10-13","4.70",,"83","95","64","  360"
"USW00012960","HOUSTON INTERCONTINENTAL AIRPORT, TX US","2015-10-14","3.80",,"74","92","56","  130"
"USW00012960","HOUSTON INTERCONTINENTAL AIRPORT, TX US","2015-10-15","4.03",,"74","92","57","  270"
"USW00012960","HOUSTON INTERCONTINENTAL AIRPORT, TX US","2015-10-16","4.70",,"73","91","59","   20"
"USW00012960","HOUSTON INTERCONTINENTAL AIRPORT, TX US","2015-10-17","8.05",,"71","84","59","   60"
"USW00012960","HOUSTON INTERCONTINENTAL AIRPORT, TX US","2015-10-18","6.04",,"67","82","52","  100"
"USW00012960","HOUSTON INTERCONTINENTAL AIRPORT, TX US","2015-10-19","5.59",,"66","81","51","  110"
"USW00012960","HOUSTON INTERCONTINENTAL AIRPORT, TX US","2015-10-20","7.83",,"67","77","58","  110"
"USW00012960","HOUSTON INTERCONTINENTAL AIRPORT, TX US","2015-10-21","11.63",,"74","85","67","  140"
"USW00012960","HOUSTON INTERCONTINENTAL AIRPORT, TX US","2015-10-22","15.66",,"76","86","71","  140"
"USW00012960","HOUSTON INTERCONTINENTAL AIRPORT, TX US","2015-10-23","13.42",,"79","85","76","  160"
"USW00012960","HOUSTON INTERCONTINENTAL AIRPORT, TX US","2015-10-24","11.63",,"76","77","67","   40"
"USW00012960","HOUSTON INTERCONTINENTAL AIRPORT, TX US","2015-10-25","17.22",,"67","68","60","  300"
"USW00012960","HOUSTON INTERCONTINENTAL AIRPORT, TX US","2015-10-26","15.21",,"64","72","61","  350"
"USW00012960","HOUSTON INTERCONTINENTAL AIRPORT, TX US","2015-10-27","5.82",,"69","80","61","  340"
"USW00012960","HOUSTON INTERCONTINENTAL AIRPORT, TX US","2015-10-28","6.93",,"71","86","58","  240"
"USW00012960","HOUSTON INTERCONTINENTAL AIRPORT, TX US","2015-10-29","5.14",,"66","80","53","  140"
"USW00012960","HOUSTON INTERCONTINENTAL AIRPORT, TX US","2015-10-30","17.22",,"71","79","67","  140"
"USW00012960","HOUSTON INTERCONTINENTAL AIRPORT, TX US","2015-10-31","7.38",,"71","76","67","  300"
"USW00012960","HOUSTON INTERCONTINENTAL AIRPORT, TX US","2015-11-01","4.25",,"67","69","63","   70"
"USW00012960","HOUSTON INTERCONTINENTAL AIRPORT, TX US","2015-11-02","4.25",,"66","76","60","  210"
"USW00012960","HOUSTON INTERCONTINENTAL AIRPORT, TX US","2015-11-03","3.80",,"65","77","58","  110"
"USW00012960","HOUSTON INTERCONTINENTAL AIRPORT, TX US","2015-11-04","7.61",,"68","79","60","  140"
"USW00012960","HOUSTON INTERCONTINENTAL AIRPORT, TX US","2015-11-05","9.40",,"74","83","66","  150"
"USW00012960","HOUSTON INTERCONTINENTAL AIRPORT, TX US","2015-11-06","4.92",,"76","83","67","  340"
"USW00012960","HOUSTON INTERCONTINENTAL AIRPORT, TX US","2015-11-07","13.65",,"69","72","55","   10"
"USW00012960","HOUSTON INTERCONTINENTAL AIRPORT, TX US","2015-11-08","8.28",,"60","72","52","   20"
"USW00012960","HOUSTON INTERCONTINENTAL AIRPORT, TX US","2015-11-09","2.01",,"60","74","51","   50"
"USW00012960","HOUSTON INTERCONTINENTAL AIRPORT, TX US","2015-11-10","5.14",,"64","75","55","  130"
"USW00012960","HOUSTON INTERCONTINENTAL AIRPORT, TX US","2015-11-11","10.07",,"75","84","65","  340"
"USW00012960","HOUSTON INTERCONTINENTAL AIRPORT, TX US","2015-11-12","10.07",,"69","74","57","   30"
"USW00012960","HOUSTON INTERCONTINENTAL AIRPORT, TX US","2015-11-13","7.83",,"60","67","51","   60"
"USW00012960","HOUSTON INTERCONTINENTAL AIRPORT, TX US","2015-11-14","6.49",,"58","70","51","  100"
"USW00012960","HOUSTON INTERCONTINENTAL AIRPORT, TX US","2015-11-15","6.93",,"60","74","50","  150"
"USW00012960","HOUSTON INTERCONTINENTAL AIRPORT, TX US","2015-11-16","10.96",,"67","80","61","  140"
"USW00012960","HOUSTON INTERCONTINENTAL AIRPORT, TX US","2015-11-17","11.41",,"70","78","52","  330"
"USW00012960","HOUSTON INTERCONTINENTAL AIRPORT, TX US","2015-11-18","2.91",,"59","72","49","  210"
"USW00012960","HOUSTON INTERCONTINENTAL AIRPORT, TX US","2015-11-19","4.03",,"61","79","49","   90"
"USW00012960","HOUSTON INTERCONTINENTAL AIRPORT, TX US","2015-11-20","6.04",,"60","73","50","  120"
"USW00012960","HOUSTON INTERCONTINENTAL AIRPORT, TX US","2015-11-21","13.20",,"63","68","44","  360"
"USW00012960","HOUSTON INTERCONTINENTAL AIRPORT, TX US","2015-11-22","6.04",,"47","56","36","   50"
"USW00012960","HOUSTON INTERCONTINENTAL AIRPORT, TX US","2015-11-23","2.24",,"45","62","35","  130"
"USW00012960","HOUSTON INTERCONTINENTAL AIRPORT, TX US","2015-11-24","7.38",,"53","67","43","  130"
"USW00012960","HOUSTON INTERCONTINENTAL AIRPORT, TX US","2015-11-25","11.41",,"64","76","54","  130"
"USW00012960","HOUSTON INTERCONTINENTAL AIRPORT, TX US","2015-11-26","14.09",,"70","77","66","  140"
"USW00012960","HOUSTON INTERCONTINENTAL AIRPORT, TX US","2015-11-27","9.84",,"72","76","69","  140"
"USW00012960","HOUSTON INTERCONTINENTAL AIRPORT, TX US","2015-11-28","8.72",,"57","68","47","  330"
"USW00012960","HOUSTON INTERCONTINENTAL AIRPORT, TX US","2015-11-29","6.71",,"48","52","47","  350"
"USW00012960","HOUSTON INTERCONTINENTAL AIRPORT, TX US","2015-11-30","5.14",,"54","61","51","  250"
"USW00012960","HOUSTON INTERCONTINENTAL AIRPORT, TX US","2015-12-01","6.71",,"53","57","50","   20"
"USW00012960","HOUSTON INTERCONTINENTAL AIRPORT, TX US","2015-12-02","5.14",,"54","61","46","  270"
"USW00012960","HOUSTON INTERCONTINENTAL AIRPORT, TX US","2015-12-03","5.82",,"50","62","40","   50"
"USW00012960","HOUSTON INTERCONTINENTAL AIRPORT, TX US","2015-12-04","3.58",,"49","61","38","   90"
"USW00012960","HOUSTON INTERCONTINENTAL AIRPORT, TX US","2015-12-05","0.89",,"48","66","37","   90"
"USW00012960","HOUSTON INTERCONTINENTAL AIRPORT, TX US","2015-12-06","2.24",,"51","70","39","  220"
"USW00012960","HOUSTON INTERCONTINENTAL AIRPORT, TX US","2015-12-07","1.12",,"56","70","45","   50"
"USW00012960","HOUSTON INTERCONTINENTAL AIRPORT, TX US","2015-12-08","3.80",,"56","72","42","  220"
"USW00012960","HOUSTON INTERCONTINENTAL AIRPORT, TX US","2015-12-09","3.58",,"61","75","49","  260"
"USW00012960","HOUSTON INTERCONTINENTAL AIRPORT, TX US","2015-12-10","7.16",,"65","78","51","  180"
"USW00012960","HOUSTON INTERCONTINENTAL AIRPORT, TX US","2015-12-11","10.07",,"74","81","71","  170"
"USW00012960","HOUSTON INTERCONTINENTAL AIRPORT, TX US","2015-12-12","17.00",,"74","77","71","  150"
"USW00012960","HOUSTON INTERCONTINENTAL AIRPORT, TX US","2015-12-13","11.41",,"64","74","49","  160"
"USW00012960","HOUSTON INTERCONTINENTAL AIRPORT, TX US","2015-12-14","5.14",,"56","72","49","  230"
"USW00012960","HOUSTON INTERCONTINENTAL AIRPORT, TX US","2015-12-15","7.61",,"60","77","48","  130"
"USW00012960","HOUSTON INTERCONTINENTAL AIRPORT, TX US","2015-12-16","8.28",,"66","70","50","  350"
"USW00012960","HOUSTON INTERCONTINENTAL AIRPORT, TX US","2015-12-17","4.92",,"53","63","42","  280"
"USW00012960","HOUSTON INTERCONTINENTAL AIRPORT, TX US","2015-12-18","5.82",,"50","61","40","  340"
"USW00012960","HOUSTON INTERCONTINENTAL AIRPORT, TX US","2015-12-19","6.71",,"48","63","38","  150"
"USW00012960","HOUSTON INTERCONTINENTAL AIRPORT, TX US","2015-12-20","8.50",,"55","69","46","  140"
"USW00012960","HOUSTON INTERCONTINENTAL AIRPORT, TX US","2015-12-21","3.58",,"69","74","61","  160"
"USW00012960","HOUSTON INTERCONTINENTAL AIRPORT, TX US","2015-12-22","5.82",,"63","72","55","  150"
"USW00012960","HOUSTON INTERCONTINENTAL AIRPORT, TX US","2015-12-23","6.93",,"73","81","58","  220"
"USW00012960","HOUSTON INTERCONTINENTAL AIRPORT, TX US","2015-12-24","5.14",,"68","79","56","  180"
"USW00012960","HOUSTON INTERCONTINENTAL AIRPORT, TX US","2015-12-25","8.28",,"77","83","73","  170"
"USW00012960","HOUSTON INTERCONTINENTAL AIRPORT, TX US","2015-12-26","15.88",,"76","80","73","  160"
"USW00012960","HOUSTON INTERCONTINENTAL AIRPORT, TX US","2015-12-27","17.90",,"74","78","46","  160"
"USW00012960","HOUSTON INTERCONTINENTAL AIRPORT, TX US","2015-12-28","11.86",,"45","51","40","  250"
"USW00012960","HOUSTON INTERCONTINENTAL AIRPORT, TX US","2015-12-29","5.59",,"45","52","41","   10"
"USW00012960","HOUSTON INTERCONTINENTAL AIRPORT, TX US","2015-12-30","8.05",,"51","57","48","   20"
"USW00012960","HOUSTON INTERCONTINENTAL AIRPORT, TX US","2015-12-31","11.63",,"51","55","47","   30"
"USW00012960","HOUSTON INTERCONTINENTAL AIRPORT, TX US","2016-01-01","12.53",,"48","51","45","   30"
"USW00012960","HOUSTON INTERCONTINENTAL AIRPORT, TX US","2016-01-02","6.49",,"47","51","45","  360"
"USW00012960","HOUSTON INTERCONTINENTAL AIRPORT, TX US","2016-01-03","5.59",,"49","62","43","  310"
"USW00012960","HOUSTON INTERCONTINENTAL AIRPORT, TX US","2016-01-04","4.92",,"49","62","38","   20"
"USW00012960","HOUSTON INTERCONTINENTAL AIRPORT, TX US","2016-01-05","6.71",,"45","55","34","   80"
"USW00012960","HOUSTON INTERCONTINENTAL AIRPORT, TX US","2016-01-06","8.05",,"47","58","40","   10"
"USW00012960","HOUSTON INTERCONTINENTAL AIRPORT, TX US","2016-01-07","3.13",,"59","69","51","  150"
"USW00012960","HOUSTON INTERCONTINENTAL AIRPORT, TX US","2016-01-08","4.47",,"57","68","50","   90"
"USW00012960","HOUSTON INTERCONTINENTAL AIRPORT, TX US","2016-01-09","12.53",,"57","62","42","  330"
"USW00012960","HOUSTON INTERCONTINENTAL AIRPORT, TX US","2016-01-10","7.83",,"43","52","37","  330"
"USW00012960","HOUSTON INTERCONTINENTAL AIRPORT, TX US","2016-01-11","3.13",,"42","56","32","  140"
"USW00012960","HOUSTON INTERCONTINENTAL AIRPORT, TX US","2016-01-12","1.34",,"47","62","35","  220"
"USW00012960","HOUSTON INTERCONTINENTAL AIRPORT, TX US","2016-01-13","3.58",,"49","64","36","  150"
"USW00012960","HOUSTON INTERCONTINENTAL AIRPORT, TX US","2016-01-14","4.92",,"53","65","44","  140"
"USW00012960","HOUSTON INTERCONTINENTAL AIRPORT, TX US","2016-01-15","4.92",,"61","72","45","  290"
"USW00012960","HOUSTON INTERCONTINENTAL AIRPORT, TX US","2016-01-16","7.83",,"50","60","42","   10"
"USW00012960","HOUSTON INTERCONTINENTAL AIRPORT, TX US","2016-01-17","4.92",,"46","57","36","  330"
"USW00012960","HOUSTON INTERCONTINENTAL AIRPORT, TX US","2016-01-18","1.79",,"46","61","36","   20"
"USW00012960","HOUSTON INTERCONTINENTAL AIRPORT, TX US","2016-01-19","6.93",,"53","68","39","  170"
"USW00012960","HOUSTON INTERCONTINENTAL AIRPORT, TX US","2016-01-20","4.70",,"56","65","46","  330"
"USW00012960","HOUSTON INTERCONTINENTAL AIRPORT, TX US","2016-01-21","13.20",,"63","74","44","  330"
"USW00012960","HOUSTON INTERCONTINENTAL AIRPORT, TX US","2016-01-22","14.99",,"46","53","38","  330"
"USW00012960","HOUSTON INTERCONTINENTAL AIRPORT, TX US","2016-01-23","3.13",,"43","55","33","  340"
"USW00012960","HOUSTON INTERCONTINENTAL AIRPORT, TX US","2016-01-24","7.61",,"48","67","33","  150"
"USW00012960","HOUSTON INTERCONTINENTAL AIRPORT, TX US","2016-01-25","5.14",,"63","74","53","  220"
"USW00012960","HOUSTON INTERCONTINENTAL AIRPORT, TX US","2016-01-26","12.08",,"59","63","49","  340"
"USW00012960","HOUSTON INTERCONTINENTAL AIRPORT, TX US","2016-01-27","9.84",,"49","58","42","   30"
"USW00012960","HOUSTON INTERCONTINENTAL AIRPORT, TX US","2016-01-28","3.58",,"48","65","32","  320"
"USW00012960","HOUSTON INTERCONTINENTAL AIRPORT, TX US","2016-01-29","6.04",,"55","74","39","  180"
"USW00012960","HOUSTON INTERCONTINENTAL AIRPORT, TX US","2016-01-30","8.28",,"63","75","48","  210"
"USW00012960","HOUSTON INTERCONTINENTAL AIRPORT, TX US","2016-01-31","7.61",,"68","79","62","  190"
"USW00012960","HOUSTON INTERCONTINENTAL AIRPORT, TX US","2016-02-01","11.41",,"69","77","64","  150"
"USW00012960","HOUSTON INTERCONTINENTAL AIRPORT, TX US","2016-02-02","7.38",,"69","74","49","  350"
"USW00012960","HOUSTON INTERCONTINENTAL AIRPORT, TX US","2016-02-03","11.41",,"55","61","44","  340"
"USW00012960","HOUSTON INTERCONTINENTAL AIRPORT, TX US","2016-02-04","7.38",,"48","59","38","   20"
"USW00012960","HOUSTON INTERCONTINENTAL AIRPORT, TX US","2016-02-05","5.82",,"46","59","33","  160"
"USW00012960","HOUSTON INTERCONTINENTAL AIRPORT, TX US","2016-02-06","6.71",,"50","60","41","  310"
"USW00012960","HOUSTON INTERCONTINENTAL AIRPORT, TX US","2016-02-07","4.25",,"49","66","34","  190"
"USW00012960","HOUSTON INTERCONTINENTAL AIRPORT, TX US","2016-02-08","12.30",,"54","63","44","  300"
"USW00012960","HOUSTON INTERCONTINENTAL AIRPORT, TX US","2016-02-09","6.93",,"51","66","39","  320"
"USW00012960","HOUSTON INTERCONTINENTAL AIRPORT, TX US","2016-02-10","5.14",,"53","71","38","  170"
"USW00012960","HOUSTON INTERCONTINENTAL AIRPORT, TX US","2016-02-11","8.95",,"64","80","55","  230"
"USW00012960","HOUSTON INTERCONTINENTAL AIRPORT, TX US","2016-02-12","4.25",,"66","78","55","  230"
"USW00012960","HOUSTON INTERCONTINENTAL AIRPORT, TX US","2016-02-13","9.17",,"60","67","51","  130"
"USW00012960","HOUSTON INTERCONTINENTAL AIRPORT, TX US","2016-02-14","9.40",,"63","74","57","  160"
"USW00012960","HOUSTON INTERCONTINENTAL AIRPORT, TX US","2016-02-15","7.83",,"67","76","46","  260"
"USW00012960","HOUSTON INTERCONTINENTAL AIRPORT, TX US","2016-02-16","4.47",,"60","79","41","  270"
"USW00012960","HOUSTON INTERCONTINENTAL AIRPORT, TX US","2016-02-17","6.71",,"62","73","47","   40"
"USW00012960","HOUSTON INTERCONTINENTAL AIRPORT, TX US","2016-02-18","9.17",,"60","77","42","  160"
"USW00012960","HOUSTON INTERCONTINENTAL AIRPORT, TX US","2016-02-19","9.62",,"69","81","63","  160"
"USW00012960","HOUSTON INTERCONTINENTAL AIRPORT, TX US","2016-02-20","8.95",,"70","79","63","  150"
"USW00012960","HOUSTON INTERCONTINENTAL AIRPORT, TX US","2016-02-21","5.14",,"69","74","63","  170"
"USW00012960","HOUSTON INTERCONTINENTAL AIRPORT, TX US","2016-02-22","3.80",,"67","68","57","   90"
"USW00012960","HOUSTON INTERCONTINENTAL AIRPORT, TX US","2016-02-23","14.32",,"63","73","48","  310"
"USW00012960","HOUSTON INTERCONTINENTAL AIRPORT, TX US","2016-02-24","12.53",,"53","63","41","  330"
"USW00012960","HOUSTON INTERCONTINENTAL AIRPORT, TX US","2016-02-25","8.05",,"55","72","40","  330"
"USW00012960","HOUSTON INTERCONTINENTAL AIRPORT, TX US","2016-02-26","4.25",,"53","63","39","  100"
"USW00012960","HOUSTON INTERCONTINENTAL AIRPORT, TX US","2016-02-27","5.14",,"54","71","40","  160"
"USW00012960","HOUSTON INTERCONTINENTAL AIRPORT, TX US","2016-02-28","7.83",,"59","74","44","  170"
"USW00012960","HOUSTON INTERCONTINENTAL AIRPORT, TX US","2016-02-29","6.04",,"66","78","55","  150"
"USW00012960","HOUSTON INTERCONTINENTAL AIRPORT, TX US","2016-03-01","6.93",,"68","78","62","  210"
"USW00012960","HOUSTON INTERCONTINENTAL AIRPORT, TX US","2016-03-02","12.53",,"63","70","49","  150"
"USW00012960","HOUSTON INTERCONTINENTAL AIRPORT, TX US","2016-03-03","9.84",,"69","84","61","  330"
"USW00012960","HOUSTON INTERCONTINENTAL AIRPORT, TX US","2016-03-04","5.59",,"64","74","48","  170"
"USW00012960","HOUSTON INTERCONTINENTAL AIRPORT, TX US","2016-03-05","4.47",,"61","76","47","  140"
"USW00012960","HOUSTON INTERCONTINENTAL AIRPORT, TX US","2016-03-06","9.40",,"60","75","47","  150"
"USW00012960","HOUSTON INTERCONTINENTAL AIRPORT, TX US","2016-03-07","16.11",,"67","75","62","  140"
"USW00012960","HOUSTON INTERCONTINENTAL AIRPORT, TX US","2016-03-08","17.00",,"69","72","67","  140"
"USW00012960","HOUSTON INTERCONTINENTAL AIRPORT, TX US","2016-03-09","12.97",,"69","73","61","  140"
"USW00012960","HOUSTON INTERCONTINENTAL AIRPORT, TX US","2016-03-10","11.63",,"66","76","63","   30"
"USW00012960","HOUSTON INTERCONTINENTAL AIRPORT, TX US","2016-03-11","8.28",,"68","74","63","  150"
"USW00012960","HOUSTON INTERCONTINENTAL AIRPORT, TX US","2016-03-12","5.82",,"67","75","60","  210"
"USW00012960","HOUSTON INTERCONTINENTAL AIRPORT, TX US","2016-03-13","7.83",,"68","82","56","  220"
"USW00012960","HOUSTON INTERCONTINENTAL AIRPORT, TX US","2016-03-14","7.16",,"71","87","56","  210"
"USW00012960","HOUSTON INTERCONTINENTAL AIRPORT, TX US","2016-03-15","8.05",,"72","84","64","  210"
"USW00012960","HOUSTON INTERCONTINENTAL AIRPORT, TX US","2016-03-16","8.72",,"71","78","63","  140"
"USW00012960","HOUSTON INTERCONTINENTAL AIRPORT, TX US","2016-03-17","6.26",,"71","80","62","  150"
"USW00012960","HOUSTON INTERCONTINENTAL AIRPORT, TX US","2016-03-18","6.26",,"71","81","63","  350"
"USW00012960","HOUSTON INTERCONTINENTAL AIRPORT, TX US","2016-03-19","15.43",,"62","69","50","   20"
"USW00012960","HOUSTON INTERCONTINENTAL AIRPORT, TX US","2016-03-20","11.86",,"53","61","43","  320"
"USW00012960","HOUSTON INTERCONTINENTAL AIRPORT, TX US","2016-03-21","5.82",,"49","63","34","  120"
"USW00012960","HOUSTON INTERCONTINENTAL AIRPORT, TX US","2016-03-22","10.51",,"57","70","42","  150"
"USW00012960","HOUSTON INTERCONTINENTAL AIRPORT, TX US","2016-03-23","13.42",,"67","76","63","  180"
"USW00012960","HOUSTON INTERCONTINENTAL AIRPORT, TX US","2016-03-24","11.18",,"63","69","51","  310"
"USW00012960","HOUSTON INTERCONTINENTAL AIRPORT, TX US","2016-03-25","3.80",,"56","70","42","  150"
"USW00012960","HOUSTON INTERCONTINENTAL AIRPORT, TX US","2016-03-26","4.92",,"59","75","46","  160"
"USW00012960","HOUSTON INTERCONTINENTAL AIRPORT, TX US","2016-03-27","7.38",,"67","77","57","  320"
"USW00012960","HOUSTON INTERCONTINENTAL AIRPORT, TX US","2016-03-28","5.82",,"62","75","49","  140"
"USW00012960","HOUSTON INTERCONTINENTAL AIRPORT, TX US","2016-03-29","8.95",,"66","71","59","  140"
"USW00012960","HOUSTON INTERCONTINENTAL AIRPORT, TX US","2016-03-30","11.63",,"70","75","68","  150"
"USW00012960","HOUSTON INTERCONTINENTAL AIRPORT, TX US","2016-03-31","6.49",,"75","85","65","   20"
"USW00012960","HOUSTON INTERCONTINENTAL AIRPORT, TX US","2016-04-01","14.32",,"66","69","48","   30"
"USW00012960","HOUSTON INTERCONTINENTAL AIRPORT, TX US","2016-04-02","7.16",,"57","72","46","   10"
"USW00012960","HOUSTON INTERCONTINENTAL AIRPORT, TX US","2016-04-03","2.91",,"59","74","42","  170"
"USW00012960","HOUSTON INTERCONTINENTAL AIRPORT, TX US","2016-04-04","4.03",,"64","80","48","  270"
"USW00012960","HOUSTON INTERCONTINENTAL AIRPORT, TX US","2016-04-05","6.49",,"67","81","50","  150"
"USW00012960","HOUSTON INTERCONTINENTAL AIRPORT, TX US","2016-04-06","6.93",,"68","79","55","  270"
"USW00012960","HOUSTON INTERCONTINENTAL AIRPORT, TX US","2016-04-07","2.91",,"67","85","49","  150"
"USW00012960","HOUSTON INTERCONTINENTAL AIRPORT, TX US","2016-04-08","4.70",,"69","82","52","   70"
"USW00012960","HOUSTON INTERCONTINENTAL AIRPORT, TX US","2016-04-09","9.62",,"65","78","54","  140"
"USW00012960","HOUSTON INTERCONTINENTAL AIRPORT, TX US","2016-04-10","12.08",,"69","80","60","  150"
"USW00012960","HOUSTON INTERCONTINENTAL AIRPORT, TX US","2016-04-11","9.62",,"72","79","67","  160"
"USW00012960","HOUSTON INTERCONTINENTAL AIRPORT, TX US","2016-04-12","8.95",,"72","76","66","   60"
"USW00012960","HOUSTON INTERCONTINENTAL AIRPORT, TX US","2016-04-13","6.49",,"66","72","62","   40"
"USW00012960","HOUSTON INTERCONTINENTAL AIRPORT, TX US","2016-04-14","7.61",,"68","76","60","  350"
"USW00012960","HOUSTON INTERCONTINENTAL AIRPORT, TX US","2016-04-15","5.37",,"67","79","58","  120"
"USW00012960","HOUSTON INTERCONTINENTAL AIRPORT, TX US","2016-04-16","15.66",,"70","79","59","  120"
"USW00012960","HOUSTON INTERCONTINENTAL AIRPORT, TX US","2016-04-17","18.34",,"71","76","65","  110"
"USW00012960","HOUSTON INTERCONTINENTAL AIRPORT, TX US","2016-04-18","6.93",,"67","70","64","  130"
"USW00012960","HOUSTON INTERCONTINENTAL AIRPORT, TX US","2016-04-19","6.26",,"70","79","65","  120"
"USW00012960","HOUSTON INTERCONTINENTAL AIRPORT, TX US","2016-04-20","4.92",,"70","78","63","  330"
"USW00012960","HOUSTON INTERCONTINENTAL AIRPORT, TX US","2016-04-21","3.36",,"68","74","62","  340"
"USW00012960","HOUSTON INTERCONTINENTAL AIRPORT, TX US","2016-04-22","4.47",,"70","81","60","   30"
"USW00012960","HOUSTON INTERCONTINENTAL AIRPORT, TX US","2016-04-23","4.25",,"68","80","56","   60"
"USW00012960","HOUSTON INTERCONTINENTAL AIRPORT, TX US","2016-04-24","7.38",,"67","77","57","  150"
"USW00012960","HOUSTON INTERCONTINENTAL AIRPORT, TX US","2016-04-25","9.40",,"73","85","67","  150"
"USW00012960","HOUSTON INTERCONTINENTAL AIRPORT, TX US","2016-04-26","13.20",,"76","83","73","  140"
"USW00012960","HOUSTON INTERCONTINENTAL AIRPORT, TX US","2016-04-27","6.93",,"74","86","61","  300"
"USW00012960","HOUSTON INTERCONTINENTAL AIRPORT, TX US","2016-04-28","10.51",,"75","85","65","  140"
"USW00012960","HOUSTON INTERCONTINENTAL AIRPORT, TX US","2016-04-29","15.88",,"78","86","73","  150"
"USW00012960","HOUSTON INTERCONTINENTAL AIRPORT, TX US","2016-04-30","8.05",,"77","85","65","  310"
"USW00012960","HOUSTON INTERCONTINENTAL AIRPORT, TX US","2016-05-01","9.17",,"76","85","70","  140"
"USW00012960","HOUSTON INTERCONTINENTAL AIRPORT, TX US","2016-05-02","11.41",,"69","74","61","  360"
"USW00012960","HOUSTON INTERCONTINENTAL AIRPORT, TX US","2016-05-03","8.50",,"65","76","56","   40"
"USW00012960","HOUSTON INTERCONTINENTAL AIRPORT, TX US","2016-05-04","5.14",,"68","82","54","   20"
"USW00012960","HOUSTON INTERCONTINENTAL AIRPORT, TX US","2016-05-05","6.49",,"71","85","59","   30"
"USW00012960","HOUSTON INTERCONTINENTAL AIRPORT, TX US","2016-05-06","3.36",,"71","84","55","  150"
"USW00012960","HOUSTON INTERCONTINENTAL AIRPORT, TX US","2016-05-07","7.61",,"71","83","57","  130"
"USW00012960","HOUSTON INTERCONTINENTAL AIRPORT, TX US","2016-05-08","9.62",,"72","79","63","  140"
"USW00012960","HOUSTON INTERCONTINENTAL AIRPORT, TX US","2016-05-09","14.09",,"75","83","70","  150"
"USW00012960","HOUSTON INTERCONTINENTAL AIRPORT, TX US","2016-05-10","10.29",,"78","87","70","  140"
"USW00012960","HOUSTON INTERCONTINENTAL AIRPORT, TX US","2016-05-11","10.29",,"78","86","71","  150"
"USW00012960","HOUSTON INTERCONTINENTAL AIRPORT, TX US","2016-05-12","4.47",,"79","89","71","  100"
"USW00012960","HOUSTON INTERCONTINENTAL AIRPORT, TX US","2016-05-13","5.82",,"78","88","69","  170"
"USW00012960","HOUSTON INTERCONTINENTAL AIRPORT, TX US","2016-05-14","3.80",,"74","87","67","  190"
"USW00012960","HOUSTON INTERCONTINENTAL AIRPORT, TX US","2016-05-15","6.71",,"71","80","67","   70"
"USW00012960","HOUSTON INTERCONTINENTAL AIRPORT, TX US","2016-05-16","8.72",,"69","73","65","  130"
"USW00012960","HOUSTON INTERCONTINENTAL AIRPORT, TX US","2016-05-17","4.25",,"71","83","67","   30"
"USW00012960","HOUSTON INTERCONTINENTAL AIRPORT, TX US","2016-05-18","9.17",,"74","81","68","   10"
"USW00012960","HOUSTON INTERCONTINENTAL AIRPORT, TX US","2016-05-19","10.74",,"68","70","64","   80"
"USW00012960","HOUSTON INTERCONTINENTAL AIRPORT, TX US","2016-05-20","5.59",,"70","80","63","   20"
"USW00012960","HOUSTON INTERCONTINENTAL AIRPORT, TX US","2016-05-21","5.82",,"72","82","66","  160"
"USW00012960","HOUSTON INTERCONTINENTAL AIRPORT, TX US","2016-05-22","8.05",,"75","85","70","  110"
"USW00012960","HOUSTON INTERCONTINENTAL AIRPORT, TX US","2016-05-23","9.62",,"76","85","68","  140"
"USW00012960","HOUSTON INTERCONTINENTAL AIRPORT, TX US","2016-05-24","12.08",,"78","86","72","  160"
"USW00012960","HOUSTON INTERCONTINENTAL AIRPORT, TX US","2016-05-25","12.08",,"81","89","76","  140"
"USW00012960","HOUSTON INTERCONTINENTAL AIRPORT, TX US","2016-05-26","11.18",,"79","82","68","  150"
"USW00012960","HOUSTON INTERCONTINENTAL AIRPORT, TX US","2016-05-27","11.18",,"71","82","65","  330"
"USW00012960","HOUSTON INTERCONTINENTAL AIRPORT, TX US","2016-05-28","6.26",,"73","89","64","  130"
"USW00012960","HOUSTON INTERCONTINENTAL AIRPORT, TX US","2016-05-29","5.14",,"78","88","70","  100"
"USW00012960","HOUSTON INTERCONTINENTAL AIRPORT, TX US","2016-05-30","4.92",,"76","85","68","  170"
"USW00012960","HOUSTON INTERCONTINENTAL AIRPORT, TX US","2016-05-31","6.04",,"78","87","68","  140"
"USW00012960","HOUSTON INTERCONTINENTAL AIRPORT, TX US","2016-06-01","7.83",,"78","85","68","   10"
"USW00012960","HOUSTON INTERCONTINENTAL AIRPORT, TX US","2016-06-02","6.93",,"72","77","67","  140"
"USW00012960","HOUSTON INTERCONTINENTAL AIRPORT, TX US","2016-06-03","4.92",,"71","80","68","  220"
"USW00012960","HOUSTON INTERCONTINENTAL AIRPORT, TX US","2016-06-04","6.49",,"71","76","68","   40"
"USW00012960","HOUSTON INTERCONTINENTAL AIRPORT, TX US","2016-06-05","6.49",,"73","84","68","  100"
"USW00012960","HOUSTON INTERCONTINENTAL AIRPORT, TX US","2016-06-06","4.47",,"76","87","70","  100"
"USW00012960","HOUSTON INTERCONTINENTAL AIRPORT, TX US","2016-06-07","4.70",,"80","89","71","   40"
"USW00012960","HOUSTON INTERCONTINENTAL AIRPORT, TX US","2016-06-08","4.92",,"80","89","71","   90"
"USW00012960","HOUSTON INTERCONTINENTAL AIRPORT, TX US","2016-06-09","6.49",,"79","90","72","  140"
"USW00012960","HOUSTON INTERCONTINENTAL AIRPORT, TX US","2016-06-10","5.82",,"80","91","71","  110"
"USW00012960","HOUSTON INTERCONTINENTAL AIRPORT, TX US","2016-06-11","5.82",,"82","93","75","   60"
"USW00012960","HOUSTON INTERCONTINENTAL AIRPORT, TX US","2016-06-12","5.82",,"81","87","74","  190"
"USW00012960","HOUSTON INTERCONTINENTAL AIRPORT, TX US","2016-06-13","5.82",,"81","93","74","   30"
"USW00012960","HOUSTON INTERCONTINENTAL AIRPORT, TX US","2016-06-14","6.04",,"85","94","79","  160"
"USW00012960","HOUSTON INTERCONTINENTAL AIRPORT, TX US","2016-06-15","6.93",,"86","96","78","  200"
"USW00012960","HOUSTON INTERCONTINENTAL AIRPORT, TX US","2016-06-16","6.49",,"87","97","79","  160"
"USW00012960","HOUSTON INTERCONTINENTAL AIRPORT, TX US","2016-06-17","5.14",,"86","96","79","  120"
"USW00012960","HOUSTON INTERCONTINENTAL AIRPORT, TX US","2016-06-18","5.82",,"87","97","75","   40"
"USW00012960","HOUSTON INTERCONTINENTAL AIRPORT, TX US","2016-06-19","5.37",,"81","92","73","  130"
"USW00012960","HOUSTON INTERCONTINENTAL AIRPORT, TX US","2016-06-20","4.03",,"83","94","76","  110"
"USW00012960","HOUSTON INTERCONTINENTAL AIRPORT, TX US","2016-06-21","4.25",,"82","93","75","  140"
"USW00012960","HOUSTON INTERCONTINENTAL AIRPORT, TX US","2016-06-22","7.38",,"84","93","75","  150"
"USW00012960","HOUSTON INTERCONTINENTAL AIRPORT, TX US","2016-06-23","6.04",,"84","93","74","  150"
"USW00012960","HOUSTON INTERCONTINENTAL AIRPORT, TX US","2016-06-24","5.37",,"82","93","73","  100"
"USW00012960","HOUSTON INTERCONTINENTAL AIRPORT, TX US","2016-06-25","4.03",,"83","93","75","  180"
"USW00012960","HOUSTON INTERCONTINENTAL AIRPORT, TX US","2016-06-26","3.13",,"84","93","76","  140"
"USW00012960","HOUSTON INTERCONTINENTAL AIRPORT, TX US","2016-06-27","2.01",,"84","96","76","   30"
"USW00012960","HOUSTON INTERCONTINENTAL AIRPORT, TX US","2016-06-28","4.70",,"83","97","74","   10"
"USW00012960","HOUSTON INTERCONTINENTAL AIRPORT, TX US","2016-06-29","5.14",,"81","94","73","   40"
"USW00012960","HOUSTON INTERCONTINENTAL AIRPORT, TX US","2016-06-30","6.04",,"83","94","75","   50"
"USW00012960","HOUSTON INTERCONTINENTAL AIRPORT, TX US","2016-07-01","5.82",,"85","94","76","  140"
"USW00012960","HOUSTON INTERCONTINENTAL AIRPORT, TX US","2016-07-02","5.59",,"86","96","76","  170"
"USW00012960","HOUSTON INTERCONTINENTAL AIRPORT, TX US","2016-07-03","9.17",,"87","97","80","  180"
"USW00012960","HOUSTON INTERCONTINENTAL AIRPORT, TX US","2016-07-04","9.62",,"88","97","82","  230"
"USW00012960","HOUSTON INTERCONTINENTAL AIRPORT, TX US","2016-07-05","8.95",,"88","97","83","  170"
"USW00012960","HOUSTON INTERCONTINENTAL AIRPORT, TX US","2016-07-06","10.07",,"87","96","82","  160"
"USW00012960","HOUSTON INTERCONTINENTAL AIRPORT, TX US","2016-07-07","9.84",,"87","97","81","  150"
"USW00012960","HOUSTON INTERCONTINENTAL AIRPORT, TX US","2016-07-08","7.83",,"87","98","78","  160"
"USW00012960","HOUSTON INTERCONTINENTAL AIRPORT, TX US","2016-07-09","6.93",,"86","98","77","  120"
"USW00012960","HOUSTON INTERCONTINENTAL AIRPORT, TX US","2016-07-10","8.05",,"87","96","80","  220"
"USW00012960","HOUSTON INTERCONTINENTAL AIRPORT, TX US","2016-07-11","10.96",,"87","97","81","  140"
"USW00012960","HOUSTON INTERCONTINENTAL AIRPORT, TX US","2016-07-12","9.62",,"87","97","80","  160"
"USW00012960","HOUSTON INTERCONTINENTAL AIRPORT, TX US","2016-07-13","8.95",,"88","98","81","  150"
"USW00012960","HOUSTON INTERCONTINENTAL AIRPORT, TX US","2016-07-14","7.61",,"88","98","79","  200"
"USW00012960","HOUSTON INTERCONTINENTAL AIRPORT, TX US","2016-07-15","7.16",,"87","99","77","  130"
"USW00012960","HOUSTON INTERCONTINENTAL AIRPORT, TX US","2016-07-16","6.26",,"87","96","77","  110"
"USW00012960","HOUSTON INTERCONTINENTAL AIRPORT, TX US","2016-07-17","5.37",,"85","96","76","  160"
"USW00012960","HOUSTON INTERCONTINENTAL AIRPORT, TX US","2016-07-18","3.58",,"84","97","76","  180"
"USW00012960","HOUSTON INTERCONTINENTAL AIRPORT, TX US","2016-07-19","5.14",,"83","93","77","  190"
"USW00012960","HOUSTON INTERCONTINENTAL AIRPORT, TX US","2016-07-20","3.80",,"84","97","76","  140"
"USW00012960","HOUSTON INTERCONTINENTAL AIRPORT, TX US","2016-07-21","3.80",,"87","98","75","  140"
"USW00012960","HOUSTON INTERCONTINENTAL AIRPORT, TX US","2016-07-22","3.58",,"87","99","76","  150"
"USW00012960","HOUSTON INTERCONTINENTAL AIRPORT, TX US","2016-07-23","5.59",,"88","100","77","  140"
"USW00012960","HOUSTON INTERCONTINENTAL AIRPORT, TX US","2016-07-24","5.37",,"88","100","78","  130"
"USW00012960","HOUSTON INTERCONTINENTAL AIRPORT, TX US","2016-07-25","5.59",,"87","98","77","  140"
"USW00012960","HOUSTON INTERCONTINENTAL AIRPORT, TX US","2016-07-26","4.92",,"82","92","77","  220"
"USW00012960","HOUSTON INTERCONTINENTAL AIRPORT, TX US","2016-07-27","4.25",,"80","85","73","  130"
"USW00012960","HOUSTON INTERCONTINENTAL AIRPORT, TX US","2016-07-28","2.91",,"82","91","76","  150"
"USW00012960","HOUSTON INTERCONTINENTAL AIRPORT, TX US","2016-07-29","4.47",,"83","96","75","   70"
"USW00012960","HOUSTON INTERCONTINENTAL AIRPORT, TX US","2016-07-30","4.25",,"86","98","76","  140"
"USW00012960","HOUSTON INTERCONTINENTAL AIRPORT, TX US","2016-07-31","5.59",,"85","96","77","  140"
"USW00012960","HOUSTON INTERCONTINENTAL AIRPORT, TX US","2016-08-01","5.82",,"86","98","74","  130"
"USW00012960","HOUSTON INTERCONTINENTAL AIRPORT, TX US","2016-08-02","4.70",,"87","99","77","  130"
"USW00012960","HOUSTON INTERCONTINENTAL AIRPORT, TX US","2016-08-03","4.47",,"87","98","76","  150"
"USW00012960","HOUSTON INTERCONTINENTAL AIRPORT, TX US","2016-08-04","4.70",,"87","99","76","  150"
"USW00012960","HOUSTON INTERCONTINENTAL AIRPORT, TX US","2016-08-05","4.03",,"87","97","77","  190"
"USW00012960","HOUSTON INTERCONTINENTAL AIRPORT, TX US","2016-08-06","5.82",,"87","98","77","  150"
"USW00012960","HOUSTON INTERCONTINENTAL AIRPORT, TX US","2016-08-07","5.37",,"89","100","78","  170"
"USW00012960","HOUSTON INTERCONTINENTAL AIRPORT, TX US","2016-08-08","5.14",,"88","100","77","  150"
"USW00012960","HOUSTON INTERCONTINENTAL AIRPORT, TX US","2016-08-09","6.26",,"89","101","77","  120"
"USW00012960","HOUSTON INTERCONTINENTAL AIRPORT, TX US","2016-08-10","5.82",,"89","100","79","  150"
"USW00012960","HOUSTON INTERCONTINENTAL AIRPORT, TX US","2016-08-11","8.50",,"90","101","82","  130"
"USW00012960","HOUSTON INTERCONTINENTAL AIRPORT, TX US","2016-08-12","8.50",,"89","99","82","  170"
"USW00012960","HOUSTON INTERCONTINENTAL AIRPORT, TX US","2016-08-13","6.93",,"86","97","76","  350"
"USW00012960","HOUSTON INTERCONTINENTAL AIRPORT, TX US","2016-08-14","4.47",,"79","89","72","  220"
"USW00012960","HOUSTON INTERCONTINENTAL AIRPORT, TX US","2016-08-15","6.49",,"78","86","75","   70"
"USW00012960","HOUSTON INTERCONTINENTAL AIRPORT, TX US","2016-08-16","5.82",,"78","82","74","  130"
"USW00012960","HOUSTON INTERCONTINENTAL AIRPORT, TX US","2016-08-17","6.49",,"78","83","73","  180"
"USW00012960","HOUSTON INTERCONTINENTAL AIRPORT, TX US","2016-08-18","4.03",,"77","88","74","  140"
"USW00012960","HOUSTON INTERCONTINENTAL AIRPORT, TX US","2016-08-19","5.14",,"80","92","75","  180"
"USW00012960","HOUSTON INTERCONTINENTAL AIRPORT, TX US","2016-08-20","5.59",,"82","91","75","  130"
"USW00012960","HOUSTON INTERCONTINENTAL AIRPORT, TX US","2016-08-21","5.59",,"82","87","76","  280"
"USW00012960","HOUSTON INTERCONTINENTAL AIRPORT, TX US","2016-08-22","5.37",,"78","89","73","  230"
"USW00012960","HOUSTON INTERCONTINENTAL AIRPORT, TX US","2016-08-23","6.93",,"82","95","75","  140"
"USW00012960","HOUSTON INTERCONTINENTAL AIRPORT, TX US","2016-08-24","5.82",,"83","94","76","  130"
"USW00012960","HOUSTON INTERCONTINENTAL AIRPORT, TX US","2016-08-25","4.92",,"80","91","75","  330"
"USW00012960","HOUSTON INTERCONTINENTAL AIRPORT, TX US","2016-08-26","5.59",,"79","89","73","  360"
"USW00012960","HOUSTON INTERCONTINENTAL AIRPORT, TX US","2016-08-27","6.26",,"79","91","74","   40"
"USW00012960","HOUSTON INTERCONTINENTAL AIRPORT, TX US","2016-08-28","8.95",,"78","88","75","   80"
"USW00012960","HOUSTON INTERCONTINENTAL AIRPORT, TX US","2016-08-29","7.83",,"77","84","75","  150"
"USW00012960","HOUSTON INTERCONTINENTAL AIRPORT, TX US","2016-08-30","6.71",,"81","93","74","   90"
"USW00012960","HOUSTON INTERCONTINENTAL AIRPORT, TX US","2016-08-31","4.92",,"84","95","77","   70"
"USW00012960","HOUSTON INTERCONTINENTAL AIRPORT, TX US","2016-09-01","6.49",,"85","97","77","   30"
"USW00012960","HOUSTON INTERCONTINENTAL AIRPORT, TX US","2016-09-02","6.71",,"85","95","77","   10"
"USW00012960","HOUSTON INTERCONTINENTAL AIRPORT, TX US","2016-09-03","8.05",,"83","93","75","   30"
"USW00012960","HOUSTON INTERCONTINENTAL AIRPORT, TX US","2016-09-04","4.92",,"82","94","74","  190"
"USW00012960","HOUSTON INTERCONTINENTAL AIRPORT, TX US","2016-09-05","4.92",,"80","90","75","  160"
"USW00012960","HOUSTON INTERCONTINENTAL AIRPORT, TX US","2016-09-06","7.16",,"83","93","75","  160"
"USW00012960","HOUSTON INTERCONTINENTAL AIRPORT, TX US","2016-09-07","3.80",,"83","94","74","  220"
"USW00012960","HOUSTON INTERCONTINENTAL AIRPORT, TX US","2016-09-08","5.82",,"84","94","76","  170"
"USW00012960","HOUSTON INTERCONTINENTAL AIRPORT, TX US","2016-09-09","3.13",,"81","91","75","  160"
"USW00012960","HOUSTON INTERCONTINENTAL AIRPORT, TX US","2016-09-10","4.03",,"79","90","74","  330"
"USW00012960","HOUSTON INTERCONTINENTAL AIRPORT, TX US","2016-09-11","4.92",,"80","91","72","   60"
"USW00012960","HOUSTON INTERCONTINENTAL AIRPORT, TX US","2016-09-12","5.82",,"81","92","73","  100"
"USW00012960","HOUSTON INTERCONTINENTAL AIRPORT, TX US","2016-09-13","7.16",,"81","94","75","  120"
"USW00012960","HOUSTON INTERCONTINENTAL AIRPORT, TX US","2016-09-14","7.83",,"82","92","76","   60"
"USW00012960","HOUSTON INTERCONTINENTAL AIRPORT, TX US","2016-09-15","6.93",,"83","93","75","   60"
"USW00012960","HOUSTON INTERCONTINENTAL AIRPORT, TX US","2016-09-16","6.49",,"82","92","76","  120"
"USW00012960","HOUSTON INTERCONTINENTAL AIRPORT, TX US","2016-09-17","3.36",,"84","96","75","  130"
"USW00012960","HOUSTON INTERCONTINENTAL AIRPORT, TX US","2016-09-18","4.25",,"84","97","76","  340"
"USW00012960","HOUSTON INTERCONTINENTAL AIRPORT, TX US","2016-09-19","4.47",,"86","96","76","  130"
"USW00012960","HOUSTON INTERCONTINENTAL AIRPORT, TX US","2016-09-20","4.92",,"85","96","76","   70"
"USW00012960","HOUSTON INTERCONTINENTAL AIRPORT, TX US","2016-09-21","4.70",,"82","94","73","   60"
"USW00012960","HOUSTON INTERCONTINENTAL AIRPORT, TX US","2016-09-22","6.49",,"82","92","75","  140"
"USW00012960","HOUSTON INTERCONTINENTAL AIRPORT, TX US","2016-09-23","7.61",,"81","90","75","  140"
"USW00012960","HOUSTON INTERCONTINENTAL AIRPORT, TX US","2016-09-24","5.59",,"80","92","75","  140"
"USW00012960","HOUSTON INTERCONTINENTAL AIRPORT, TX US","2016-09-25","5.37",,"78","90","72","  150"
"USW00012960","HOUSTON INTERCONTINENTAL AIRPORT, TX US","2016-09-26","6.93",,"77","86","73","   40"
"USW00012960","HOUSTON INTERCONTINENTAL AIRPORT, TX US","2016-09-27","7.16",,"76","85","71","   20"
"USW00012960","HOUSTON INTERCONTINENTAL AIRPORT, TX US","2016-09-28","2.46",,"77","89","67","  340"
"USW00012960","HOUSTON INTERCONTINENTAL AIRPORT, TX US","2016-09-29","6.71",,"74","86","64","   50"
"USW00012960","HOUSTON INTERCONTINENTAL AIRPORT, TX US","2016-09-30","3.80",,"70","81","58","   70"
"USW00012960","HOUSTON INTERCONTINENTAL AIRPORT, TX US","2016-10-01","3.13",,"70","82","60","   30"
"USW00012960","HOUSTON INTERCONTINENTAL AIRPORT, TX US","2016-10-02","4.47",,"74","86","65","   90"
"USW00012960","HOUSTON INTERCONTINENTAL AIRPORT, TX US","2016-10-03","5.82",,"73","87","62","   70"
"USW00012960","HOUSTON INTERCONTINENTAL AIRPORT, TX US","2016-10-04","8.05",,"76","90","66","  120"
"USW00012960","HOUSTON INTERCONTINENTAL AIRPORT, TX US","2016-10-05","7.61",,"80","91","73",
"USW00012960","HOUSTON INTERCONTINENTAL AIRPORT, TX US","2016-10-06","7.83",,"80","90","72","  130"
"USW00012960","HOUSTON INTERCONTINENTAL AIRPORT, TX US","2016-10-07","7.83",,"79","91","70","   10"
"USW00012960","HOUSTON INTERCONTINENTAL AIRPORT, TX US","2016-10-08","8.95",,"77","89","67","   30"
"USW00012960","HOUSTON INTERCONTINENTAL AIRPORT, TX US","2016-10-09","7.83",,"72","82","59","   20"
"USW00012960","HOUSTON INTERCONTINENTAL AIRPORT, TX US","2016-10-10","3.36",,"69","85","53","  110"
"USW00012960","HOUSTON INTERCONTINENTAL AIRPORT, TX US","2016-10-11","8.05",,"73","86","65","  150"
"USW00012960","HOUSTON INTERCONTINENTAL AIRPORT, TX US","2016-10-12","7.61",,"78","89","69","  140"
"USW00012960","HOUSTON INTERCONTINENTAL AIRPORT, TX US","2016-10-13","4.47",,"79","90","70","  140"
"USW00012960","HOUSTON INTERCONTINENTAL AIRPORT, TX US","2016-10-14","5.82",,"77","87","69","  150"
"USW00012960","HOUSTON INTERCONTINENTAL AIRPORT, TX US","2016-10-15","6.71",,"77","90","68","  130"
"USW00012960","HOUSTON INTERCONTINENTAL AIRPORT, TX US","2016-10-16","6.04",,"79","91","69",
"USW00012960","HOUSTON INTERCONTINENTAL AIRPORT, TX US","2016-10-17","6.93",,"80","91","70","  160"
"USW00012960","HOUSTON INTERCONTINENTAL AIRPORT, TX US","2016-10-18","6.26",,"81","93","70","  210"
"USW00012960","HOUSTON INTERCONTINENTAL AIRPORT, TX US","2016-10-19","6.49",,"80","89","72","  140"
"USW00012960","HOUSTON INTERCONTINENTAL AIRPORT, TX US","2016-10-20","8.05",,"77","88","66","  350"
"USW00012960","HOUSTON INTERCONTINENTAL AIRPORT, TX US","2016-10-21","8.95",,"68","76","51","   50"
"USW00012960","HOUSTON INTERCONTINENTAL AIRPORT, TX US","2016-10-22","4.70",,"62","77","48","  100"
"USW00012960","HOUSTON INTERCONTINENTAL AIRPORT, TX US","2016-10-23","5.82",,"65","80","51","  140"
"USW00012960","HOUSTON INTERCONTINENTAL AIRPORT, TX US","2016-10-24","5.14",,"70","85","58","  130"
"USW00012960","HOUSTON INTERCONTINENTAL AIRPORT, TX US","2016-10-25","5.59",,"70","84","59","  120"
"USW00012960","HOUSTON INTERCONTINENTAL AIRPORT, TX US","2016-10-26","3.80",,"72","85","60","  130"
"USW00012960","HOUSTON INTERCONTINENTAL AIRPORT, TX US","2016-10-27","4.03",,"71","85","60","   90"
"USW00012960","HOUSTON INTERCONTINENTAL AIRPORT, TX US","2016-10-28","4.70",,"72","87","61","  140"
"USW00012960","HOUSTON INTERCONTINENTAL AIRPORT, TX US","2016-10-29","6.26",,"73","87","63","  140"
"USW00012960","HOUSTON INTERCONTINENTAL AIRPORT, TX US","2016-10-30","3.80",,"72","87","60","  140"
"USW00012960","HOUSTON INTERCONTINENTAL AIRPORT, TX US","2016-10-31","7.16",,"69","85","57","  140"
"USW00012960","HOUSTON INTERCONTINENTAL AIRPORT, TX US","2016-11-01","7.61",,"73","84","65","  150"
"USW00012960","HOUSTON INTERCONTINENTAL AIRPORT, TX US","2016-11-02","8.05",,"76","88","68","  150"
"USW00012960","HOUSTON INTERCONTINENTAL AIRPORT, TX US","2016-11-03","4.92",,"76","88","69","  110"
"USW00012960","HOUSTON INTERCONTINENTAL AIRPORT, TX US","2016-11-04","4.92",,"76","87","70","   50"
"USW00012960","HOUSTON INTERCONTINENTAL AIRPORT, TX US","2016-11-05","6.71",,"74","83","66","   50"
"USW00012960","HOUSTON INTERCONTINENTAL AIRPORT, TX US","2016-11-06","8.28",,"70","80","61","  150"
"USW00012960","HOUSTON INTERCONTINENTAL AIRPORT, TX US","2016-11-07","8.95",,"70","78","64","  120"
"USW00012960","HOUSTON INTERCONTINENTAL AIRPORT, TX US","2016-11-08","7.38",,"67","72","63","   30"
"USW00012960","HOUSTON INTERCONTINENTAL AIRPORT, TX US","2016-11-09","9.17",,"69","76","61","   30"
"USW00012960","HOUSTON INTERCONTINENTAL AIRPORT, TX US","2016-11-10","5.82",,"64","73","55","   50"
"USW00012960","HOUSTON INTERCONTINENTAL AIRPORT, TX US","2016-11-11","4.25",,"64","75","57","   10"
"USW00012960","HOUSTON INTERCONTINENTAL AIRPORT, TX US","2016-11-12","5.82",,"67","80","58","   30"
"USW00012960","HOUSTON INTERCONTINENTAL AIRPORT, TX US","2016-11-13","5.82",,"64","68","53","  150"
"USW00012960","HOUSTON INTERCONTINENTAL AIRPORT, TX US","2016-11-14","3.58",,"62","79","51","  220"
"USW00012960","HOUSTON INTERCONTINENTAL AIRPORT, TX US","2016-11-15","4.70",,"70","84","56","   30"
"USW00012960","HOUSTON INTERCONTINENTAL AIRPORT, TX US","2016-11-16","4.70",,"65","84","50","  130"
"USW00012960","HOUSTON INTERCONTINENTAL AIRPORT, TX US","2016-11-17","8.05",,"70","83","57","  160"
"USW00012960","HOUSTON INTERCONTINENTAL AIRPORT, TX US","2016-11-18","9.84",,"72","83","56","  340"
"USW00012960","HOUSTON INTERCONTINENTAL AIRPORT, TX US","2016-11-19","11.63",,"57","65","44","   20"
"USW00012960","HOUSTON INTERCONTINENTAL AIRPORT, TX US","2016-11-20","4.92",,"51","66","36","  110"
"USW00012960","HOUSTON INTERCONTINENTAL AIRPORT, TX US","2016-11-21","6.49",,"57","76","42","  150"
"USW00012960","HOUSTON INTERCONTINENTAL AIRPORT, TX US","2016-11-22","9.17",,"66","82","54","  150"
"USW00012960","HOUSTON INTERCONTINENTAL AIRPORT, TX US","2016-11-23","7.16",,"70","74","52","  320"
"USW00012960","HOUSTON INTERCONTINENTAL AIRPORT, TX US","2016-11-24","3.80",,"60","74","49","  120"
"USW00012960","HOUSTON INTERCONTINENTAL AIRPORT, TX US","2016-11-25","4.25",,"63","76","54","   10"
"USW00012960","HOUSTON INTERCONTINENTAL AIRPORT, TX US","2016-11-26","5.37",,"63","71","53","  120"
"USW00012960","HOUSTON INTERCONTINENTAL AIRPORT, TX US","2016-11-27","11.41",,"60","73","49","  140"
"USW00012960","HOUSTON INTERCONTINENTAL AIRPORT, TX US","2016-11-28","8.05",,"74","82","55","  210"
"USW00012960","HOUSTON INTERCONTINENTAL AIRPORT, TX US","2016-11-29","5.14",,"69","84","53","  230"
"USW00012960","HOUSTON INTERCONTINENTAL AIRPORT, TX US","2016-11-30","8.95",,"66","69","44","  340"
"USW00012960","HOUSTON INTERCONTINENTAL AIRPORT, TX US","2016-12-01","5.59",,"52","66","36","   90"
"USW00012960","HOUSTON INTERCONTINENTAL AIRPORT, TX US","2016-12-02","10.96",,"56","65","45","  110"
"USW00012960","HOUSTON INTERCONTINENTAL AIRPORT, TX US","2016-12-03","11.63",,"53","56","50","   50"
"USW00012960","HOUSTON INTERCONTINENTAL AIRPORT, TX US","2016-12-04","9.40",,"52","53","51","   40"
"USW00012960","HOUSTON INTERCONTINENTAL AIRPORT, TX US","2016-12-05","7.61",,"52","54","50","   30"
"USW00012960","HOUSTON INTERCONTINENTAL AIRPORT, TX US","2016-12-06","5.82",,"56","70","48","   20"
"USW00012960","HOUSTON INTERCONTINENTAL AIRPORT, TX US","2016-12-07","6.26",,"53","57","46","   10"
"USW00012960","HOUSTON INTERCONTINENTAL AIRPORT, TX US","2016-12-08","17.90",,"51","56","40","   20"
"USW00012960","HOUSTON INTERCONTINENTAL AIRPORT, TX US","2016-12-09","9.62",,"42","51","38","   40"
"USW00012960","HOUSTON INTERCONTINENTAL AIRPORT, TX US","2016-12-10","8.05",,"45","56","34","  120"
"USW00012960","HOUSTON INTERCONTINENTAL AIRPORT, TX US","2016-12-11","8.50",,"62","76","52","  190"
"USW00012960","HOUSTON INTERCONTINENTAL AIRPORT, TX US","2016-12-12","2.24",,"69","71","64","  340"
"USW00012960","HOUSTON INTERCONTINENTAL AIRPORT, TX US","2016-12-13","5.14",,"68","75","62","  220"
"USW00012960","HOUSTON INTERCONTINENTAL AIRPORT, TX US","2016-12-14","6.71",,"62","63","57","   50"
"USW00012960","HOUSTON INTERCONTINENTAL AIRPORT, TX US","2016-12-15","9.84",,"54","59","44","   40"
"USW00012960","HOUSTON INTERCONTINENTAL AIRPORT, TX US","2016-12-16","7.61",,"54","74","43","  180"
"USW00012960","HOUSTON INTERCONTINENTAL AIRPORT, TX US","2016-12-17","11.18",,"75","81","46","  330"
"USW00012960","HOUSTON INTERCONTINENTAL AIRPORT, TX US","2016-12-18","20.13",,"47","46","33","  360"
"USW00012960","HOUSTON INTERCONTINENTAL AIRPORT, TX US","2016-12-19","10.96",,"38","50","30","   20"
"USW00012960","HOUSTON INTERCONTINENTAL AIRPORT, TX US","2016-12-20","3.80",,"43","59","35","   20"
"USW00012960","HOUSTON INTERCONTINENTAL AIRPORT, TX US","2016-12-21","5.59",,"55","72","45","  220"
"USW00012960","HOUSTON INTERCONTINENTAL AIRPORT, TX US","2016-12-22","4.47",,"67","73","59","  330"
"USW00012960","HOUSTON INTERCONTINENTAL AIRPORT, TX US","2016-12-23","8.28",,"67","78","63","  170"
"USW00012960","HOUSTON INTERCONTINENTAL AIRPORT, TX US","2016-12-24","10.51",,"72","80","68","  140"
"USW00012960","HOUSTON INTERCONTINENTAL AIRPORT, TX US","2016-12-25","14.99",,"73","80","69","  150"
"USW00012960","HOUSTON INTERCONTINENTAL AIRPORT, TX US","2016-12-26","10.29",,"75","84","71","  180"
"USW00012960","HOUSTON INTERCONTINENTAL AIRPORT, TX US","2016-12-27","2.91",,"73","83","67","  150"
"USW00012960","HOUSTON INTERCONTINENTAL AIRPORT, TX US","2016-12-28","5.82",,"74","82","70","  220"
"USW00012960","HOUSTON INTERCONTINENTAL AIRPORT, TX US","2016-12-29","13.87",,"69","72","52","   20"
"USW00012960","HOUSTON INTERCONTINENTAL AIRPORT, TX US","2016-12-30","6.71",,"52","56","48","   90"
"USW00012960","HOUSTON INTERCONTINENTAL AIRPORT, TX US","2016-12-31","2.46",,"58","68","51","  150"
"USW00012960","HOUSTON INTERCONTINENTAL AIRPORT, TX US","2017-01-01","3.13",,"67","75","63","  140"
"USW00012960","HOUSTON INTERCONTINENTAL AIRPORT, TX US","2017-01-02","6.26",,"69","74","52","  330"
"USW00012960","HOUSTON INTERCONTINENTAL AIRPORT, TX US","2017-01-03","8.50",,"62","76","48","  330"
"USW00012960","HOUSTON INTERCONTINENTAL AIRPORT, TX US","2017-01-04","7.83",,"50","53","42","  350"
"USW00012960","HOUSTON INTERCONTINENTAL AIRPORT, TX US","2017-01-05","7.16",,"50","56","44","   10"
"USW00012960","HOUSTON INTERCONTINENTAL AIRPORT, TX US","2017-01-06","16.33",,"40","44","26","  360"
"USW00012960","HOUSTON INTERCONTINENTAL AIRPORT, TX US","2017-01-07","9.84",,"30","43","21","  340"
"USW00012960","HOUSTON INTERCONTINENTAL AIRPORT, TX US","2017-01-08","5.82",,"35","50","23","  130"
"USW00012960","HOUSTON INTERCONTINENTAL AIRPORT, TX US","2017-01-09","10.74",,"50","67","42","  150"
"USW00012960","HOUSTON INTERCONTINENTAL AIRPORT, TX US","2017-01-10","10.29",,"68","78","63","  210"
"USW00012960","HOUSTON INTERCONTINENTAL AIRPORT, TX US","2017-01-11","12.30",,"71","80","66","  190"
"USW00012960","HOUSTON INTERCONTINENTAL AIRPORT, TX US","2017-01-12","11.41",,"73","81","67","  140"
"USW00012960","HOUSTON INTERCONTINENTAL AIRPORT, TX US","2017-01-13","11.41",,"71","79","67","  130"
"USW00012960","HOUSTON INTERCONTINENTAL AIRPORT, TX US","2017-01-14","8.72",,"70","77","59","  150"
"USW00012960","HOUSTON INTERCONTINENTAL AIRPORT, TX US","2017-01-15","14.32",,"67","76","62","  140"
"USW00012960","HOUSTON INTERCONTINENTAL AIRPORT, TX US","2017-01-16","11.18",,"72","80","67","  170"
"USW00012960","HOUSTON INTERCONTINENTAL AIRPORT, TX US","2017-01-17","8.05",,"67","72","59","   10"
"USW00012960","HOUSTON INTERCONTINENTAL AIRPORT, TX US","2017-01-18","6.26",,"63","74","56","  300"
"USW00012960","HOUSTON INTERCONTINENTAL AIRPORT, TX US","2017-01-19","4.70",,"58","64","55","  290"
"USW00012960","HOUSTON INTERCONTINENTAL AIRPORT, TX US","2017-01-20","5.82",,"65","78","57","  300"
"USW00012960","HOUSTON INTERCONTINENTAL AIRPORT, TX US","2017-01-21","5.82",,"67","78","62","  310"
"USW00012960","HOUSTON INTERCONTINENTAL AIRPORT, TX US","2017-01-22","15.66",,"63","68","57","  300"
"USW00012960","HOUSTON INTERCONTINENTAL AIRPORT, TX US","2017-01-23","6.93",,"60","72","48","  260"
"USW00012960","HOUSTON INTERCONTINENTAL AIRPORT, TX US","2017-01-24","10.96",,"63","80","48","  180"
"USW00012960","HOUSTON INTERCONTINENTAL AIRPORT, TX US","2017-01-25","10.96",,"70","76","54","  330"
"USW00012960","HOUSTON INTERCONTINENTAL AIRPORT, TX US","2017-01-26","8.50",,"54","61","42","  360"
"USW00012960","HOUSTON INTERCONTINENTAL AIRPORT, TX US","2017-01-27","6.04",,"47","57","39","  350"
"USW00012960","HOUSTON INTERCONTINENTAL AIRPORT, TX US","2017-01-28","8.72",,"52","61","45","  310"
"USW00012960","HOUSTON INTERCONTINENTAL AIRPORT, TX US","2017-01-29","8.05",,"52","68","39","  310"
"USW00012960","HOUSTON INTERCONTINENTAL AIRPORT, TX US","2017-01-30","6.04",,"58","77","42","  250"
"USW00012960","HOUSTON INTERCONTINENTAL AIRPORT, TX US","2017-01-31","6.26",,"63","76","48","  230"
"USW00012960","HOUSTON INTERCONTINENTAL AIRPORT, TX US","2017-02-01","7.61",,"67","81","54","  230"
"USW00012960","HOUSTON INTERCONTINENTAL AIRPORT, TX US","2017-02-02","8.28",,"69","72","54","  350"
"USW00012960","HOUSTON INTERCONTINENTAL AIRPORT, TX US","2017-02-03","12.30",,"56","65","49","   10"
"USW00012960","HOUSTON INTERCONTINENTAL AIRPORT, TX US","2017-02-04","10.07",,"52","62","48","   80"
"USW00012960","HOUSTON INTERCONTINENTAL AIRPORT, TX US","2017-02-05","10.07",,"67","79","62","  170"
"USW00012960","HOUSTON INTERCONTINENTAL AIRPORT, TX US","2017-02-06","11.18",,"72","81","68","  170"
"USW00012960","HOUSTON INTERCONTINENTAL AIRPORT, TX US","2017-02-07","8.05",,"75","86","65","  230"
"USW00012960","HOUSTON INTERCONTINENTAL AIRPORT, TX US","2017-02-08","10.74",,"74","87","61","  350"
"USW00012960","HOUSTON INTERCONTINENTAL AIRPORT, TX US","2017-02-09","8.50",,"63","71","49","  340"
"USW00012960","HOUSTON INTERCONTINENTAL AIRPORT, TX US","2017-02-10","9.62",,"60","77","47","  150"
"USW00012960","HOUSTON INTERCONTINENTAL AIRPORT, TX US","2017-02-11","10.29",,"75","85","71","  210"
"USW00012960","HOUSTON INTERCONTINENTAL AIRPORT, TX US","2017-02-12","5.82",,"76","86","69","  220"
"USW00012960","HOUSTON INTERCONTINENTAL AIRPORT, TX US","2017-02-13","10.51",,"71","77","65","  110"
"USW00012960","HOUSTON INTERCONTINENTAL AIRPORT, TX US","2017-02-14","12.75",,"64","69","52","  290"
"USW00012960","HOUSTON INTERCONTINENTAL AIRPORT, TX US","2017-02-15","11.41",,"54","65","48","  340"
"USW00012960","HOUSTON INTERCONTINENTAL AIRPORT, TX US","2017-02-16","2.68",,"54","68","40","  210"
"USW00012960","HOUSTON INTERCONTINENTAL AIRPORT, TX US","2017-02-17","8.05",,"57","67","46","  130"
"USW00012960","HOUSTON INTERCONTINENTAL AIRPORT, TX US","2017-02-18","6.93",,"66","84","53","  180"
"USW00012960","HOUSTON INTERCONTINENTAL AIRPORT, TX US","2017-02-19","14.32",,"72","79","68","  140"
"USW00012960","HOUSTON INTERCONTINENTAL AIRPORT, TX US","2017-02-20","8.05",,"67","71","58","  320"
"USW00012960","HOUSTON INTERCONTINENTAL AIRPORT, TX US","2017-02-21","6.26",,"63","77","54","  330"
"USW00012960","HOUSTON INTERCONTINENTAL AIRPORT, TX US","2017-02-22","4.47",,"66","83","51","  310"
"USW00012960","HOUSTON INTERCONTINENTAL AIRPORT, TX US","2017-02-23","9.40",,"67","83","50","  150"
"USW00012960","HOUSTON INTERCONTINENTAL AIRPORT, TX US","2017-02-24","10.29",,"71","84","58","  340"
"USW00012960","HOUSTON INTERCONTINENTAL AIRPORT, TX US","2017-02-25","8.72",,"60","69","47","   40"
"USW00012960","HOUSTON INTERCONTINENTAL AIRPORT, TX US","2017-02-26","12.30",,"58","75","44","  150"
"USW00012960","HOUSTON INTERCONTINENTAL AIRPORT, TX US","2017-02-27","9.62",,"72","83","68","  140"
"USW00012960","HOUSTON INTERCONTINENTAL AIRPORT, TX US","2017-02-28","12.30",,"76","83","73","  160"
"USW00012960","HOUSTON INTERCONTINENTAL AIRPORT, TX US","2017-03-01","11.41",,"77","84","58","  340"
"USW00012960","HOUSTON INTERCONTINENTAL AIRPORT, TX US","2017-03-02","9.84",,"60","69","49","   50"
"USW00012960","HOUSTON INTERCONTINENTAL AIRPORT, TX US","2017-03-03","9.40",,"57","71","44","   80"
"USW00012960","HOUSTON INTERCONTINENTAL AIRPORT, TX US","2017-03-04","8.95",,"59","66","53","  110"
"USW00012960","HOUSTON INTERCONTINENTAL AIRPORT, TX US","2017-03-05","12.30",,"62","69","58","  140"
"USW00012960","HOUSTON INTERCONTINENTAL AIRPORT, TX US","2017-03-06","13.20",,"71","79","69","  150"
"USW00012960","HOUSTON INTERCONTINENTAL AIRPORT, TX US","2017-03-07","9.17",,"74","81","61","   10"
"USW00012960","HOUSTON INTERCONTINENTAL AIRPORT, TX US","2017-03-08","9.40",,"64","73","59","   60"
"USW00012960","HOUSTON INTERCONTINENTAL AIRPORT, TX US","2017-03-09","9.17",,"69","78","65","  150"
"USW00012960","HOUSTON INTERCONTINENTAL AIRPORT, TX US","2017-03-10","5.59",,"72","78","66","  150"
"USW00012960","HOUSTON INTERCONTINENTAL AIRPORT, TX US","2017-03-11","7.61",,"69","71","63","  100"
"USW00012960","HOUSTON INTERCONTINENTAL AIRPORT, TX US","2017-03-12","11.41",,"57","64","48","   40"
"USW00012960","HOUSTON INTERCONTINENTAL AIRPORT, TX US","2017-03-13","6.93",,"57","69","50","  340"
"USW00012960","HOUSTON INTERCONTINENTAL AIRPORT, TX US","2017-03-14","4.92",,"55","69","43","   30"
"USW00012960","HOUSTON INTERCONTINENTAL AIRPORT, TX US","2017-03-15","8.28",,"57","68","46","  150"
"USW00012960","HOUSTON INTERCONTINENTAL AIRPORT, TX US","2017-03-16","11.63",,"62","73","52","  170"
"USW00012960","HOUSTON INTERCONTINENTAL AIRPORT, TX US","2017-03-17","11.41",,"71","80","61","  140"
"USW00012960","HOUSTON INTERCONTINENTAL AIRPORT, TX US","2017-03-18","5.59",,"69","84","59","  130"
"USW00012960","HOUSTON INTERCONTINENTAL AIRPORT, TX US","2017-03-19","6.26",,"73","85","61","  160"
"USW00012960","HOUSTON INTERCONTINENTAL AIRPORT, TX US","2017-03-20","7.38",,"74","86","67","  220"
"USW00012960","HOUSTON INTERCONTINENTAL AIRPORT, TX US","2017-03-21","7.16",,"73","86","61","  170"
"USW00012960","HOUSTON INTERCONTINENTAL AIRPORT, TX US","2017-03-22","6.71",,"73","85","58","  160"
"USW00012960","HOUSTON INTERCONTINENTAL AIRPORT, TX US","2017-03-23","11.86",,"73","86","62","  150"
"USW00012960","HOUSTON INTERCONTINENTAL AIRPORT, TX US","2017-03-24","17.00",,"73","81","65","  260"
"USW00012960","HOUSTON INTERCONTINENTAL AIRPORT, TX US","2017-03-25","6.04",,"73","81","60","  230"
"USW00012960","HOUSTON INTERCONTINENTAL AIRPORT, TX US","2017-03-26","10.29",,"72","86","61","  160"
"USW00012960","HOUSTON INTERCONTINENTAL AIRPORT, TX US","2017-03-27","8.28",,"76","87","69","  160"
"USW00012960","HOUSTON INTERCONTINENTAL AIRPORT, TX US","2017-03-28","14.99",,"75","83","68","  150"
"USW00012960","HOUSTON INTERCONTINENTAL AIRPORT, TX US","2017-03-29","6.71",,"74","79","64","  150"
"USW00012960","HOUSTON INTERCONTINENTAL AIRPORT, TX US","2017-03-30","7.61",,"68","77","59","  340"
"USW00012960","HOUSTON INTERCONTINENTAL AIRPORT, TX US","2017-03-31","8.95",,"69","86","54","  150"
"USW00012960","HOUSTON INTERCONTINENTAL AIRPORT, TX US","2017-04-01","12.97",,"70","79","61","  130"
"USW00012960","HOUSTON INTERCONTINENTAL AIRPORT, TX US","2017-04-02","11.18",,"74","83","68","  340"
"USW00012960","HOUSTON INTERCONTINENTAL AIRPORT, TX US","2017-04-03","7.38",,"71","86","57","  300"
"USW00012960","HOUSTON INTERCONTINENTAL AIRPORT, TX US","2017-04-04","7.61",,"74","88","59","  140"
"USW00012960","HOUSTON INTERCONTINENTAL AIRPORT, TX US","2017-04-05","12.75",,"71","75","54","  340"
"USW00012960","HOUSTON INTERCONTINENTAL AIRPORT, TX US","2017-04-06","3.36",,"65","79","50","  340"
"USW00012960","HOUSTON INTERCONTINENTAL AIRPORT, TX US","2017-04-07","4.47",,"66","81","51","  130"
"USW00012960","HOUSTON INTERCONTINENTAL AIRPORT, TX US","2017-04-08","9.40",,"69","81","53","  160"
"USW00012960","HOUSTON INTERCONTINENTAL AIRPORT, TX US","2017-04-09","12.75",,"72","83","65","  150"
"USW00012960","HOUSTON INTERCONTINENTAL AIRPORT, TX US","2017-04-10","12.53",,"74","80","72","  150"
"USW00012960","HOUSTON INTERCONTINENTAL AIRPORT, TX US","2017-04-11","8.50",,"71","76","61","   10"
"USW00012960","HOUSTON INTERCONTINENTAL AIRPORT, TX US","2017-04-12","5.82",,"67","80","60","  140"
"USW00012960","HOUSTON INTERCONTINENTAL AIRPORT, TX US","2017-04-13","8.28",,"72","82","63","  140"
"USW00012960","HOUSTON INTERCONTINENTAL AIRPORT, TX US","2017-04-14","8.28",,"71","82","61","  120"
"USW00012960","HOUSTON INTERCONTINENTAL AIRPORT, TX US","2017-04-15","7.16",,"72","84","63","  160"
"USW00012960","HOUSTON INTERCONTINENTAL AIRPORT, TX US","2017-04-16","8.50",,"75","85","66","  170"
"USW00012960","HOUSTON INTERCONTINENTAL AIRPORT, TX US","2017-04-17","6.49",,"74","83","66","  130"
"USW00012960","HOUSTON INTERCONTINENTAL AIRPORT, TX US","2017-04-18","8.05",,"70","77","67","  130"
"USW00012960","HOUSTON INTERCONTINENTAL AIRPORT, TX US","2017-04-19","9.62",,"73","83","66","  140"
"USW00012960","HOUSTON INTERCONTINENTAL AIRPORT, TX US","2017-04-20","7.83",,"76","86","68","  120"
"USW00012960","HOUSTON INTERCONTINENTAL AIRPORT, TX US","2017-04-21","8.50",,"76","88","67","  150"
"USW00012960","HOUSTON INTERCONTINENTAL AIRPORT, TX US","2017-04-22","11.63",,"74","84","60","  360"
"USW00012960","HOUSTON INTERCONTINENTAL AIRPORT, TX US","2017-04-23","10.96",,"63","74","53","  340"
"USW00012960","HOUSTON INTERCONTINENTAL AIRPORT, TX US","2017-04-24","4.25",,"66","81","52","  190"
"USW00012960","HOUSTON INTERCONTINENTAL AIRPORT, TX US","2017-04-25","12.53",,"73","85","65","  160"
"USW00012960","HOUSTON INTERCONTINENTAL AIRPORT, TX US","2017-04-26","12.75",,"80","91","63","  340"
"USW00012960","HOUSTON INTERCONTINENTAL AIRPORT, TX US","2017-04-27","9.17",,"68","81","53","  150"
"USW00012960","HOUSTON INTERCONTINENTAL AIRPORT, TX US","2017-04-28","16.55",,"79","90","74","  140"
"USW00012960","HOUSTON INTERCONTINENTAL AIRPORT, TX US","2017-04-29","18.57",,"81","85","63","  150"
"USW00012960","HOUSTON INTERCONTINENTAL AIRPORT, TX US","2017-04-30","8.72",,"69","76","56","  300"
"USW00012960","HOUSTON INTERCONTINENTAL AIRPORT, TX US","2017-05-01","7.38",,"68","88","51","  170"
"USW00012960","HOUSTON INTERCONTINENTAL AIRPORT, TX US","2017-05-02","10.51",,"74","86","59","  140"
"USW00012960","HOUSTON INTERCONTINENTAL AIRPORT, TX US","2017-05-03","12.30",,"78","86","63","  330"
"USW00012960","HOUSTON INTERCONTINENTAL AIRPORT, TX US","2017-05-04","14.76",,"68","77","57","  350"
"USW00012960","HOUSTON INTERCONTINENTAL AIRPORT, TX US","2017-05-05","8.05",,"68","82","57","   10"
"USW00012960","HOUSTON INTERCONTINENTAL AIRPORT, TX US","2017-05-06","4.03",,"69","85","52","  140"
"USW00012960","HOUSTON INTERCONTINENTAL AIRPORT, TX US","2017-05-07","7.16",,"73","84","56","  120"
"USW00012960","HOUSTON INTERCONTINENTAL AIRPORT, TX US","2017-05-08","10.29",,"72","83","60","  150"
"USW00012960","HOUSTON INTERCONTINENTAL AIRPORT, TX US","2017-05-09","9.62",,"74","84","63","  140"
"USW00012960","HOUSTON INTERCONTINENTAL AIRPORT, TX US","2017-05-10","11.41",,"76","83","68","  110"
"USW00012960","HOUSTON INTERCONTINENTAL AIRPORT, TX US","2017-05-11","10.07",,"78","86","73","  170"
"USW00012960","HOUSTON INTERCONTINENTAL AIRPORT, TX US","2017-05-12","10.51",,"78","85","70","  300"
"USW00012960","HOUSTON INTERCONTINENTAL AIRPORT, TX US","2017-05-13","8.05",,"75","87","64","   20"
"USW00012960","HOUSTON INTERCONTINENTAL AIRPORT, TX US","2017-05-14","5.37",,"75","87","63","  160"
"USW00012960","HOUSTON INTERCONTINENTAL AIRPORT, TX US","2017-05-15","8.50",,"75","87","61","  140"
"USW00012960","HOUSTON INTERCONTINENTAL AIRPORT, TX US","2017-05-16","14.99",,"77","88","69","  150"
"USW00012960","HOUSTON INTERCONTINENTAL AIRPORT, TX US","2017-05-17","13.87",,"79","87","76","  150"
"USW00012960","HOUSTON INTERCONTINENTAL AIRPORT, TX US","2017-05-18","15.88",,"82","91","78","  150"
"USW00012960","HOUSTON INTERCONTINENTAL AIRPORT, TX US","2017-05-19","16.33",,"82","89","78","  150"
"USW00012960","HOUSTON INTERCONTINENTAL AIRPORT, TX US","2017-05-20","8.05",,"82","90","76","  140"
"USW00012960","HOUSTON INTERCONTINENTAL AIRPORT, TX US","2017-05-21","9.17",,"79","91","73","   50"
"USW00012960","HOUSTON INTERCONTINENTAL AIRPORT, TX US","2017-05-22","8.72",,"73","78","68","  160"
"USW00012960","HOUSTON INTERCONTINENTAL AIRPORT, TX US","2017-05-23","7.61",,"73","88","64","  330"
"USW00012960","HOUSTON INTERCONTINENTAL AIRPORT, TX US","2017-05-24","8.72",,"71","84","58","  280"
"USW00012960","HOUSTON INTERCONTINENTAL AIRPORT, TX US","2017-05-25","10.74",,"75","90","60","  150"
"USW00012960","HOUSTON INTERCONTINENTAL AIRPORT, TX US","2017-05-26","11.18",,"81","91","74","  160"
"USW00012960","HOUSTON INTERCONTINENTAL AIRPORT, TX US","2017-05-27","11.63",,"85","93","80","  160"
"USW00012960","HOUSTON INTERCONTINENTAL AIRPORT, TX US","2017-05-28","10.51",,"84","92","70","   30"
"USW00012960","HOUSTON INTERCONTINENTAL AIRPORT, TX US","2017-05-29","6.26",,"76","82","69","  120"
"USW00012960","HOUSTON INTERCONTINENTAL AIRPORT, TX US","2017-05-30","8.28",,"78","89","70","   50"
"USW00012960","HOUSTON INTERCONTINENTAL AIRPORT, TX US","2017-05-31","6.71",,"78","88","71",
"USW00012960","HOUSTON INTERCONTINENTAL AIRPORT, TX US","2017-06-01","8.95",,"78","84","72","  140"
"USW00012960","HOUSTON INTERCONTINENTAL AIRPORT, TX US","2017-06-02","7.38",,"78","86","72","  100"
"USW00012960","HOUSTON INTERCONTINENTAL AIRPORT, TX US","2017-06-03","5.37",,"80","92","73","  140"
"USW00012960","HOUSTON INTERCONTINENTAL AIRPORT, TX US","2017-06-04","5.59",,"78","86","70","  320"
"USW00012960","HOUSTON INTERCONTINENTAL AIRPORT, TX US","2017-06-05","3.36",,"75","84","71","  100"
"USW00012960","HOUSTON INTERCONTINENTAL AIRPORT, TX US","2017-06-06","7.61",,"77","89","71","   40"
"USW00012960","HOUSTON INTERCONTINENTAL AIRPORT, TX US","2017-06-07","7.61",,"81","93","73","   30"
"USW00012960","HOUSTON INTERCONTINENTAL AIRPORT, TX US","2017-06-08","5.82",,"80","89","68","   30"
"USW00012960","HOUSTON INTERCONTINENTAL AIRPORT, TX US","2017-06-09","4.70",,"77","86","67","  130"
"USW00012960","HOUSTON INTERCONTINENTAL AIRPORT, TX US","2017-06-10","8.50",,"78","88","67","  140"
"USW00012960","HOUSTON INTERCONTINENTAL AIRPORT, TX US","2017-06-11","8.72",,"80","91","69","  150"
"USW00012960","HOUSTON INTERCONTINENTAL AIRPORT, TX US","2017-06-12","10.96",,"83","91","75","  150"
"USW00012960","HOUSTON INTERCONTINENTAL AIRPORT, TX US","2017-06-13","12.75",,"83","90","77","  150"
"USW00012960","HOUSTON INTERCONTINENTAL AIRPORT, TX US","2017-06-14","9.84",,"85","92","77","  160"
"USW00012960","HOUSTON INTERCONTINENTAL AIRPORT, TX US","2017-06-15","7.16",,"85","95","77","  160"
"USW00012960","HOUSTON INTERCONTINENTAL AIRPORT, TX US","2017-06-16","8.05",,"85","96","77","  170"
"USW00012960","HOUSTON INTERCONTINENTAL AIRPORT, TX US","2017-06-17","9.62",,"85","93","79","  200"
"USW00012960","HOUSTON INTERCONTINENTAL AIRPORT, TX US","2017-06-18","9.62",,"86","96","78","  150"
"USW00012960","HOUSTON INTERCONTINENTAL AIRPORT, TX US","2017-06-19","4.25",,"85","96","75","   20"
"USW00012960","HOUSTON INTERCONTINENTAL AIRPORT, TX US","2017-06-20","9.40",,"86","95","77","   40"
"USW00012960","HOUSTON INTERCONTINENTAL AIRPORT, TX US","2017-06-21","15.43",,"82","90","76","   40"
"USW00012960","HOUSTON INTERCONTINENTAL AIRPORT, TX US","2017-06-22","9.17",,"79","89","76","  250"
"USW00012960","HOUSTON INTERCONTINENTAL AIRPORT, TX US","2017-06-23","9.40",,"86","96","80","  150"
"USW00012960","HOUSTON INTERCONTINENTAL AIRPORT, TX US","2017-06-24","6.26",,"81","86","74","  260"
"USW00012960","HOUSTON INTERCONTINENTAL AIRPORT, TX US","2017-06-25","8.05",,"79","87","70","  120"
"USW00012960","HOUSTON INTERCONTINENTAL AIRPORT, TX US","2017-06-26","7.38",,"79","90","73","  100"
"USW00012960","HOUSTON INTERCONTINENTAL AIRPORT, TX US","2017-06-27","8.50",,"79","87","74","  120"
"USW00012960","HOUSTON INTERCONTINENTAL AIRPORT, TX US","2017-06-28","10.51",,"80","90","74","  110"
"USW00012960","HOUSTON INTERCONTINENTAL AIRPORT, TX US","2017-06-29","7.61",,"81","91","74","  160"
"USW00012960","HOUSTON INTERCONTINENTAL AIRPORT, TX US","2017-06-30","10.74",,"85","93","80","  170"
"USW00012960","HOUSTON INTERCONTINENTAL AIRPORT, TX US","2017-07-01","7.61",,"86","94","77","  150"
"USW00012960","HOUSTON INTERCONTINENTAL AIRPORT, TX US","2017-07-02","8.50",,"85","94","76","  130"
"USW00012960","HOUSTON INTERCONTINENTAL AIRPORT, TX US","2017-07-03","8.05",,"85","95","78","  150"
"USW00012960","HOUSTON INTERCONTINENTAL AIRPORT, TX US","2017-07-04","6.26",,"86","96","79","  140"
"USW00012960","HOUSTON INTERCONTINENTAL AIRPORT, TX US","2017-07-05","7.61",,"86","95","77","  140"
"USW00012960","HOUSTON INTERCONTINENTAL AIRPORT, TX US","2017-07-06","6.26",,"85","94","76","  140"
"USW00012960","HOUSTON INTERCONTINENTAL AIRPORT, TX US","2017-07-07","4.25",,"85","95","76","  180"
"USW00012960","HOUSTON INTERCONTINENTAL AIRPORT, TX US","2017-07-08","3.80",,"85","96","76","   50"
"USW00012960","HOUSTON INTERCONTINENTAL AIRPORT, TX US","2017-07-09","6.49",,"84","96","73","  160"
"USW00012960","HOUSTON INTERCONTINENTAL AIRPORT, TX US","2017-07-10","6.93",,"77","84","73","  330"
"USW00012960","HOUSTON INTERCONTINENTAL AIRPORT, TX US","2017-07-11","4.70",,"82","93","75","  150"
"USW00012960","HOUSTON INTERCONTINENTAL AIRPORT, TX US","2017-07-12","5.82",,"82","90","75","  120"
"USW00012960","HOUSTON INTERCONTINENTAL AIRPORT, TX US","2017-07-13","4.25",,"83","93","75","  110"
"USW00012960","HOUSTON INTERCONTINENTAL AIRPORT, TX US","2017-07-14","4.25",,"85","96","76","  130"
"USW00012960","HOUSTON INTERCONTINENTAL AIRPORT, TX US","2017-07-15","4.03",,"83","93","73","   50"
"USW00012960","HOUSTON INTERCONTINENTAL AIRPORT, TX US","2017-07-16","4.70",,"79","92","73","  140"
"USW00012960","HOUSTON INTERCONTINENTAL AIRPORT, TX US","2017-07-17","4.47",,"84","92","78","  160"
"USW00012960","HOUSTON INTERCONTINENTAL AIRPORT, TX US","2017-07-18","3.80",,"84","92","77","  140"
"USW00012960","HOUSTON INTERCONTINENTAL AIRPORT, TX US","2017-07-19","3.80",,"83","94","75","  140"
"USW00012960","HOUSTON INTERCONTINENTAL AIRPORT, TX US","2017-07-20","4.70",,"86","97","77","  170"
"USW00012960","HOUSTON INTERCONTINENTAL AIRPORT, TX US","2017-07-21","4.03",,"86","96","76","  130"
"USW00012960","HOUSTON INTERCONTINENTAL AIRPORT, TX US","2017-07-22","4.92",,"84","94","74","  280"
"USW00012960","HOUSTON INTERCONTINENTAL AIRPORT, TX US","2017-07-23","6.49",,"83","94","78","  170"
"USW00012960","HOUSTON INTERCONTINENTAL AIRPORT, TX US","2017-07-24","6.93",,"87","96","80","  160"
"USW00012960","HOUSTON INTERCONTINENTAL AIRPORT, TX US","2017-07-25","7.83",,"86","95","77","  160"
"USW00012960","HOUSTON INTERCONTINENTAL AIRPORT, TX US","2017-07-26","6.49",,"86","97","77","  160"
"USW00012960","HOUSTON INTERCONTINENTAL AIRPORT, TX US","2017-07-27","5.59",,"86","98","76","  150"
"USW00012960","HOUSTON INTERCONTINENTAL AIRPORT, TX US","2017-07-28","6.04",,"87","99","79","  160"
"USW00012960","HOUSTON INTERCONTINENTAL AIRPORT, TX US","2017-07-29","7.16",,"88","100","80","  240"
"USW00012960","HOUSTON INTERCONTINENTAL AIRPORT, TX US","2017-07-30","7.16",,"87","96","77","   40"
"USW00012960","HOUSTON INTERCONTINENTAL AIRPORT, TX US","2017-07-31","6.26",,"83","93","72","   50"
"USW00012960","HOUSTON INTERCONTINENTAL AIRPORT, TX US","2017-08-01","7.61",,"83","93","73","  100"
"USW00012960","HOUSTON INTERCONTINENTAL AIRPORT, TX US","2017-08-02","6.93",,"81","90","75","   60"
"USW00012960","HOUSTON INTERCONTINENTAL AIRPORT, TX US","2017-08-03","5.82",,"79","89","75","   10"
"USW00012960","HOUSTON INTERCONTINENTAL AIRPORT, TX US","2017-08-04","4.70",,"82","93","75","  320"
"USW00012960","HOUSTON INTERCONTINENTAL AIRPORT, TX US","2017-08-05","5.14",,"81","92","75","  150"
"USW00012960","HOUSTON INTERCONTINENTAL AIRPORT, TX US","2017-08-06","6.71",,"83","94","77","  200"
"USW00012960","HOUSTON INTERCONTINENTAL AIRPORT, TX US","2017-08-07","5.37",,"82","84","74","  190"
"USW00012960","HOUSTON INTERCONTINENTAL AIRPORT, TX US","2017-08-08","4.70",,"78","88","73","  220"
"USW00012960","HOUSTON INTERCONTINENTAL AIRPORT, TX US","2017-08-09","5.37",,"82","94","76","   70"
"USW00012960","HOUSTON INTERCONTINENTAL AIRPORT, TX US","2017-08-10","3.58",,"85","97","77","  150"
"USW00012960","HOUSTON INTERCONTINENTAL AIRPORT, TX US","2017-08-11","4.47",,"85","97","77","  220"
"USW00012960","HOUSTON INTERCONTINENTAL AIRPORT, TX US","2017-08-12","5.82",,"87","97","79","  160"
"USW00012960","HOUSTON INTERCONTINENTAL AIRPORT, TX US","2017-08-13","6.93",,"87","97","78","  180"
"USW00012960","HOUSTON INTERCONTINENTAL AIRPORT, TX US","2017-08-14","8.28",,"88","96","81","  160"
"USW00012960","HOUSTON INTERCONTINENTAL AIRPORT, TX US","2017-08-15","7.61",,"87","97","80","  170"
"USW00012960","HOUSTON INTERCONTINENTAL AIRPORT, TX US","2017-08-16","9.17",,"88","96","82","  160"
"USW00012960","HOUSTON INTERCONTINENTAL AIRPORT, TX US","2017-08-17","7.38",,"88","97","81","  150"
"USW00012960","HOUSTON INTERCONTINENTAL AIRPORT, TX US","2017-08-18","5.59",,"87","99","78","  140"
"USW00012960","HOUSTON INTERCONTINENTAL AIRPORT, TX US","2017-08-19","4.70",,"87","98","78","  150"
"USW00012960","HOUSTON INTERCONTINENTAL AIRPORT, TX US","2017-08-20","5.37",,"87","97","75","  150"
"USW00012960","HOUSTON INTERCONTINENTAL AIRPORT, TX US","2017-08-21","5.82",,"85","94","78","   80"
"USW00012960","HOUSTON INTERCONTINENTAL AIRPORT, TX US","2017-08-22","3.80",,"84","97","75","  150"
"USW00012960","HOUSTON INTERCONTINENTAL AIRPORT, TX US","2017-08-23","5.37",,"85","95","76","   20"
"USW00012960","HOUSTON INTERCONTINENTAL AIRPORT, TX US","2017-08-24","8.05",,"84","95","76","  110"
"USW00012960","HOUSTON INTERCONTINENTAL AIRPORT, TX US","2017-08-25","14.99",,"78","80","76","  100"
"USW00012960","HOUSTON INTERCONTINENTAL AIRPORT, TX US","2017-08-26","18.34",,"78","79","74","  170"
"USW00012960","HOUSTON INTERCONTINENTAL AIRPORT, TX US","2017-08-27","15.43",,"76","77","74","   60"
"USW00012960","HOUSTON INTERCONTINENTAL AIRPORT, TX US","2017-08-28","23.49",,"73","74","71","   40"
"USW00012960","HOUSTON INTERCONTINENTAL AIRPORT, TX US","2017-08-29","21.70",,"72","75","72","   10"
"USW00012960","HOUSTON INTERCONTINENTAL AIRPORT, TX US","2017-08-30","14.32",,"77","86","73","  340"
"USW00012960","HOUSTON INTERCONTINENTAL AIRPORT, TX US","2017-08-31","6.71",,"82","93","73","  320"
"USW00012960","HOUSTON INTERCONTINENTAL AIRPORT, TX US","2017-09-01","4.47",,"80","92","70","   90"
"USW00012960","HOUSTON INTERCONTINENTAL AIRPORT, TX US","2017-09-02","2.91",,"81","93","72","  140"
"USW00012960","HOUSTON INTERCONTINENTAL AIRPORT, TX US","2017-09-03","3.58",,"81","92","73","   40"
"USW00012960","HOUSTON INTERCONTINENTAL AIRPORT, TX US","2017-09-04","4.47",,"81","91","72","  100"
"USW00012960","HOUSTON INTERCONTINENTAL AIRPORT, TX US","2017-09-05","2.91",,"81","93","73","  170"
"USW00012960","HOUSTON INTERCONTINENTAL AIRPORT, TX US","2017-09-06","9.17",,"78","85","66","   20"
"USW00012960","HOUSTON INTERCONTINENTAL AIRPORT, TX US","2017-09-07","6.71",,"72","83","61","   50"
"USW00012960","HOUSTON INTERCONTINENTAL AIRPORT, TX US","2017-09-08","6.49",,"72","85","61","   80"
"USW00012960","HOUSTON INTERCONTINENTAL AIRPORT, TX US","2017-09-09","6.93",,"74","85","64","   30"
"USW00012960","HOUSTON INTERCONTINENTAL AIRPORT, TX US","2017-09-10","7.83",,"75","87","65","   30"
"USW00012960","HOUSTON INTERCONTINENTAL AIRPORT, TX US","2017-09-11","6.93",,"75","85","64","   30"
"USW00012960","HOUSTON INTERCONTINENTAL AIRPORT, TX US","2017-09-12","4.92",,"73","88","60","   20"
"USW00012960","HOUSTON INTERCONTINENTAL AIRPORT, TX US","2017-09-13","4.92",,"76","87","68","  230"
"USW00012960","HOUSTON INTERCONTINENTAL AIRPORT, TX US","2017-09-14","6.93",,"79","91","67","  110"
"USW00012960","HOUSTON INTERCONTINENTAL AIRPORT, TX US","2017-09-15","6.26",,"79","90","69","  170"
"USW00012960","HOUSTON INTERCONTINENTAL AIRPORT, TX US","2017-09-16","4.25",,"80","93","68","  150"
"USW00012960","HOUSTON INTERCONTINENTAL AIRPORT, TX US","2017-09-17","4.70",,"80","93","70","  110"
"USW00012960","HOUSTON INTERCONTINENTAL AIRPORT, TX US","2017-09-18","4.03",,"81","91","73","  240"
"USW00012960","HOUSTON INTERCONTINENTAL AIRPORT, TX US","2017-09-19","6.26",,"80","93","73","  130"
"USW00012960","HOUSTON INTERCONTINENTAL AIRPORT, TX US","2017-09-20","6.71",,"84","93","77","  160"
"USW00012960","HOUSTON INTERCONTINENTAL AIRPORT, TX US","2017-09-21","5.82",,"80","88","75","  150"
"USW00012960","HOUSTON INTERCONTINENTAL AIRPORT, TX US","2017-09-22","4.47",,"80","91","71","  160"
"USW00012960","HOUSTON INTERCONTINENTAL AIRPORT, TX US","2017-09-23","6.71",,"80","91","72","  150"
"USW00012960","HOUSTON INTERCONTINENTAL AIRPORT, TX US","2017-09-24","6.49",,"80","92","72","  120"
"USW00012960","HOUSTON INTERCONTINENTAL AIRPORT, TX US","2017-09-25","7.38",,"79","91","73","  120"
"USW00012960","HOUSTON INTERCONTINENTAL AIRPORT, TX US","2017-09-26","4.92",,"80","90","72","  130"
"USW00012960","HOUSTON INTERCONTINENTAL AIRPORT, TX US","2017-09-27","4.25",,"81","92","75","  130"
"USW00012960","HOUSTON INTERCONTINENTAL AIRPORT, TX US","2017-09-28","4.47",,"81","93","75","   60"
"USW00012960","HOUSTON INTERCONTINENTAL AIRPORT, TX US","2017-09-29","8.72",,"80","91","73","   70"
"USW00012960","HOUSTON INTERCONTINENTAL AIRPORT, TX US","2017-09-30","6.04",,"78","89","67","   30"
"USW00012960","HOUSTON INTERCONTINENTAL AIRPORT, TX US","2017-10-01","4.47",,"78","91","66","  120"
"USW00012960","HOUSTON INTERCONTINENTAL AIRPORT, TX US","2017-10-02","9.17",,"79","90","73","  100"
"USW00012960","HOUSTON INTERCONTINENTAL AIRPORT, TX US","2017-10-03","9.62",,"79","82","77","  140"
"USW00012960","HOUSTON INTERCONTINENTAL AIRPORT, TX US","2017-10-04","8.50",,"80","89","71","  100"
"USW00012960","HOUSTON INTERCONTINENTAL AIRPORT, TX US","2017-10-05","5.59",,"78","88","70","   80"
"USW00012960","HOUSTON INTERCONTINENTAL AIRPORT, TX US","2017-10-06","4.25",,"76","87","66","  130"
"USW00012960","HOUSTON INTERCONTINENTAL AIRPORT, TX US","2017-10-07","4.03",,"77","90","68","  360"
"USW00012960","HOUSTON INTERCONTINENTAL AIRPORT, TX US","2017-10-08","2.91",,"81","93","71","  120"
"USW00012960","HOUSTON INTERCONTINENTAL AIRPORT, TX US","2017-10-09","4.70",,"82","94","71","  150"
"USW00012960","HOUSTON INTERCONTINENTAL AIRPORT, TX US","2017-10-10","9.62",,"78","81","67","  350"
"USW00012960","HOUSTON INTERCONTINENTAL AIRPORT, TX US","2017-10-11","6.93",,"71","84","62","  360"
"USW00012960","HOUSTON INTERCONTINENTAL AIRPORT, TX US","2017-10-12","3.58",,"75","91","65","  120"
"USW00012960","HOUSTON INTERCONTINENTAL AIRPORT, TX US","2017-10-13","4.03",,"80","92","70","  150"
"USW00012960","HOUSTON INTERCONTINENTAL AIRPORT, TX US","2017-10-14","5.59",,"80","91","70","  140"
"USW00012960","HOUSTON INTERCONTINENTAL AIRPORT, TX US","2017-10-15","8.95",,"78","92","69","  350"
"USW00012960","HOUSTON INTERCONTINENTAL AIRPORT, TX US","2017-10-16","11.18",,"70","78","56","   40"
"USW00012960","HOUSTON INTERCONTINENTAL AIRPORT, TX US","2017-10-17","4.92",,"64","79","51","   50"
"USW00012960","HOUSTON INTERCONTINENTAL AIRPORT, TX US","2017-10-18","4.03",,"65","83","50","  130"
"USW00012960","HOUSTON INTERCONTINENTAL AIRPORT, TX US","2017-10-19","6.26",,"71","85","60","  130"
"USW00012960","HOUSTON INTERCONTINENTAL AIRPORT, TX US","2017-10-20","10.29",,"73","80","67","  110"
"USW00012960","HOUSTON INTERCONTINENTAL AIRPORT, TX US","2017-10-21","8.28",,"76","87","69","  140"
"USW00012960","HOUSTON INTERCONTINENTAL AIRPORT, TX US","2017-10-22","7.61",,"72","76","60","   20"
"USW00012960","HOUSTON INTERCONTINENTAL AIRPORT, TX US","2017-10-23","1.79",,"65","81","51","  330"
"USW00012960","HOUSTON INTERCONTINENTAL AIRPORT, TX US","2017-10-24","10.51",,"65","77","56","  360"
"USW00012960","HOUSTON INTERCONTINENTAL AIRPORT, TX US","2017-10-25","4.70",,"62","77","46","  280"
"USW00012960","HOUSTON INTERCONTINENTAL AIRPORT, TX US","2017-10-26","6.93",,"65","83","49","  160"
"USW00012960","HOUSTON INTERCONTINENTAL AIRPORT, TX US","2017-10-27","11.63",,"67","70","49","  340"
"USW00012960","HOUSTON INTERCONTINENTAL AIRPORT, TX US","2017-10-28","10.51",,"53","62","41","   10"
"USW00012960","HOUSTON INTERCONTINENTAL AIRPORT, TX US","2017-10-29","3.13",,"52","71","35","  220"
"USW00012960","HOUSTON INTERCONTINENTAL AIRPORT, TX US","2017-10-30","4.70",,"61","80","44","  170"
"USW00012960","HOUSTON INTERCONTINENTAL AIRPORT, TX US","2017-10-31","7.38",,"67","81","60","  120"
"USW00012960","HOUSTON INTERCONTINENTAL AIRPORT, TX US","2017-11-01","6.49",,"71","81","67","  210"
"USW00012960","HOUSTON INTERCONTINENTAL AIRPORT, TX US","2017-11-02","7.16",,"78","88","73","  210"
"USW00012960","HOUSTON INTERCONTINENTAL AIRPORT, TX US","2017-11-03","5.82",,"79","87","74","  160"
"USW00012960","HOUSTON INTERCONTINENTAL AIRPORT, TX US","2017-11-04","5.37",,"77","87","67","  270"
"USW00012960","HOUSTON INTERCONTINENTAL AIRPORT, TX US","2017-11-05","8.05",,"79","88","74","  190"
"USW00012960","HOUSTON INTERCONTINENTAL AIRPORT, TX US","2017-11-06","7.38",,"80","89","73","  160"
"USW00012960","HOUSTON INTERCONTINENTAL AIRPORT, TX US","2017-11-07","6.04",,"78","88","65","  350"
"USW00012960","HOUSTON INTERCONTINENTAL AIRPORT, TX US","2017-11-08","11.18",,"64","65","55","   10"
"USW00012960","HOUSTON INTERCONTINENTAL AIRPORT, TX US","2017-11-09","9.84",,"57","66","52","   20"
"USW00012960","HOUSTON INTERCONTINENTAL AIRPORT, TX US","2017-11-10","6.93",,"57","70","48","  100"
"USW00012960","HOUSTON INTERCONTINENTAL AIRPORT, TX US","2017-11-11","8.28",,"65","76","55","  140"
"USW00012960","HOUSTON INTERCONTINENTAL AIRPORT, TX US","2017-11-12","4.70",,"67","81","58","  110"
"USW00012960","HOUSTON INTERCONTINENTAL AIRPORT, TX US","2017-11-13","5.14",,"69","79","60","  100"
"USW00012960","HOUSTON INTERCONTINENTAL AIRPORT, TX US","2017-11-14","6.71",,"67","79","58","  140"
"USW00012960","HOUSTON INTERCONTINENTAL AIRPORT, TX US","2017-11-15","5.37",,"68","81","68",
"USW00012960","HOUSTON INTERCONTINENTAL AIRPORT, TX US","2017-11-16","9.62",,"72","81","67",
"USW00012960","HOUSTON INTERCONTINENTAL AIRPORT, TX US","2017-11-17","8.05",,"74","86","68","  160"
"USW00012960","HOUSTON INTERCONTINENTAL AIRPORT, TX US","2017-11-18","12.97",,"76","84","57","  330"
"USW00012960","HOUSTON INTERCONTINENTAL AIRPORT, TX US","2017-11-19","10.07",,"59","67","44","   10"
"USW00012960","HOUSTON INTERCONTINENTAL AIRPORT, TX US","2017-11-20","6.49",,"53","68","41","  140"
"USW00012960","HOUSTON INTERCONTINENTAL AIRPORT, TX US","2017-11-21","6.93",,"61","77","49","   40"
"USW00012960","HOUSTON INTERCONTINENTAL AIRPORT, TX US","2017-11-22","11.41",,"63","70","49","  340"
"USW00012960","HOUSTON INTERCONTINENTAL AIRPORT, TX US","2017-11-23","2.91",,"53","66","38",
"USW00012960","HOUSTON INTERCONTINENTAL AIRPORT, TX US","2017-11-24","3.58",,"54","73","38",
"USW00012960","HOUSTON INTERCONTINENTAL AIRPORT, TX US","2017-11-25","3.80",,"62","81","48","  140"
"USW00012960","HOUSTON INTERCONTINENTAL AIRPORT, TX US","2017-11-26","4.25",,"64","77","53",
"USW00012960","HOUSTON INTERCONTINENTAL AIRPORT, TX US","2017-11-27","4.70",,"59","74","46","  130"
"USW00012960","HOUSTON INTERCONTINENTAL AIRPORT, TX US","2017-11-28","6.04",,"60","77","46",
"USW00012960","HOUSTON INTERCONTINENTAL AIRPORT, TX US","2017-11-29","2.01",,"65","74","55",
"USW00012960","HOUSTON INTERCONTINENTAL AIRPORT, TX US","2017-11-30","4.92",,"62","77","49","  360"
"USW00012960","HOUSTON INTERCONTINENTAL AIRPORT, TX US","2017-12-01","2.24",,"60","76","47","   30"
"USW00012960","HOUSTON INTERCONTINENTAL AIRPORT, TX US","2017-12-02","2.46",,"60","78","48","  130"
"USW00012960","HOUSTON INTERCONTINENTAL AIRPORT, TX US","2017-12-03","6.93",,"62","69","54","  140"
"USW00012960","HOUSTON INTERCONTINENTAL AIRPORT, TX US","2017-12-04","8.50",,"71","81","67","  150"
"USW00012960","HOUSTON INTERCONTINENTAL AIRPORT, TX US","2017-12-05","10.29",,"68","76","54","  340"
"USW00012960","HOUSTON INTERCONTINENTAL AIRPORT, TX US","2017-12-06","10.96",,"49","54","42","   20"
"USW00012960","HOUSTON INTERCONTINENTAL AIRPORT, TX US","2017-12-07","10.51",,"44","46","33","  330"
"USW00012960","HOUSTON INTERCONTINENTAL AIRPORT, TX US","2017-12-08","5.59",,"37","44","29","  330"
"USW00012960","HOUSTON INTERCONTINENTAL AIRPORT, TX US","2017-12-09","3.13",,"40","62","30","  320"
"USW00012960","HOUSTON INTERCONTINENTAL AIRPORT, TX US","2017-12-10","2.91",,"47","65","35","  290"
"USW00012960","HOUSTON INTERCONTINENTAL AIRPORT, TX US","2017-12-11","5.37",,"54","75","40","  220"
"USW00012960","HOUSTON INTERCONTINENTAL AIRPORT, TX US","2017-12-12","8.05",,"57","65","41","  360"
"USW00012960","HOUSTON INTERCONTINENTAL AIRPORT, TX US","2017-12-13","2.68",,"47","59","33","  240"
"USW00012960","HOUSTON INTERCONTINENTAL AIRPORT, TX US","2017-12-14","3.36",,"52","65","43","   10"
"USW00012960","HOUSTON INTERCONTINENTAL AIRPORT, TX US","2017-12-15","7.83",,"52","57","42","  360"
"USW00012960","HOUSTON INTERCONTINENTAL AIRPORT, TX US","2017-12-16","8.72",,"49","60","38","  280"
"USW00012960","HOUSTON INTERCONTINENTAL AIRPORT, TX US","2017-12-17","3.36",,"52","62","48","   30"
"USW00012960","HOUSTON INTERCONTINENTAL AIRPORT, TX US","2017-12-18","6.04",,"59","68","56","  140"
"USW00012960","HOUSTON INTERCONTINENTAL AIRPORT, TX US","2017-12-19","9.84",,"70","79","66","  180"
"USW00012960","HOUSTON INTERCONTINENTAL AIRPORT, TX US","2017-12-20","4.70",,"71","78","55","  270"
"USW00012960","HOUSTON INTERCONTINENTAL AIRPORT, TX US","2017-12-21","6.71",,"62","79","48","  170"
"USW00012960","HOUSTON INTERCONTINENTAL AIRPORT, TX US","2017-12-22","12.30",,"76","81","45","  310"
"USW00012960","HOUSTON INTERCONTINENTAL AIRPORT, TX US","2017-12-23","7.83",,"51","56","40","  320"
"USW00012960","HOUSTON INTERCONTINENTAL AIRPORT, TX US","2017-12-24","7.38",,"49","68","37","   10"
"USW00012960","HOUSTON INTERCONTINENTAL AIRPORT, TX US","2017-12-25","8.72",,"45","54","36","  140"
"USW00012960","HOUSTON INTERCONTINENTAL AIRPORT, TX US","2017-12-26","10.74",,"49","51","47","   40"
"USW00012960","HOUSTON INTERCONTINENTAL AIRPORT, TX US","2017-12-27","12.30",,"44","47","41","   30"
"USW00012960","HOUSTON INTERCONTINENTAL AIRPORT, TX US","2017-12-28","8.05",,"41","45","38","   50"
"USW00012960","HOUSTON INTERCONTINENTAL AIRPORT, TX US","2017-12-29","7.16",,"46","54","42","  120"
"USW00012960","HOUSTON INTERCONTINENTAL AIRPORT, TX US","2017-12-30","7.38",,"54","58","50","   10"
"USW00012960","HOUSTON INTERCONTINENTAL AIRPORT, TX US","2017-12-31","13.87",,"49","52","39","   20"
"USW00012960","HOUSTON INTERCONTINENTAL AIRPORT, TX US","2018-01-01","14.76",,"38","41","30","   20"
"USW00012960","HOUSTON INTERCONTINENTAL AIRPORT, TX US","2018-01-02","9.40",,"31","34","29","  350"
"USW00012960","HOUSTON INTERCONTINENTAL AIRPORT, TX US","2018-01-03","5.82",,"33","48","25","  350"
"USW00012960","HOUSTON INTERCONTINENTAL AIRPORT, TX US","2018-01-04","3.13",,"38","55","26","  320"
"USW00012960","HOUSTON INTERCONTINENTAL AIRPORT, TX US","2018-01-05","5.37",,"46","57","35","  120"
"USW00012960","HOUSTON INTERCONTINENTAL AIRPORT, TX US","2018-01-06","6.93",,"47","66","33","  140"
"USW00012960","HOUSTON INTERCONTINENTAL AIRPORT, TX US","2018-01-07","8.28",,"55","69","44","  210"
"USW00012960","HOUSTON INTERCONTINENTAL AIRPORT, TX US","2018-01-08","10.29",,"62","66","46","  340"
"USW00012960","HOUSTON INTERCONTINENTAL AIRPORT, TX US","2018-01-09","6.49",,"50","54","44","  100"
"USW00012960","HOUSTON INTERCONTINENTAL AIRPORT, TX US","2018-01-10","7.61",,"55","63","52","  140"
"USW00012960","HOUSTON INTERCONTINENTAL AIRPORT, TX US","2018-01-11","11.63",,"62","69","40","  320"
"USW00012960","HOUSTON INTERCONTINENTAL AIRPORT, TX US","2018-01-12","14.54",,"41","49","31","  310"
"USW00012960","HOUSTON INTERCONTINENTAL AIRPORT, TX US","2018-01-13","6.71",,"40","53","30","  340"
"USW00012960","HOUSTON INTERCONTINENTAL AIRPORT, TX US","2018-01-14","6.49",,"40","55","28","  110"
"USW00012960","HOUSTON INTERCONTINENTAL AIRPORT, TX US","2018-01-15","7.38",,"47","67","34","  130"
"USW00012960","HOUSTON INTERCONTINENTAL AIRPORT, TX US","2018-01-16","17.00",,"40","54","25","  340"
"USW00012960","HOUSTON INTERCONTINENTAL AIRPORT, TX US","2018-01-17","8.50",,"27","39","19","   30"
"USW00012960","HOUSTON INTERCONTINENTAL AIRPORT, TX US","2018-01-18","4.70",,"29","38","21","  110"
"USW00012960","HOUSTON INTERCONTINENTAL AIRPORT, TX US","2018-01-19","8.72",,"43","57","34","  130"
"USW00012960","HOUSTON INTERCONTINENTAL AIRPORT, TX US","2018-01-20","6.93",,"57","73","52","  190"
"USW00012960","HOUSTON INTERCONTINENTAL AIRPORT, TX US","2018-01-21","12.53",,"68","75","65","  150"
"USW00012960","HOUSTON INTERCONTINENTAL AIRPORT, TX US","2018-01-22","10.07",,"65","70","43","  320"
"USW00012960","HOUSTON INTERCONTINENTAL AIRPORT, TX US","2018-01-23","5.82",,"51","65","38","  310"
"USW00012960","HOUSTON INTERCONTINENTAL AIRPORT, TX US","2018-01-24","3.80",,"51","66","38","   30"
"USW00012960","HOUSTON INTERCONTINENTAL AIRPORT, TX US","2018-01-25","5.82",,"47","62","33","  130"
"USW00012960","HOUSTON INTERCONTINENTAL AIRPORT, TX US","2018-01-26","9.62",,"55","70","44","  140"
"USW00012960","HOUSTON INTERCONTINENTAL AIRPORT, TX US","2018-01-27","5.37",,"62","66","58","  110"
"USW00012960","HOUSTON INTERCONTINENTAL AIRPORT, TX US","2018-01-28","8.05",,"63","70","52","  350"
"USW00012960","HOUSTON INTERCONTINENTAL AIRPORT, TX US","2018-01-29","10.07",,"56","67","43","  340"
"USW00012960","HOUSTON INTERCONTINENTAL AIRPORT, TX US","2018-01-30","6.49",,"50","62","38","   60"
"USW00012960","HOUSTON INTERCONTINENTAL AIRPORT, TX US","2018-01-31","7.61",,"52","71","35","  160"
"USW00012960","HOUSTON INTERCONTINENTAL AIRPORT, TX US","2018-02-01","5.82",,"65","79","50","  220"
"USW00012960","HOUSTON INTERCONTINENTAL AIRPORT, TX US","2018-02-02","13.65",,"59","62","47","   30"
"USW00012960","HOUSTON INTERCONTINENTAL AIRPORT, TX US","2018-02-03","7.61",,"49","56","44","  130"
"USW00012960","HOUSTON INTERCONTINENTAL AIRPORT, TX US","2018-02-04","6.49",,"59","68","56","   40"
"USW00012960","HOUSTON INTERCONTINENTAL AIRPORT, TX US","2018-02-05","8.05",,"57","61","50","  130"
"USW00012960","HOUSTON INTERCONTINENTAL AIRPORT, TX US","2018-02-06","8.05",,"63","75","56","  150"
"USW00012960","HOUSTON INTERCONTINENTAL AIRPORT, TX US","2018-02-07","13.65",,"52","57","43","  360"
"USW00012960","HOUSTON INTERCONTINENTAL AIRPORT, TX US","2018-02-08","5.82",,"45","60","37","   40"
"USW00012960","HOUSTON INTERCONTINENTAL AIRPORT, TX US","2018-02-09","5.59",,"59","72","54","  150"
"USW00012960","HOUSTON INTERCONTINENTAL AIRPORT, TX US","2018-02-10","5.59",,"67","72","48","  320"
"USW00012960","HOUSTON INTERCONTINENTAL AIRPORT, TX US","2018-02-11","14.54",,"46","48","38","   10"
"USW00012960","HOUSTON INTERCONTINENTAL AIRPORT, TX US","2018-02-12","10.51",,"39","46","36","   30"
"USW00012960","HOUSTON INTERCONTINENTAL AIRPORT, TX US","2018-02-13","6.71",,"45","54","44","   60"
"USW00012960","HOUSTON INTERCONTINENTAL AIRPORT, TX US","2018-02-14","6.49",,"61","80","52","  180"
"USW00012960","HOUSTON INTERCONTINENTAL AIRPORT, TX US","2018-02-15","8.72",,"73","81","69","  180"
"USW00012960","HOUSTON INTERCONTINENTAL AIRPORT, TX US","2018-02-16","5.82",,"72","80","65","   50"
"USW00012960","HOUSTON INTERCONTINENTAL AIRPORT, TX US","2018-02-17","5.82",,"68","77","59","   30"
"USW00012960","HOUSTON INTERCONTINENTAL AIRPORT, TX US","2018-02-18","11.18",,"64","79","59","  150"
"USW00012960","HOUSTON INTERCONTINENTAL AIRPORT, TX US","2018-02-19","14.99",,"73","80","69","  150"
"USW00012960","HOUSTON INTERCONTINENTAL AIRPORT, TX US","2018-02-20","14.99",,"74","80","71","  160"
"USW00012960","HOUSTON INTERCONTINENTAL AIRPORT, TX US","2018-02-21","9.17",,"69","75","51","  130"
"USW00012960","HOUSTON INTERCONTINENTAL AIRPORT, TX US","2018-02-22","5.14",,"58","70","50","   30"
"USW00012960","HOUSTON INTERCONTINENTAL AIRPORT, TX US","2018-02-23","8.95",,"66","80","57","  140"
"USW00012960","HOUSTON INTERCONTINENTAL AIRPORT, TX US","2018-02-24","10.29",,"75","81","73","  150"
"USW00012960","HOUSTON INTERCONTINENTAL AIRPORT, TX US","2018-02-25","8.95",,"65","73","55","  330"
"USW00012960","HOUSTON INTERCONTINENTAL AIRPORT, TX US","2018-02-26","8.50",,"60","71","53","   10"
"USW00012960","HOUSTON INTERCONTINENTAL AIRPORT, TX US","2018-02-27","12.08",,"66","81","60","  160"
"USW00012960","HOUSTON INTERCONTINENTAL AIRPORT, TX US","2018-02-28","11.41",,"76","83","72","  160"
"USW00012960","HOUSTON INTERCONTINENTAL AIRPORT, TX US","2018-03-01","11.86",,"73","80","61","  340"
"USW00012960","HOUSTON INTERCONTINENTAL AIRPORT, TX US","2018-03-02","7.16",,"65","73","55","   70"
"USW00012960","HOUSTON INTERCONTINENTAL AIRPORT, TX US","2018-03-03","9.84",,"62","76","50","  160"
"USW00012960","HOUSTON INTERCONTINENTAL AIRPORT, TX US","2018-03-04","12.75",,"69","77","65","  130"
"USW00012960","HOUSTON INTERCONTINENTAL AIRPORT, TX US","2018-03-05","8.05",,"74","81","67","  340"
"USW00012960","HOUSTON INTERCONTINENTAL AIRPORT, TX US","2018-03-06","9.40",,"66","74","54","   10"
"USW00012960","HOUSTON INTERCONTINENTAL AIRPORT, TX US","2018-03-07","8.72",,"58","67","49","  360"
"USW00012960","HOUSTON INTERCONTINENTAL AIRPORT, TX US","2018-03-08","7.61",,"56","67","48","  150"
"USW00012960","HOUSTON INTERCONTINENTAL AIRPORT, TX US","2018-03-09","8.50",,"58","74","44","  160"
"USW00012960","HOUSTON INTERCONTINENTAL AIRPORT, TX US","2018-03-10","8.05",,"71","84","66","  180"
"USW00012960","HOUSTON INTERCONTINENTAL AIRPORT, TX US","2018-03-11","12.30",,"74","80","58","   30"
"USW00012960","HOUSTON INTERCONTINENTAL AIRPORT, TX US","2018-03-12","8.72",,"59","67","47","   20"
"USW00012960","HOUSTON INTERCONTINENTAL AIRPORT, TX US","2018-03-13","3.80",,"56","71","44","   30"
"USW00012960","HOUSTON INTERCONTINENTAL AIRPORT, TX US","2018-03-14","4.25",,"58","72","44","  140"
"USW00012960","HOUSTON INTERCONTINENTAL AIRPORT, TX US","2018-03-15","9.17",,"61","76","47","  150"
"USW00012960","HOUSTON INTERCONTINENTAL AIRPORT, TX US","2018-03-16","8.28",,"72","85","67","  220"
"USW00012960","HOUSTON INTERCONTINENTAL AIRPORT, TX US","2018-03-17","8.05",,"75","83","70","  150"
"USW00012960","HOUSTON INTERCONTINENTAL AIRPORT, TX US","2018-03-18","4.70",,"75","84","68","  150"
"USW00012960","HOUSTON INTERCONTINENTAL AIRPORT, TX US","2018-03-19","9.84",,"76","85","64","  330"
"USW00012960","HOUSTON INTERCONTINENTAL AIRPORT, TX US","2018-03-20","10.29",,"65","72","52","  340"
"USW00012960","HOUSTON INTERCONTINENTAL AIRPORT, TX US","2018-03-21","4.25",,"61","77","46","  100"
"USW00012960","HOUSTON INTERCONTINENTAL AIRPORT, TX US","2018-03-22","9.84",,"63","75","49","  120"
"USW00012960","HOUSTON INTERCONTINENTAL AIRPORT, TX US","2018-03-23","10.96",,"68","81","54","  150"
"USW00012960","HOUSTON INTERCONTINENTAL AIRPORT, TX US","2018-03-24","9.62",,"74","82","69","  220"
"USW00012960","HOUSTON INTERCONTINENTAL AIRPORT, TX US","2018-03-25","10.07",,"74","85","64","  150"
"USW00012960","HOUSTON INTERCONTINENTAL AIRPORT, TX US","2018-03-26","16.11",,"74","83","69","  150"
"USW00012960","HOUSTON INTERCONTINENTAL AIRPORT, TX US","2018-03-27","13.65",,"75","83","73","  140"
"USW00012960","HOUSTON INTERCONTINENTAL AIRPORT, TX US","2018-03-28","9.62",,"73","77","64","  330"
"USW00012960","HOUSTON INTERCONTINENTAL AIRPORT, TX US","2018-03-29","7.38",,"67","81","60","  310"
"USW00012960","HOUSTON INTERCONTINENTAL AIRPORT, TX US","2018-03-30","8.72",,"69","78","57","   20"
"USW00012960","HOUSTON INTERCONTINENTAL AIRPORT, TX US","2018-03-31","7.61",,"66","80","54","  150"
"USW00012960","HOUSTON INTERCONTINENTAL AIRPORT, TX US","2018-04-01","7.61",,"70","83","59","  130"
"USW00012960","HOUSTON INTERCONTINENTAL AIRPORT, TX US","2018-04-02","10.07",,"75","85","69","  160"
"USW00012960","HOUSTON INTERCONTINENTAL AIRPORT, TX US","2018-04-03","11.41",,"77","85","65","  360"
"USW00012960","HOUSTON INTERCONTINENTAL AIRPORT, TX US","2018-04-04","13.87",,"67","74","54","   40"
"USW00012960","HOUSTON INTERCONTINENTAL AIRPORT, TX US","2018-04-05","11.63",,"63","73","53","  130"
"USW00012960","HOUSTON INTERCONTINENTAL AIRPORT, TX US","2018-04-06","9.40",,"74","82","71","  170"
"USW00012960","HOUSTON INTERCONTINENTAL AIRPORT, TX US","2018-04-07","11.86",,"65","74","47","  330"
"USW00012960","HOUSTON INTERCONTINENTAL AIRPORT, TX US","2018-04-08","6.93",,"49","58","45","  350"
"USW00012960","HOUSTON INTERCONTINENTAL AIRPORT, TX US","2018-04-09","7.83",,"57","65","54","   80"
"USW00012960","HOUSTON INTERCONTINENTAL AIRPORT, TX US","2018-04-10","8.05",,"65","78","53","   20"
"USW00012960","HOUSTON INTERCONTINENTAL AIRPORT, TX US","2018-04-11","6.26",,"64","80","48","  140"
"USW00012960","HOUSTON INTERCONTINENTAL AIRPORT, TX US","2018-04-12","12.75",,"70","84","57","  150"
"USW00012960","HOUSTON INTERCONTINENTAL AIRPORT, TX US","2018-04-13","14.54",,"76","84","67","  260"
"USW00012960","HOUSTON INTERCONTINENTAL AIRPORT, TX US","2018-04-14","10.96",,"65","68","50","  310"
"USW00012960","HOUSTON INTERCONTINENTAL AIRPORT, TX US","2018-04-15","9.62",,"57","70","47","  310"
"USW00012960","HOUSTON INTERCONTINENTAL AIRPORT, TX US","2018-04-16","6.26",,"61","80","43","  150"
"USW00012960","HOUSTON INTERCONTINENTAL AIRPORT, TX US","2018-04-17","11.41",,"71","84","61","  160"
"USW00012960","HOUSTON INTERCONTINENTAL AIRPORT, TX US","2018-04-18","6.93",,"73","82","68","  240"
"USW00012960","HOUSTON INTERCONTINENTAL AIRPORT, TX US","2018-04-19","10.51",,"71","77","56","   20"
"USW00012960","HOUSTON INTERCONTINENTAL AIRPORT, TX US","2018-04-20","10.51",,"61","67","52","   80"
"USW00012960","HOUSTON INTERCONTINENTAL AIRPORT, TX US","2018-04-21","11.86",,"65","74","59","  140"
"USW00012960","HOUSTON INTERCONTINENTAL AIRPORT, TX US","2018-04-22","9.62",,"67","73","58","  310"
"USW00012960","HOUSTON INTERCONTINENTAL AIRPORT, TX US","2018-04-23","6.26",,"65","80","51","  330"
"USW00012960","HOUSTON INTERCONTINENTAL AIRPORT, TX US","2018-04-24","3.36",,"70","85","54","  320"
"USW00012960","HOUSTON INTERCONTINENTAL AIRPORT, TX US","2018-04-25","5.82",,"74","86","60","  330"
"USW00012960","HOUSTON INTERCONTINENTAL AIRPORT, TX US","2018-04-26","8.50",,"67","77","54","  340"
"USW00012960","HOUSTON INTERCONTINENTAL AIRPORT, TX US","2018-04-27","4.92",,"67","80","53","   10"
"USW00012960","HOUSTON INTERCONTINENTAL AIRPORT, TX US","2018-04-28","3.58",,"69","84","56","  140"
"USW00012960","HOUSTON INTERCONTINENTAL AIRPORT, TX US","2018-04-29","7.16",,"72","83","58","  130"
"USW00012960","HOUSTON INTERCONTINENTAL AIRPORT, TX US","2018-04-30","11.18",,"69","81","56","  140"
"USW00012960","HOUSTON INTERCONTINENTAL AIRPORT, TX US","2018-05-01","13.87",,"74","81","70","  130"
"USW00012960","HOUSTON INTERCONTINENTAL AIRPORT, TX US","2018-05-02","14.76",,"78","87","74","  150"
"USW00012960","HOUSTON INTERCONTINENTAL AIRPORT, TX US","2018-05-03","14.32",,"79","86","75","  150"
"USW00012960","HOUSTON INTERCONTINENTAL AIRPORT, TX US","2018-05-04","7.83",,"77","82","67","   10"
"USW00012960","HOUSTON INTERCONTINENTAL AIRPORT, TX US","2018-05-05","5.82",,"72","84","65","   30"
"USW00012960","HOUSTON INTERCONTINENTAL AIRPORT, TX US","2018-05-06","3.58",,"75","87","64","  330"
"USW00012960","HOUSTON INTERCONTINENTAL AIRPORT, TX US","2018-05-07","4.47",,"76","91","64","  160"
"USW00012960","HOUSTON INTERCONTINENTAL AIRPORT, TX US","2018-05-08","5.59",,"79","91","65","  180"
"USW00012960","HOUSTON INTERCONTINENTAL AIRPORT, TX US","2018-05-09","7.16",,"78","90","63","  150"
"USW00012960","HOUSTON INTERCONTINENTAL AIRPORT, TX US","2018-05-10","8.50",,"77","89","63","  140"
"USW00012960","HOUSTON INTERCONTINENTAL AIRPORT, TX US","2018-05-11","10.96",,"79","89","71","  150"
"USW00012960","HOUSTON INTERCONTINENTAL AIRPORT, TX US","2018-05-12","11.18",,"80","90","74","  140"
"USW00012960","HOUSTON INTERCONTINENTAL AIRPORT, TX US","2018-05-13","8.28",,"80","91","70","  130"
"USW00012960","HOUSTON INTERCONTINENTAL AIRPORT, TX US","2018-05-14","6.93",,"80","93","69","  130"
"USW00012960","HOUSTON INTERCONTINENTAL AIRPORT, TX US","2018-05-15","4.47",,"80","94","65","  170"
"USW00012960","HOUSTON INTERCONTINENTAL AIRPORT, TX US","2018-05-16","5.14",,"82","94","66","  230"
"USW00012960","HOUSTON INTERCONTINENTAL AIRPORT, TX US","2018-05-17","5.14",,"84","96","73","  250"
"USW00012960","HOUSTON INTERCONTINENTAL AIRPORT, TX US","2018-05-18","8.95",,"84","94","74","  160"
"USW00012960","HOUSTON INTERCONTINENTAL AIRPORT, TX US","2018-05-19","12.97",,"83","93","76","  150"
"USW00012960","HOUSTON INTERCONTINENTAL AIRPORT, TX US","2018-05-20","8.05",,"79","87","68","  330"
"USW00012960","HOUSTON INTERCONTINENTAL AIRPORT, TX US","2018-05-21","5.59",,"74","85","68","  170"
"USW00012960","HOUSTON INTERCONTINENTAL AIRPORT, TX US","2018-05-22","3.58",,"76","90","70","  290"
"USW00012960","HOUSTON INTERCONTINENTAL AIRPORT, TX US","2018-05-23","4.92",,"76","84","69","  140"
"USW00012960","HOUSTON INTERCONTINENTAL AIRPORT, TX US","2018-05-24","6.26",,"78","91","70","  130"
"USW00012960","HOUSTON INTERCONTINENTAL AIRPORT, TX US","2018-05-25","3.80",,"80","91","71","  170"
"USW00012960","HOUSTON INTERCONTINENTAL AIRPORT, TX US","2018-05-26","6.04",,"83","94","69","   60"
"USW00012960","HOUSTON INTERCONTINENTAL AIRPORT, TX US","2018-05-27","4.47",,"79","92","68","  110"
"USW00012960","HOUSTON INTERCONTINENTAL AIRPORT, TX US","2018-05-28","3.36",,"82","94","72","   20"
"USW00012960","HOUSTON INTERCONTINENTAL AIRPORT, TX US","2018-05-29","5.37",,"85","95","77","  140"
"USW00012960","HOUSTON INTERCONTINENTAL AIRPORT, TX US","2018-05-30","7.83",,"84","94","72","  170"
"USW00012960","HOUSTON INTERCONTINENTAL AIRPORT, TX US","2018-05-31","10.29",,"85","94","75","  160"
"USW00012960","HOUSTON INTERCONTINENTAL AIRPORT, TX US","2018-06-01","7.61",,"85","96","75","  170"
"USW00012960","HOUSTON INTERCONTINENTAL AIRPORT, TX US","2018-06-02","6.49",,"86","96","78","  160"
"USW00012960","HOUSTON INTERCONTINENTAL AIRPORT, TX US","2018-06-03","5.82",,"85","97","72","   50"
"USW00012960","HOUSTON INTERCONTINENTAL AIRPORT, TX US","2018-06-04","4.92",,"82","94","72","  140"
"USW00012960","HOUSTON INTERCONTINENTAL AIRPORT, TX US","2018-06-05","6.26",,"85","98","77","  240"
"USW00012960","HOUSTON INTERCONTINENTAL AIRPORT, TX US","2018-06-06","5.82",,"85","96","77","  120"
"USW00012960","HOUSTON INTERCONTINENTAL AIRPORT, TX US","2018-06-07","7.38",,"84","94","74","  130"
"USW00012960","HOUSTON INTERCONTINENTAL AIRPORT, TX US","2018-06-08","5.37",,"84","95","74","  150"
"USW00012960","HOUSTON INTERCONTINENTAL AIRPORT, TX US","2018-06-09","5.82",,"82","95","72","  140"
"USW00012960","HOUSTON INTERCONTINENTAL AIRPORT, TX US","2018-06-10","9.40",,"85","96","80","  230"
"USW00012960","HOUSTON INTERCONTINENTAL AIRPORT, TX US","2018-06-11","10.29",,"86","95","80","  170"
"USW00012960","HOUSTON INTERCONTINENTAL AIRPORT, TX US","2018-06-12","9.62",,"87","97","78","  180"
"USW00012960","HOUSTON INTERCONTINENTAL AIRPORT, TX US","2018-06-13","7.16",,"86","97","74","  140"
"USW00012960","HOUSTON INTERCONTINENTAL AIRPORT, TX US","2018-06-14","4.92",,"83","94","75","  170"
"USW00012960","HOUSTON INTERCONTINENTAL AIRPORT, TX US","2018-06-15","8.72",,"83","94","73","  150"
"USW00012960","HOUSTON INTERCONTINENTAL AIRPORT, TX US","2018-06-16","11.63",,"85","95","75","  140"
"USW00012960","HOUSTON INTERCONTINENTAL AIRPORT, TX US","2018-06-17","9.17",,"81","87","77","  110"
"USW00012960","HOUSTON INTERCONTINENTAL AIRPORT, TX US","2018-06-18","11.18",,"79","84","75","  130"
"USW00012960","HOUSTON INTERCONTINENTAL AIRPORT, TX US","2018-06-19","11.86",,"77","82","74","  160"
"USW00012960","HOUSTON INTERCONTINENTAL AIRPORT, TX US","2018-06-20","9.40",,"80","88","76","  110"
"USW00012960","HOUSTON INTERCONTINENTAL AIRPORT, TX US","2018-06-21","4.47",,"80","89","76","  180"
"USW00012960","HOUSTON INTERCONTINENTAL AIRPORT, TX US","2018-06-22","6.93",,"85","96","77","  190"
"USW00012960","HOUSTON INTERCONTINENTAL AIRPORT, TX US","2018-06-23","9.17",,"85","95","77","  150"
"USW00012960","HOUSTON INTERCONTINENTAL AIRPORT, TX US","2018-06-24","10.96",,"85","94","79","  150"
"USW00012960","HOUSTON INTERCONTINENTAL AIRPORT, TX US","2018-06-25","9.84",,"84","91","76","  220"
"USW00012960","HOUSTON INTERCONTINENTAL AIRPORT, TX US","2018-06-26","6.71",,"84","95","75","  120"
"USW00012960","HOUSTON INTERCONTINENTAL AIRPORT, TX US","2018-06-27","6.26",,"85","95","77","  140"
"USW00012960","HOUSTON INTERCONTINENTAL AIRPORT, TX US","2018-06-28","7.83",,"86","95","80","  160"
"USW00012960","HOUSTON INTERCONTINENTAL AIRPORT, TX US","2018-06-29","8.72",,"86","95","79","  160"
"USW00012960","HOUSTON INTERCONTINENTAL AIRPORT, TX US","2018-06-30","8.28",,"86","96","79","  210"
"USW00012960","HOUSTON INTERCONTINENTAL AIRPORT, TX US","2018-07-01","7.61",,"86","97","75","  120"
"USW00012960","HOUSTON INTERCONTINENTAL AIRPORT, TX US","2018-07-02","4.92",,"86","97","77","  140"
"USW00012960","HOUSTON INTERCONTINENTAL AIRPORT, TX US","2018-07-03","6.49",,"86","97","76","   30"
"USW00012960","HOUSTON INTERCONTINENTAL AIRPORT, TX US","2018-07-04","5.59",,"78","78","72","  200"
"USW00012960","HOUSTON INTERCONTINENTAL AIRPORT, TX US","2018-07-05","5.82",,"80","94","72","  340"
"USW00012960","HOUSTON INTERCONTINENTAL AIRPORT, TX US","2018-07-06","5.82",,"83","93","74","  100"
"USW00012960","HOUSTON INTERCONTINENTAL AIRPORT, TX US","2018-07-07","5.37",,"82","93","74","   20"
"USW00012960","HOUSTON INTERCONTINENTAL AIRPORT, TX US","2018-07-08","3.80",,"78","88","74","  160"
"USW00012960","HOUSTON INTERCONTINENTAL AIRPORT, TX US","2018-07-09","3.36",,"79","86","75","  230"
"USW00012960","HOUSTON INTERCONTINENTAL AIRPORT, TX US","2018-07-10","3.58",,"81","93","73","  150"
"USW00012960","HOUSTON INTERCONTINENTAL AIRPORT, TX US","2018-07-11","4.92",,"85","96","77","  130"
"USW00012960","HOUSTON INTERCONTINENTAL AIRPORT, TX US","2018-07-12","4.92",,"85","95","78","  220"
"USW00012960","HOUSTON INTERCONTINENTAL AIRPORT, TX US","2018-07-13","4.70",,"83","95","75","  160"
"USW00012960","HOUSTON INTERCONTINENTAL AIRPORT, TX US","2018-07-14","4.70",,"85","94","76","  140"
"USW00012960","HOUSTON INTERCONTINENTAL AIRPORT, TX US","2018-07-15","4.92",,"85","95","77","  180"
"USW00012960","HOUSTON INTERCONTINENTAL AIRPORT, TX US","2018-07-16","4.92",,"86","97","76","  240"
"USW00012960","HOUSTON INTERCONTINENTAL AIRPORT, TX US","2018-07-17","5.82",,"86","96","77","  250"
"USW00012960","HOUSTON INTERCONTINENTAL AIRPORT, TX US","2018-07-18","6.49",,"87","97","79","  270"
"USW00012960","HOUSTON INTERCONTINENTAL AIRPORT, TX US","2018-07-19","7.38",,"87","98","80","  230"
"USW00012960","HOUSTON INTERCONTINENTAL AIRPORT, TX US","2018-07-20","7.16",,"88","99","80","  230"
"USW00012960","HOUSTON INTERCONTINENTAL AIRPORT, TX US","2018-07-21","6.49",,"89","99","80","  220"
"USW00012960","HOUSTON INTERCONTINENTAL AIRPORT, TX US","2018-07-22","8.05",,"89","100","80","  240"
"USW00012960","HOUSTON INTERCONTINENTAL AIRPORT, TX US","2018-07-23","7.16",,"89","101","80","  230"
"USW00012960","HOUSTON INTERCONTINENTAL AIRPORT, TX US","2018-07-24","6.71",,"89","96","77","   70"
"USW00012960","HOUSTON INTERCONTINENTAL AIRPORT, TX US","2018-07-25","4.92",,"85","97","74","   70"
"USW00012960","HOUSTON INTERCONTINENTAL AIRPORT, TX US","2018-07-26","5.82",,"86","100","75","   60"
"USW00012960","HOUSTON INTERCONTINENTAL AIRPORT, TX US","2018-07-27","4.92",,"87","99","74","  110"
"USW00012960","HOUSTON INTERCONTINENTAL AIRPORT, TX US","2018-07-28","5.14",,"87","98","77","  140"
"USW00012960","HOUSTON INTERCONTINENTAL AIRPORT, TX US","2018-07-29","5.82",,"88","100","79","  140"
"USW00012960","HOUSTON INTERCONTINENTAL AIRPORT, TX US","2018-07-30","6.26",,"88","98","80","  160"
"USW00012960","HOUSTON INTERCONTINENTAL AIRPORT, TX US","2018-07-31","4.70",,"83","87","73","   30"
"USW00012960","HOUSTON INTERCONTINENTAL AIRPORT, TX US","2018-08-01","4.70",,"81","94","72","   20"
"USW00012960","HOUSTON INTERCONTINENTAL AIRPORT, TX US","2018-08-02","3.13",,"83","96","71","   30"
"USW00012960","HOUSTON INTERCONTINENTAL AIRPORT, TX US","2018-08-03","6.04",,"84","95","73","  140"
"USW00012960","HOUSTON INTERCONTINENTAL AIRPORT, TX US","2018-08-04","6.26",,"82","91","74","  170"
"USW00012960","HOUSTON INTERCONTINENTAL AIRPORT, TX US","2018-08-05","7.16",,"82","93","74","  130"
"USW00012960","HOUSTON INTERCONTINENTAL AIRPORT, TX US","2018-08-06","6.04",,"82","91","76","  130"
"USW00012960","HOUSTON INTERCONTINENTAL AIRPORT, TX US","2018-08-07","4.92",,"82","94","75","  130"
"USW00012960","HOUSTON INTERCONTINENTAL AIRPORT, TX US","2018-08-08","4.92",,"83","96","76","  250"
"USW00012960","HOUSTON INTERCONTINENTAL AIRPORT, TX US","2018-08-09","3.80",,"82","95","75","  140"
"USW00012960","HOUSTON INTERCONTINENTAL AIRPORT, TX US","2018-08-10","6.04",,"83","96","75","  160"
"USW00012960","HOUSTON INTERCONTINENTAL AIRPORT, TX US","2018-08-11","4.03",,"79","91","75","  160"
"USW00012960","HOUSTON INTERCONTINENTAL AIRPORT, TX US","2018-08-12","5.59",,"82","93","75","  170"
"USW00012960","HOUSTON INTERCONTINENTAL AIRPORT, TX US","2018-08-13","7.16",,"85","95","76","  160"
"USW00012960","HOUSTON INTERCONTINENTAL AIRPORT, TX US","2018-08-14","8.95",,"84","95","74","  140"
"USW00012960","HOUSTON INTERCONTINENTAL AIRPORT, TX US","2018-08-15","7.16",,"85","95","77","  160"
"USW00012960","HOUSTON INTERCONTINENTAL AIRPORT, TX US","2018-08-16","5.82",,"86","97","77","  150"
"USW00012960","HOUSTON INTERCONTINENTAL AIRPORT, TX US","2018-08-17","7.16",,"86","97","77","  140"
"USW00012960","HOUSTON INTERCONTINENTAL AIRPORT, TX US","2018-08-18","5.82",,"87","97","78","  160"
"USW00012960","HOUSTON INTERCONTINENTAL AIRPORT, TX US","2018-08-19","7.16",,"87","97","80","  180"
"USW00012960","HOUSTON INTERCONTINENTAL AIRPORT, TX US","2018-08-20","7.16",,"87","98","81",
"USW00012960","HOUSTON INTERCONTINENTAL AIRPORT, TX US","2018-08-21","6.04",,"88","100","76","   50"
"USW00012960","HOUSTON INTERCONTINENTAL AIRPORT, TX US","2018-08-22","6.04",,"86","99","77","  100"
"USW00012960","HOUSTON INTERCONTINENTAL AIRPORT, TX US","2018-08-23","5.82",,"86","95","78","  140"
"USW00012960","HOUSTON INTERCONTINENTAL AIRPORT, TX US","2018-08-24","5.59",,"86","96","76","  120"
"USW00012960","HOUSTON INTERCONTINENTAL AIRPORT, TX US","2018-08-25","6.26",,"85","96","75","  130"
"USW00012960","HOUSTON INTERCONTINENTAL AIRPORT, TX US","2018-08-26","6.04",,"85","95","77","  150"
"USW00012960","HOUSTON INTERCONTINENTAL AIRPORT, TX US","2018-08-27","7.16",,"84","93","77","  140"
"USW00012960","HOUSTON INTERCONTINENTAL AIRPORT, TX US","2018-08-28","7.16",,"85","97","77","  150"
"USW00012960","HOUSTON INTERCONTINENTAL AIRPORT, TX US","2018-08-29","5.82",,"81","88","74","  100"
"USW00012960","HOUSTON INTERCONTINENTAL AIRPORT, TX US","2018-08-30","6.93",,"81","93","72","   70"
"USW00012960","HOUSTON INTERCONTINENTAL AIRPORT, TX US","2018-08-31","5.82",,"84","96","75","  130"
"USW00012960","HOUSTON INTERCONTINENTAL AIRPORT, TX US","2018-09-01","6.71",,"82","91","77","   70"
"USW00012960","HOUSTON INTERCONTINENTAL AIRPORT, TX US","2018-09-02","6.71",,"79","84","76","   60"
"USW00012960","HOUSTON INTERCONTINENTAL AIRPORT, TX US","2018-09-03","8.28",,"77","78","75","  110"
"USW00012960","HOUSTON INTERCONTINENTAL AIRPORT, TX US","2018-09-04","8.95",,"79","88","75","  120"
"USW00012960","HOUSTON INTERCONTINENTAL AIRPORT, TX US","2018-09-05","5.82",,"82","92","76","  110"
"USW00012960","HOUSTON INTERCONTINENTAL AIRPORT, TX US","2018-09-06","4.47",,"83","92","76","  180"
"USW00012960","HOUSTON INTERCONTINENTAL AIRPORT, TX US","2018-09-07","3.80",,"82","91","75","  220"
"USW00012960","HOUSTON INTERCONTINENTAL AIRPORT, TX US","2018-09-08","3.80",,"83","93","75","  340"
"USW00012960","HOUSTON INTERCONTINENTAL AIRPORT, TX US","2018-09-09","3.13",,"78","89","74","  280"
"USW00012960","HOUSTON INTERCONTINENTAL AIRPORT, TX US","2018-09-10","5.14",,"76","80","74","  130"
"USW00012960","HOUSTON INTERCONTINENTAL AIRPORT, TX US","2018-09-11","8.05",,"76","80","73","  110"
"USW00012960","HOUSTON INTERCONTINENTAL AIRPORT, TX US","2018-09-12","8.05",,"78","85","75","  140"
"USW00012960","HOUSTON INTERCONTINENTAL AIRPORT, TX US","2018-09-13","10.29",,"79","86","74","  100"
"USW00012960","HOUSTON INTERCONTINENTAL AIRPORT, TX US","2018-09-14","8.05",,"77","78","75","  130"
"USW00012960","HOUSTON INTERCONTINENTAL AIRPORT, TX US","2018-09-15","7.83",,"80","92","74","  140"
"USW00012960","HOUSTON INTERCONTINENTAL AIRPORT, TX US","2018-09-16","2.46",,"82","95","73","  160"
"USW00012960","HOUSTON INTERCONTINENTAL AIRPORT, TX US","2018-09-17","3.58",,"84","96","77","  330"
"USW00012960","HOUSTON INTERCONTINENTAL AIRPORT, TX US","2018-09-18","4.03",,"85","96","78","  160"
"USW00012960","HOUSTON INTERCONTINENTAL AIRPORT, TX US","2018-09-19","4.70",,"85","94","75","  130"
"USW00012960","HOUSTON INTERCONTINENTAL AIRPORT, TX US","2018-09-20","5.14",,"80","90","74","  120"
"USW00012960","HOUSTON INTERCONTINENTAL AIRPORT, TX US","2018-09-21","5.82",,"80","88","74","  160"
"USW00012960","HOUSTON INTERCONTINENTAL AIRPORT, TX US","2018-09-22","4.70",,"79","86","74","  190"
"USW00012960","HOUSTON INTERCONTINENTAL AIRPORT, TX US","2018-09-23","5.59",,"76","84","70","  270"
"USW00012960","HOUSTON INTERCONTINENTAL AIRPORT, TX US","2018-09-24","4.70",,"78","89","70","  160"
"USW00012960","HOUSTON INTERCONTINENTAL AIRPORT, TX US","2018-09-25","5.37",,"80","89","73","  190"
"USW00012960","HOUSTON INTERCONTINENTAL AIRPORT, TX US","2018-09-26","4.03",,"80","89","74","  200"
"USW00012960","HOUSTON INTERCONTINENTAL AIRPORT, TX US","2018-09-27","6.71",,"75","80","70","  330"
"USW00012960","HOUSTON INTERCONTINENTAL AIRPORT, TX US","2018-09-28","7.16",,"74","82","69","   70"
"USW00012960","HOUSTON INTERCONTINENTAL AIRPORT, TX US","2018-09-29","7.38",,"76","79","72","  140"
"USW00012960","HOUSTON INTERCONTINENTAL AIRPORT, TX US","2018-09-30","7.16",,"76","85","72","  130"
"USW00012960","HOUSTON INTERCONTINENTAL AIRPORT, TX US","2018-10-01","7.16",,"77","84","72","  180"
"USW00012960","HOUSTON INTERCONTINENTAL AIRPORT, TX US","2018-10-02","4.47",,"78","90","72","  110"
"USW00012960","HOUSTON INTERCONTINENTAL AIRPORT, TX US","2018-10-03","3.80",,"80","90","74","  140"
"USW00012960","HOUSTON INTERCONTINENTAL AIRPORT, TX US","2018-10-04","3.58",,"81","91","74","  130"
"USW00012960","HOUSTON INTERCONTINENTAL AIRPORT, TX US","2018-10-05","7.61",,"81","90","74","  130"
"USW00012960","HOUSTON INTERCONTINENTAL AIRPORT, TX US","2018-10-06","6.26",,"82","91","74","  130"
"USW00012960","HOUSTON INTERCONTINENTAL AIRPORT, TX US","2018-10-07","9.62",,"81","90","75","  120"
"USW00012960","HOUSTON INTERCONTINENTAL AIRPORT, TX US","2018-10-08","8.95",,"79","88","73","  140"
"USW00012960","HOUSTON INTERCONTINENTAL AIRPORT, TX US","2018-10-09","9.84",,"80","89","71","   10"
"USW00012960","HOUSTON INTERCONTINENTAL AIRPORT, TX US","2018-10-10","6.71",,"77","85","69","   30"
"USW00012960","HOUSTON INTERCONTINENTAL AIRPORT, TX US","2018-10-11","7.16",,"71","82","63","   50"
"USW00012960","HOUSTON INTERCONTINENTAL AIRPORT, TX US","2018-10-12","8.05",,"71","84","60","  150"
"USW00012960","HOUSTON INTERCONTINENTAL AIRPORT, TX US","2018-10-13","10.29",,"78","89","70","  150"
"USW00012960","HOUSTON INTERCONTINENTAL AIRPORT, TX US","2018-10-14","8.28",,"83","91","74","  130"
"USW00012960","HOUSTON INTERCONTINENTAL AIRPORT, TX US","2018-10-15","10.96",,"70","78","55","  360"
"USW00012960","HOUSTON INTERCONTINENTAL AIRPORT, TX US","2018-10-16","10.74",,"58","61","56","  360"
"USW00012960","HOUSTON INTERCONTINENTAL AIRPORT, TX US","2018-10-17","10.74",,"59","64","56","   30"
"USW00012960","HOUSTON INTERCONTINENTAL AIRPORT, TX US","2018-10-18","10.29",,"62","74","56","   70"
"USW00012960","HOUSTON INTERCONTINENTAL AIRPORT, TX US","2018-10-19","6.93",,"71","81","64","   10"
"USW00012960","HOUSTON INTERCONTINENTAL AIRPORT, TX US","2018-10-20","9.84",,"70","72","63","  360"
"USW00012960","HOUSTON INTERCONTINENTAL AIRPORT, TX US","2018-10-21","9.40",,"65","73","58","   40"
"USW00012960","HOUSTON INTERCONTINENTAL AIRPORT, TX US","2018-10-22","6.49",,"59","65","51","   10"
"USW00012960","HOUSTON INTERCONTINENTAL AIRPORT, TX US","2018-10-23","8.95",,"59","64","54","   30"
"USW00012960","HOUSTON INTERCONTINENTAL AIRPORT, TX US","2018-10-24","9.17",,"64","69","62","  110"
"USW00012960","HOUSTON INTERCONTINENTAL AIRPORT, TX US","2018-10-25","7.61",,"65","69","58","   60"
"USW00012960","HOUSTON INTERCONTINENTAL AIRPORT, TX US","2018-10-26","5.14",,"63","77","54","  310"
"USW00012960","HOUSTON INTERCONTINENTAL AIRPORT, TX US","2018-10-27","4.25",,"65","82","53","  230"
"USW00012960","HOUSTON INTERCONTINENTAL AIRPORT, TX US","2018-10-28","5.59",,"71","85","60","  260"
"USW00012960","HOUSTON INTERCONTINENTAL AIRPORT, TX US","2018-10-29","4.70",,"72","86","60","  210"
"USW00012960","HOUSTON INTERCONTINENTAL AIRPORT, TX US","2018-10-30","8.72",,"74","85","65","  180"
"USW00012960","HOUSTON INTERCONTINENTAL AIRPORT, TX US","2018-10-31","7.83",,"74","77","64","  330"
"USW00012960","HOUSTON INTERCONTINENTAL AIRPORT, TX US","2018-11-01","9.17",,"63","68","53","  310"
"USW00012960","HOUSTON INTERCONTINENTAL AIRPORT, TX US","2018-11-02","4.70",,"59","73","48","  260"
"USW00012960","HOUSTON INTERCONTINENTAL AIRPORT, TX US","2018-11-03","8.50",,"64","78","50","  170"
"USW00012960","HOUSTON INTERCONTINENTAL AIRPORT, TX US","2018-11-04","6.26",,"69","74","60","   10"
"USW00012960","HOUSTON INTERCONTINENTAL AIRPORT, TX US","2018-11-05","6.93",,"70","86","61","  200"
"USW00012960","HOUSTON INTERCONTINENTAL AIRPORT, TX US","2018-11-06","5.14",,"79","88","73","  190"
"USW00012960","HOUSTON INTERCONTINENTAL AIRPORT, TX US","2018-11-07","4.92",,"80","89","70","  150"
"USW00012960","HOUSTON INTERCONTINENTAL AIRPORT, TX US","2018-11-08","7.61",,"69","71","64","   30"
"USW00012960","HOUSTON INTERCONTINENTAL AIRPORT, TX US","2018-11-09","13.42",,"59","64","49","   20"
"USW00012960","HOUSTON INTERCONTINENTAL AIRPORT, TX US","2018-11-10","8.50",,"49","51","47","   30"
"USW00012960","HOUSTON INTERCONTINENTAL AIRPORT, TX US","2018-11-11","8.50",,"50","58","46","  110"
"USW00012960","HOUSTON INTERCONTINENTAL AIRPORT, TX US","2018-11-12","13.87",,"52","55","43","  350"
"USW00012960","HOUSTON INTERCONTINENTAL AIRPORT, TX US","2018-11-13","14.32",,"41","43","34","  360"
"USW00012960","HOUSTON INTERCONTINENTAL AIRPORT, TX US","2018-11-14","7.61",,"39","53","31","  330"
"USW00012960","HOUSTON INTERCONTINENTAL AIRPORT, TX US","2018-11-15","2.24",,"43","61","30","  270"
"USW00012960","HOUSTON INTERCONTINENTAL AIRPORT, TX US","2018-11-16","3.36",,"51","69","38","  240"
"USW00012960","HOUSTON INTERCONTINENTAL AIRPORT, TX US","2018-11-17","6.04",,"57","73","45","  140"
"USW00012960","HOUSTON INTERCONTINENTAL AIRPORT, TX US","2018-11-18","8.28",,"60","68","50","  360"
"USW00012960","HOUSTON INTERCONTINENTAL AIRPORT, TX US","2018-11-19","9.17",,"49","52","46","  360"
"USW00012960","HOUSTON INTERCONTINENTAL AIRPORT, TX US","2018-11-20","7.83",,"52","63","43","   20"
"USW00012960","HOUSTON INTERCONTINENTAL AIRPORT, TX US","2018-11-21","4.47",,"50","63","42","   60"
"USW00012960","HOUSTON INTERCONTINENTAL AIRPORT, TX US","2018-11-22","4.25",,"55","66","49","   60"
"USW00012960","HOUSTON INTERCONTINENTAL AIRPORT, TX US","2018-11-23","3.80",,"59","78","51","  270"
"USW00012960","HOUSTON INTERCONTINENTAL AIRPORT, TX US","2018-11-24","3.80",,"61","78","47","  270"
"USW00012960","HOUSTON INTERCONTINENTAL AIRPORT, TX US","2018-11-25","11.41",,"67","76","51","  350"
"USW00012960","HOUSTON INTERCONTINENTAL AIRPORT, TX US","2018-11-26","10.07",,"52","58","41","  330"
"USW00012960","HOUSTON INTERCONTINENTAL AIRPORT, TX US","2018-11-27","2.91",,"47","63","35","  180"
"USW00012960","HOUSTON INTERCONTINENTAL AIRPORT, TX US","2018-11-28","5.37",,"54","70","41","  180"
"USW00012960","HOUSTON INTERCONTINENTAL AIRPORT, TX US","2018-11-29","7.16",,"69","76","67","  210"
"USW00012960","HOUSTON INTERCONTINENTAL AIRPORT, TX US","2018-11-30","10.07",,"72","81","69","  150"
"USW00012960","HOUSTON INTERCONTINENTAL AIRPORT, TX US","2018-12-01","6.26",,"75","80","54","  250"
"USW00012960","HOUSTON INTERCONTINENTAL AIRPORT, TX US","2018-12-02","5.59",,"62","78","49","   30"
"USW00012960","HOUSTON INTERCONTINENTAL AIRPORT, TX US","2018-12-03","10.07",,"58","68","48","   40"
"USW00012960","HOUSTON INTERCONTINENTAL AIRPORT, TX US","2018-12-04","7.83",,"51","62","41","   50"
"USW00012960","HOUSTON INTERCONTINENTAL AIRPORT, TX US","2018-12-05","4.47",,"48","60","38","   50"
"USW00012960","HOUSTON INTERCONTINENTAL AIRPORT, TX US","2018-12-06","6.93",,"52","62","43","  130"
"USW00012960","HOUSTON INTERCONTINENTAL AIRPORT, TX US","2018-12-07","8.95",,"65","75","54","   10"
"USW00012960","HOUSTON INTERCONTINENTAL AIRPORT, TX US","2018-12-08","12.08",,"51","55","44","  300"
"USW00012960","HOUSTON INTERCONTINENTAL AIRPORT, TX US","2018-12-09","9.40",,"45","48","42","  330"
"USW00012960","HOUSTON INTERCONTINENTAL AIRPORT, TX US","2018-12-10","4.25",,"47","60","39","  340"
"USW00012960","HOUSTON INTERCONTINENTAL AIRPORT, TX US","2018-12-11","4.92",,"47","63","34","  130"
"USW00012960","HOUSTON INTERCONTINENTAL AIRPORT, TX US","2018-12-12","8.50",,"58","69","49","  150"
"USW00012960","HOUSTON INTERCONTINENTAL AIRPORT, TX US","2018-12-13","10.07",,"68","75","48","  280"
"USW00012960","HOUSTON INTERCONTINENTAL AIRPORT, TX US","2018-12-14","13.20",,"50","52","45","  290"
"USW00012960","HOUSTON INTERCONTINENTAL AIRPORT, TX US","2018-12-15","8.50",,"53","65","47","  310"
"USW00012960","HOUSTON INTERCONTINENTAL AIRPORT, TX US","2018-12-16","1.79",,"52","67","39","  130"
"USW00012960","HOUSTON INTERCONTINENTAL AIRPORT, TX US","2018-12-17","2.68",,"57","71","46","  190"
"USW00012960","HOUSTON INTERCONTINENTAL AIRPORT, TX US","2018-12-18","5.14",,"53","62","45","  110"
"USW00012960","HOUSTON INTERCONTINENTAL AIRPORT, TX US","2018-12-19","4.70",,"56","58","49","   30"
"USW00012960","HOUSTON INTERCONTINENTAL AIRPORT, TX US","2018-12-20","13.87",,"56","64","51","  320"
"USW00012960","HOUSTON INTERCONTINENTAL AIRPORT, TX US","2018-12-21","7.83",,"54","64","43","  310"
"USW00012960","HOUSTON INTERCONTINENTAL AIRPORT, TX US","2018-12-22","8.28",,"57","76","41","  210"
"USW00012960","HOUSTON INTERCONTINENTAL AIRPORT, TX US","2018-12-23","8.05",,"64","70","49","  360"
"USW00012960","HOUSTON INTERCONTINENTAL AIRPORT, TX US","2018-12-24","7.16",,"54","66","46","   90"
"USW00012960","HOUSTON INTERCONTINENTAL AIRPORT, TX US","2018-12-25","7.61",,"63","71","60","  150"
"USW00012960","HOUSTON INTERCONTINENTAL AIRPORT, TX US","2018-12-26","17.45",,"65","70","60","  140"
"USW00012960","HOUSTON INTERCONTINENTAL AIRPORT, TX US","2018-12-27","7.61",,"66","73","54","  150"
"USW00012960","HOUSTON INTERCONTINENTAL AIRPORT, TX US","2018-12-28","9.17",,"54","62","44","   40"
"USW00012960","HOUSTON INTERCONTINENTAL AIRPORT, TX US","2018-12-29","11.41",,"52","53","47","   30"
"USW00012960","HOUSTON INTERCONTINENTAL AIRPORT, TX US","2018-12-30","6.49",,"47","49","45","   50"
"USW00012960","HOUSTON INTERCONTINENTAL AIRPORT, TX US","2018-12-31","4.47",,"50","59","44","  280"
"USW00012960","HOUSTON INTERCONTINENTAL AIRPORT, TX US","2019-01-01","6.26",,"51","65","40","   10"
"USW00012960","HOUSTON INTERCONTINENTAL AIRPORT, TX US","2019-01-02","10.29",,"54","56","50","  110"
"USW00012960","HOUSTON INTERCONTINENTAL AIRPORT, TX US","2019-01-03","8.05",,"51","56","40","  300"
"USW00012960","HOUSTON INTERCONTINENTAL AIRPORT, TX US","2019-01-04","5.59",,"46","62","36","  310"
"USW00012960","HOUSTON INTERCONTINENTAL AIRPORT, TX US","2019-01-05","3.36",,"52","72","37","  210"
"USW00012960","HOUSTON INTERCONTINENTAL AIRPORT, TX US","2019-01-06","5.59",,"56","74","43","  160"
"USW00012960","HOUSTON INTERCONTINENTAL AIRPORT, TX US","2019-01-07","6.26",,"66","75","61","  190"
"USW00012960","HOUSTON INTERCONTINENTAL AIRPORT, TX US","2019-01-08","3.36",,"67","79","55","  290"
"USW00012960","HOUSTON INTERCONTINENTAL AIRPORT, TX US","2019-01-09","9.17",,"61","65","45","   40"
"USW00012960","HOUSTON INTERCONTINENTAL AIRPORT, TX US","2019-01-10","3.80",,"51","61","40","  110"
"USW00012960","HOUSTON INTERCONTINENTAL AIRPORT, TX US","2019-01-11","8.95",,"53","67","43","  130"
"USW00012960","HOUSTON INTERCONTINENTAL AIRPORT, TX US","2019-01-12","9.40",,"61","66","46","  300"
"USW00012960","HOUSTON INTERCONTINENTAL AIRPORT, TX US","2019-01-13","7.83",,"50","59","41","   10"
"USW00012960","HOUSTON INTERCONTINENTAL AIRPORT, TX US","2019-01-14","5.82",,"46","56","37","  340"
"USW00012960","HOUSTON INTERCONTINENTAL AIRPORT, TX US","2019-01-15","4.47",,"47","54","43","  140"
"USW00012960","HOUSTON INTERCONTINENTAL AIRPORT, TX US","2019-01-16","8.28",,"53","62","48","  140"
"USW00012960","HOUSTON INTERCONTINENTAL AIRPORT, TX US","2019-01-17","5.14",,"62","69","54","  240"
"USW00012960","HOUSTON INTERCONTINENTAL AIRPORT, TX US","2019-01-18","7.38",,"60","71","51","  200"
"USW00012960","HOUSTON INTERCONTINENTAL AIRPORT, TX US","2019-01-19","18.12",,"60","71","38","  310"
"USW00012960","HOUSTON INTERCONTINENTAL AIRPORT, TX US","2019-01-20","6.71",,"41","54","32","  340"
"USW00012960","HOUSTON INTERCONTINENTAL AIRPORT, TX US","2019-01-21","9.40",,"45","63","35","  150"
"USW00012960","HOUSTON INTERCONTINENTAL AIRPORT, TX US","2019-01-22","14.32",,"64","73","60","  150"
"USW00012960","HOUSTON INTERCONTINENTAL AIRPORT, TX US","2019-01-23","12.75",,"50","67","35","  320"
"USW00012960","HOUSTON INTERCONTINENTAL AIRPORT, TX US","2019-01-24","3.58",,"43","60","30","  120"
"USW00012960","HOUSTON INTERCONTINENTAL AIRPORT, TX US","2019-01-25","5.82",,"47","62","35","  130"
"USW00012960","HOUSTON INTERCONTINENTAL AIRPORT, TX US","2019-01-26","4.92",,"51","66","41","  120"
"USW00012960","HOUSTON INTERCONTINENTAL AIRPORT, TX US","2019-01-27","5.14",,"56","67","42","  320"
"USW00012960","HOUSTON INTERCONTINENTAL AIRPORT, TX US","2019-01-28","8.05",,"56","72","44","  330"
"USW00012960","HOUSTON INTERCONTINENTAL AIRPORT, TX US","2019-01-29","13.20",,"49","52","37","  340"
"USW00012960","HOUSTON INTERCONTINENTAL AIRPORT, TX US","2019-01-30","7.16",,"44","52","38","   70"
"USW00012960","HOUSTON INTERCONTINENTAL AIRPORT, TX US","2019-01-31","8.72",,"50","59","46","  110"
"USW00012960","HOUSTON INTERCONTINENTAL AIRPORT, TX US","2019-02-01","6.71",,"58","69","55","  140"
"USW00012960","HOUSTON INTERCONTINENTAL AIRPORT, TX US","2019-02-02","7.38",,"60","68","56","  130"
"USW00012960","HOUSTON INTERCONTINENTAL AIRPORT, TX US","2019-02-03","7.38",,"62","70","59","  160"
"USW00012960","HOUSTON INTERCONTINENTAL AIRPORT, TX US","2019-02-04","4.92",,"69","77","66","  160"
"USW00012960","HOUSTON INTERCONTINENTAL AIRPORT, TX US","2019-02-05","8.05",,"71","77","68","  170"
"USW00012960","HOUSTON INTERCONTINENTAL AIRPORT, TX US","2019-02-06","11.63",,"74","82","71","  200"
"USW00012960","HOUSTON INTERCONTINENTAL AIRPORT, TX US","2019-02-07","14.76",,"70","76","44","  350"
"USW00012960","HOUSTON INTERCONTINENTAL AIRPORT, TX US","2019-02-08","16.11",,"43","44","37","   40"
"USW00012960","HOUSTON INTERCONTINENTAL AIRPORT, TX US","2019-02-09","9.62",,"40","45","37","   10"
"USW00012960","HOUSTON INTERCONTINENTAL AIRPORT, TX US","2019-02-10","9.17",,"51","70","44","  130"
"USW00012960","HOUSTON INTERCONTINENTAL AIRPORT, TX US","2019-02-11","8.05",,"66","75","64","  160"
"USW00012960","HOUSTON INTERCONTINENTAL AIRPORT, TX US","2019-02-12","10.96",,"64","68","48","  340"
"USW00012960","HOUSTON INTERCONTINENTAL AIRPORT, TX US","2019-02-13","5.82",,"52","65","37","  120"
"USW00012960","HOUSTON INTERCONTINENTAL AIRPORT, TX US","2019-02-14","8.05",,"61","77","50","  220"
"USW00012960","HOUSTON INTERCONTINENTAL AIRPORT, TX US","2019-02-15","6.26",,"68","79","59","  180"
"USW00012960","HOUSTON INTERCONTINENTAL AIRPORT, TX US","2019-02-16","5.59",,"65","69","57","   50"
"USW00012960","HOUSTON INTERCONTINENTAL AIRPORT, TX US","2019-02-17","11.18",,"63","70","49","   50"
"USW00012960","HOUSTON INTERCONTINENTAL AIRPORT, TX US","2019-02-18","14.32",,"54","67","46","   50"
"USW00012960","HOUSTON INTERCONTINENTAL AIRPORT, TX US","2019-02-19","10.74",,"50","50","45","   70"
"USW00012960","HOUSTON INTERCONTINENTAL AIRPORT, TX US","2019-02-20","8.28",,"51","65","45","  340"
"USW00012960","HOUSTON INTERCONTINENTAL AIRPORT, TX US","2019-02-21","9.84",,"53","54","50","   60"
"USW00012960","HOUSTON INTERCONTINENTAL AIRPORT, TX US","2019-02-22","6.93",,"54","71","50","   20"
"USW00012960","HOUSTON INTERCONTINENTAL AIRPORT, TX US","2019-02-23","9.17",,"71","79","59","  330"
"USW00012960","HOUSTON INTERCONTINENTAL AIRPORT, TX US","2019-02-24","8.95",,"60","69","48","  350"
"USW00012960","HOUSTON INTERCONTINENTAL AIRPORT, TX US","2019-02-25","9.17",,"54","60","45","   80"
"USW00012960","HOUSTON INTERCONTINENTAL AIRPORT, TX US","2019-02-26","8.50",,"56","62","53","  110"
"USW00012960","HOUSTON INTERCONTINENTAL AIRPORT, TX US","2019-02-27","4.70",,"63","70","60","  120"
"USW00012960","HOUSTON INTERCONTINENTAL AIRPORT, TX US","2019-02-28","8.72",,"58","67","45","   10"
"USW00012960","HOUSTON INTERCONTINENTAL AIRPORT, TX US","2019-03-01","4.92",,"49","61","45","   30"
"USW00012960","HOUSTON INTERCONTINENTAL AIRPORT, TX US","2019-03-02","6.93",,"61","73","55","  110"
"USW00012960","HOUSTON INTERCONTINENTAL AIRPORT, TX US","2019-03-03","12.30",,"60","64","43","  360"
"USW00012960","HOUSTON INTERCONTINENTAL AIRPORT, TX US","2019-03-04","13.87",,"40","43","35","  350"
"USW00012960","HOUSTON INTERCONTINENTAL AIRPORT, TX US","2019-03-05","9.40",,"37","51","30","  340"
"USW00012960","HOUSTON INTERCONTINENTAL AIRPORT, TX US","2019-03-06","8.72",,"44","57","32","  150"
"USW00012960","HOUSTON INTERCONTINENTAL AIRPORT, TX US","2019-03-07","8.50",,"58","71","51","  170"
"USW00012960","HOUSTON INTERCONTINENTAL AIRPORT, TX US","2019-03-08","9.62",,"72","82","68","  230"
"USW00012960","HOUSTON INTERCONTINENTAL AIRPORT, TX US","2019-03-09","9.62",,"75","82","69","  190"
"USW00012960","HOUSTON INTERCONTINENTAL AIRPORT, TX US","2019-03-10","6.93",,"73","82","65","  120"
"USW00012960","HOUSTON INTERCONTINENTAL AIRPORT, TX US","2019-03-11","8.50",,"73","84","65","   90"
"USW00012960","HOUSTON INTERCONTINENTAL AIRPORT, TX US","2019-03-12","13.42",,"67","73","63","  140"
"USW00012960","HOUSTON INTERCONTINENTAL AIRPORT, TX US","2019-03-13","13.87",,"71","74","63","  150"
"USW00012960","HOUSTON INTERCONTINENTAL AIRPORT, TX US","2019-03-14","11.41",,"73","77","61","  360"
"USW00012960","HOUSTON INTERCONTINENTAL AIRPORT, TX US","2019-03-15","13.20",,"60","66","50","   20"
"USW00012960","HOUSTON INTERCONTINENTAL AIRPORT, TX US","2019-03-16","6.71",,"56","64","50","   50"
"USW00012960","HOUSTON INTERCONTINENTAL AIRPORT, TX US","2019-03-17","5.37",,"57","66","47","   60"
"USW00012960","HOUSTON INTERCONTINENTAL AIRPORT, TX US","2019-03-18","5.82",,"56","71","45","  120"
"USW00012960","HOUSTON INTERCONTINENTAL AIRPORT, TX US","2019-03-19","6.04",,"58","72","47","  130"
"USW00012960","HOUSTON INTERCONTINENTAL AIRPORT, TX US","2019-03-20","3.13",,"60","77","46","  280"
"USW00012960","HOUSTON INTERCONTINENTAL AIRPORT, TX US","2019-03-21","3.13",,"65","78","49","  340"
"USW00012960","HOUSTON INTERCONTINENTAL AIRPORT, TX US","2019-03-22","4.92",,"65","81","50","  130"
"USW00012960","HOUSTON INTERCONTINENTAL AIRPORT, TX US","2019-03-23","9.17",,"66","74","55","  140"
"USW00012960","HOUSTON INTERCONTINENTAL AIRPORT, TX US","2019-03-24","7.61",,"67","81","57","  150"
"USW00012960","HOUSTON INTERCONTINENTAL AIRPORT, TX US","2019-03-25","6.93",,"74","87","62","   10"
"USW00012960","HOUSTON INTERCONTINENTAL AIRPORT, TX US","2019-03-26","6.93",,"67","78","54","   20"
"USW00012960","HOUSTON INTERCONTINENTAL AIRPORT, TX US","2019-03-27","8.50",,"63","75","50","  130"
"USW00012960","HOUSTON INTERCONTINENTAL AIRPORT, TX US","2019-03-28","8.95",,"62","77","50","  140"
"USW00012960","HOUSTON INTERCONTINENTAL AIRPORT, TX US","2019-03-29","10.96",,"68","79","59","  160"
"USW00012960","HOUSTON INTERCONTINENTAL AIRPORT, TX US","2019-03-30","12.08",,"70","78","51","  350"
"USW00012960","HOUSTON INTERCONTINENTAL AIRPORT, TX US","2019-03-31","13.87",,"53","56","43","  360"
"USW00012960","HOUSTON INTERCONTINENTAL AIRPORT, TX US","2019-04-01","4.25",,"48","57","38","   20"
"USW00012960","HOUSTON INTERCONTINENTAL AIRPORT, TX US","2019-04-02","4.25",,"52","72","37","   60"
"USW00012960","HOUSTON INTERCONTINENTAL AIRPORT, TX US","2019-04-03","10.29",,"58","73","47","  140"
"USW00012960","HOUSTON INTERCONTINENTAL AIRPORT, TX US","2019-04-04","7.16",,"71","84","65","  220"
"USW00012960","HOUSTON INTERCONTINENTAL AIRPORT, TX US","2019-04-05","7.61",,"74","83","69","  120"
"USW00012960","HOUSTON INTERCONTINENTAL AIRPORT, TX US","2019-04-06","11.86",,"74","84","70","  170"
"USW00012960","HOUSTON INTERCONTINENTAL AIRPORT, TX US","2019-04-07","9.17",,"72","76","62","  260"
"USW00012960","HOUSTON INTERCONTINENTAL AIRPORT, TX US","2019-04-08","9.84",,"69","84","63","  340"
"USW00012960","HOUSTON INTERCONTINENTAL AIRPORT, TX US","2019-04-09","3.58",,"74","90","61",
"USW00012960","HOUSTON INTERCONTINENTAL AIRPORT, TX US","2019-04-10","11.41",,"75","91","61","  170"
"USW00012960","HOUSTON INTERCONTINENTAL AIRPORT, TX US","2019-04-11","8.05",,"74","79","64","  160"
"USW00012960","HOUSTON INTERCONTINENTAL AIRPORT, TX US","2019-04-12","10.29",,"67","73","60","  120"
"USW00012960","HOUSTON INTERCONTINENTAL AIRPORT, TX US","2019-04-13","12.97",,"72","85","51","  320"
"USW00012960","HOUSTON INTERCONTINENTAL AIRPORT, TX US","2019-04-14","10.51",,"59","73","48","   10"
"USW00012960","HOUSTON INTERCONTINENTAL AIRPORT, TX US","2019-04-15","7.83",,"63","80","48","  150"
"USW00012960","HOUSTON INTERCONTINENTAL AIRPORT, TX US","2019-04-16","13.20",,"70","81","59","  140"
"USW00012960","HOUSTON INTERCONTINENTAL AIRPORT, TX US","2019-04-17","14.32",,"73","78","70","  150"
"USW00012960","HOUSTON INTERCONTINENTAL AIRPORT, TX US","2019-04-18","11.18",,"70","76","59","  310"
"USW00012960","HOUSTON INTERCONTINENTAL AIRPORT, TX US","2019-04-19","12.75",,"65","74","54","  300"
"USW00012960","HOUSTON INTERCONTINENTAL AIRPORT, TX US","2019-04-20","2.91",,"63","79","48","  230"
"USW00012960","HOUSTON INTERCONTINENTAL AIRPORT, TX US","2019-04-21","11.63",,"68","82","54","  140"
"USW00012960","HOUSTON INTERCONTINENTAL AIRPORT, TX US","2019-04-22","12.08",,"71","80","61","  130"
"USW00012960","HOUSTON INTERCONTINENTAL AIRPORT, TX US","2019-04-23","8.72",,"71","77","67","  130"
"USW00012960","HOUSTON INTERCONTINENTAL AIRPORT, TX US","2019-04-24","10.96",,"71","80","66","  140"
"USW00012960","HOUSTON INTERCONTINENTAL AIRPORT, TX US","2019-04-25","8.50",,"73","85","63","  330"
"USW00012960","HOUSTON INTERCONTINENTAL AIRPORT, TX US","2019-04-26","4.92",,"74","86","60","   30"
"USW00012960","HOUSTON INTERCONTINENTAL AIRPORT, TX US","2019-04-27","9.17",,"75","84","64","  160"
"USW00012960","HOUSTON INTERCONTINENTAL AIRPORT, TX US","2019-04-28","9.17",,"73","83","62","  140"
"USW00012960","HOUSTON INTERCONTINENTAL AIRPORT, TX US","2019-04-29","12.97",,"76","88","69","  150"
"USW00012960","HOUSTON INTERCONTINENTAL AIRPORT, TX US","2019-04-30","17.00",,"79","87","76","  140"
"USW00012960","HOUSTON INTERCONTINENTAL AIRPORT, TX US","2019-05-01","15.21",,"79","86","76","  150"
"USW00012960","HOUSTON INTERCONTINENTAL AIRPORT, TX US","2019-05-02","11.86",,"78","84","67","  100"
"USW00012960","HOUSTON INTERCONTINENTAL AIRPORT, TX US","2019-05-03","8.50",,"73","77","69","  340"
"USW00012960","HOUSTON INTERCONTINENTAL AIRPORT, TX US","2019-05-04","6.49",,"75","86","67","  260"
"USW00012960","HOUSTON INTERCONTINENTAL AIRPORT, TX US","2019-05-05","6.71",,"75","86","65","  150"
"USW00012960","HOUSTON INTERCONTINENTAL AIRPORT, TX US","2019-05-06","7.16",,"74","84","63","   60"
"USW00012960","HOUSTON INTERCONTINENTAL AIRPORT, TX US","2019-05-07","10.07",,"74","81","68","  160"
"USW00012960","HOUSTON INTERCONTINENTAL AIRPORT, TX US","2019-05-08","10.07",,"76","83","71","  140"
"USW00012960","HOUSTON INTERCONTINENTAL AIRPORT, TX US","2019-05-09","8.72",,"80","89","68","  350"
"USW00012960","HOUSTON INTERCONTINENTAL AIRPORT, TX US","2019-05-10","8.50",,"72","77","67","   80"
"USW00012960","HOUSTON INTERCONTINENTAL AIRPORT, TX US","2019-05-11","6.93",,"72","78","67","  150"
"USW00012960","HOUSTON INTERCONTINENTAL AIRPORT, TX US","2019-05-12","7.83",,"70","79","64","   10"
"USW00012960","HOUSTON INTERCONTINENTAL AIRPORT, TX US","2019-05-13","5.59",,"71","84","59","  100"
"USW00012960","HOUSTON INTERCONTINENTAL AIRPORT, TX US","2019-05-14","7.38",,"74","86","65","  140"
"USW00012960","HOUSTON INTERCONTINENTAL AIRPORT, TX US","2019-05-15","6.71",,"76","86","67","  160"
"USW00012960","HOUSTON INTERCONTINENTAL AIRPORT, TX US","2019-05-16","7.38",,"75","87","64","  110"
"USW00012960","HOUSTON INTERCONTINENTAL AIRPORT, TX US","2019-05-17","12.30",,"76","86","66","  150"
"USW00012960","HOUSTON INTERCONTINENTAL AIRPORT, TX US","2019-05-18","12.53",,"80","84","77","  140"
"USW00012960","HOUSTON INTERCONTINENTAL AIRPORT, TX US","2019-05-19","9.17",,"83","93","78","  140"
"USW00012960","HOUSTON INTERCONTINENTAL AIRPORT, TX US","2019-05-20","16.78",,"83","90","77","  140"
"USW00012960","HOUSTON INTERCONTINENTAL AIRPORT, TX US","2019-05-21","16.11",,"83","90","79","  170"
"USW00012960","HOUSTON INTERCONTINENTAL AIRPORT, TX US","2019-05-22","17.22",,"84","90","80","  140"
"USW00012960","HOUSTON INTERCONTINENTAL AIRPORT, TX US","2019-05-23","17.00",,"83","88","78","  140"
"USW00012960","HOUSTON INTERCONTINENTAL AIRPORT, TX US","2019-05-24","13.65",,"82","89","75","  130"
"USW00012960","HOUSTON INTERCONTINENTAL AIRPORT, TX US","2019-05-25","11.63",,"81","91","74","  160"
"USW00012960","HOUSTON INTERCONTINENTAL AIRPORT, TX US","2019-05-26","9.40",,"81","90","71","  150"
"USW00012960","HOUSTON INTERCONTINENTAL AIRPORT, TX US","2019-05-27","9.40",,"82","91","73","  150"
"USW00012960","HOUSTON INTERCONTINENTAL AIRPORT, TX US","2019-05-28","12.75",,"83","92","77","  150"
"USW00012960","HOUSTON INTERCONTINENTAL AIRPORT, TX US","2019-05-29","12.30",,"83","89","75","  140"
"USW00012960","HOUSTON INTERCONTINENTAL AIRPORT, TX US","2019-05-30","6.71",,"82","91","72","  130"
"USW00012960","HOUSTON INTERCONTINENTAL AIRPORT, TX US","2019-05-31","4.70",,"82","93","72","  340"
"USW00012960","HOUSTON INTERCONTINENTAL AIRPORT, TX US","2019-06-01","3.58",,"80","95","70","  130"
"USW00012960","HOUSTON INTERCONTINENTAL AIRPORT, TX US","2019-06-02","4.92",,"84","96","74","  140"
"USW00012960","HOUSTON INTERCONTINENTAL AIRPORT, TX US","2019-06-03","5.37",,"84","95","73","  130"
"USW00012960","HOUSTON INTERCONTINENTAL AIRPORT, TX US","2019-06-04","7.38",,"83","95","72","  180"
"USW00012960","HOUSTON INTERCONTINENTAL AIRPORT, TX US","2019-06-05","11.86",,"76","79","73","  140"
"USW00012960","HOUSTON INTERCONTINENTAL AIRPORT, TX US","2019-06-06","5.82",,"81","95","75","  320"
"USW00012960","HOUSTON INTERCONTINENTAL AIRPORT, TX US","2019-06-07","7.38",,"82","95","74","  340"
"USW00012960","HOUSTON INTERCONTINENTAL AIRPORT, TX US","2019-06-08","5.37",,"84","95","72","  340"
"USW00012960","HOUSTON INTERCONTINENTAL AIRPORT, TX US","2019-06-09","5.59",,"85","97","73","   60"
"USW00012960","HOUSTON INTERCONTINENTAL AIRPORT, TX US","2019-06-10","9.62",,"84","93","76","   30"
"USW00012960","HOUSTON INTERCONTINENTAL AIRPORT, TX US","2019-06-11","6.93",,"80","88","71","   10"
"USW00012960","HOUSTON INTERCONTINENTAL AIRPORT, TX US","2019-06-12","3.36",,"79","91","69","  360"
"USW00012960","HOUSTON INTERCONTINENTAL AIRPORT, TX US","2019-06-13","6.04",,"81","92","72","   40"
"USW00012960","HOUSTON INTERCONTINENTAL AIRPORT, TX US","2019-06-14","9.62",,"81","91","73","  150"
"USW00012960","HOUSTON INTERCONTINENTAL AIRPORT, TX US","2019-06-15","10.51",,"84","94","77","  160"
"USW00012960","HOUSTON INTERCONTINENTAL AIRPORT, TX US","2019-06-16","11.86",,"83","90","67","  320"
"USW00012960","HOUSTON INTERCONTINENTAL AIRPORT, TX US","2019-06-17","5.82",,"75","89","68","  120"
"USW00012960","HOUSTON INTERCONTINENTAL AIRPORT, TX US","2019-06-18","4.25",,"83","94","74","  300"
"USW00012960","HOUSTON INTERCONTINENTAL AIRPORT, TX US","2019-06-19","8.05",,"86","96","78","  180"
"USW00012960","HOUSTON INTERCONTINENTAL AIRPORT, TX US","2019-06-20","8.50",,"86","94","78","  160"
"USW00012960","HOUSTON INTERCONTINENTAL AIRPORT, TX US","2019-06-21","12.53",,"87","94","82","  160"
"USW00012960","HOUSTON INTERCONTINENTAL AIRPORT, TX US","2019-06-22","12.53",,"87","93","82","  150"
"USW00012960","HOUSTON INTERCONTINENTAL AIRPORT, TX US","2019-06-23","13.87",,"87","94","83","  170"
"USW00012960","HOUSTON INTERCONTINENTAL AIRPORT, TX US","2019-06-24","8.95",,"81","88","68","   30"
"USW00012960","HOUSTON INTERCONTINENTAL AIRPORT, TX US","2019-06-25","8.05",,"78","84","73","  200"
"USW00012960","HOUSTON INTERCONTINENTAL AIRPORT, TX US","2019-06-26","7.38",,"78","87","72","  110"
"USW00012960","HOUSTON INTERCONTINENTAL AIRPORT, TX US","2019-06-27","4.25",,"80","90","74","  350"
"USW00012960","HOUSTON INTERCONTINENTAL AIRPORT, TX US","2019-06-28","3.58",,"80","94","71","  180"
"USW00012960","HOUSTON INTERCONTINENTAL AIRPORT, TX US","2019-06-29","5.14",,"77","90","71","  350"
"USW00012960","HOUSTON INTERCONTINENTAL AIRPORT, TX US","2019-06-30","3.36",,"76","87","71","  150"
"USW00012960","HOUSTON INTERCONTINENTAL AIRPORT, TX US","2019-07-01","6.71",,"82","93","75","  150"
"USW00012960","HOUSTON INTERCONTINENTAL AIRPORT, TX US","2019-07-02","6.93",,"83","90","74","  140"
"USW00012960","HOUSTON INTERCONTINENTAL AIRPORT, TX US","2019-07-03","6.49",,"79","88","73","  150"
"USW00012960","HOUSTON INTERCONTINENTAL AIRPORT, TX US","2019-07-04","8.95",,"83","92","74","  210"
"USW00012960","HOUSTON INTERCONTINENTAL AIRPORT, TX US","2019-07-05","6.26",,"85","95","78","  130"
"USW00012960","HOUSTON INTERCONTINENTAL AIRPORT, TX US","2019-07-06","4.92",,"85","96","75","  130"
"USW00012960","HOUSTON INTERCONTINENTAL AIRPORT, TX US","2019-07-07","4.92",,"86","96","77","  150"
"USW00012960","HOUSTON INTERCONTINENTAL AIRPORT, TX US","2019-07-08","4.70",,"87","97","76","  310"
"USW00012960","HOUSTON INTERCONTINENTAL AIRPORT, TX US","2019-07-09","5.59",,"86","96","80","  120"
"USW00012960","HOUSTON INTERCONTINENTAL AIRPORT, TX US","2019-07-10","3.13",,"87","97","78","  160"
"USW00012960","HOUSTON INTERCONTINENTAL AIRPORT, TX US","2019-07-11","6.49",,"86","96","77","   40"
"USW00012960","HOUSTON INTERCONTINENTAL AIRPORT, TX US","2019-07-12","10.96",,"88","96","80","   20"
"USW00012960","HOUSTON INTERCONTINENTAL AIRPORT, TX US","2019-07-13","12.08",,"86","92","78","   20"
"USW00012960","HOUSTON INTERCONTINENTAL AIRPORT, TX US","2019-07-14","6.71",,"83","92","77","  330"
"USW00012960","HOUSTON INTERCONTINENTAL AIRPORT, TX US","2019-07-15","8.72",,"86","92","79","  140"
"USW00012960","HOUSTON INTERCONTINENTAL AIRPORT, TX US","2019-07-16","9.40",,"87","96","80","  150"
"USW00012960","HOUSTON INTERCONTINENTAL AIRPORT, TX US","2019-07-17","7.38",,"86","94","79","  150"
"USW00012960","HOUSTON INTERCONTINENTAL AIRPORT, TX US","2019-07-18","7.38",,"86","96","76","  150"
"USW00012960","HOUSTON INTERCONTINENTAL AIRPORT, TX US","2019-07-19","7.83",,"86","94","76","  120"
"USW00012960","HOUSTON INTERCONTINENTAL AIRPORT, TX US","2019-07-20","7.61",,"86","96","77","  160"
"USW00012960","HOUSTON INTERCONTINENTAL AIRPORT, TX US","2019-07-21","5.82",,"85","95","76","  140"
"USW00012960","HOUSTON INTERCONTINENTAL AIRPORT, TX US","2019-07-22","3.80",,"85","95","78","  120"
"USW00012960","HOUSTON INTERCONTINENTAL AIRPORT, TX US","2019-07-23","9.84",,"83","90","75","   40"
"USW00012960","HOUSTON INTERCONTINENTAL AIRPORT, TX US","2019-07-24","9.84",,"80","90","68","  340"
"USW00012960","HOUSTON INTERCONTINENTAL AIRPORT, TX US","2019-07-25","6.04",,"78","91","66","   10"
"USW00012960","HOUSTON INTERCONTINENTAL AIRPORT, TX US","2019-07-26","6.71",,"80","94","69","  110"
"USW00012960","HOUSTON INTERCONTINENTAL AIRPORT, TX US","2019-07-27","6.93",,"84","95","75","  150"
"USW00012960","HOUSTON INTERCONTINENTAL AIRPORT, TX US","2019-07-28","7.38",,"83","92","75","  160"
"USW00012960","HOUSTON INTERCONTINENTAL AIRPORT, TX US","2019-07-29","6.26",,"84","97","76","  150"
"USW00012960","HOUSTON INTERCONTINENTAL AIRPORT, TX US","2019-07-30","6.26",,"85","97","74","   80"
"USW00012960","HOUSTON INTERCONTINENTAL AIRPORT, TX US","2019-07-31","6.04",,"81","96","74","  140"
"USW00012960","HOUSTON INTERCONTINENTAL AIRPORT, TX US","2019-08-01","4.25",,"85","95","75","  130"
"USW00012960","HOUSTON INTERCONTINENTAL AIRPORT, TX US","2019-08-02","3.58",,"86","96","76","   20"
"USW00012960","HOUSTON INTERCONTINENTAL AIRPORT, TX US","2019-08-03","3.58",,"86","94","78","   10"
"USW00012960","HOUSTON INTERCONTINENTAL AIRPORT, TX US","2019-08-04","5.59",,"85","94","78","  170"
"USW00012960","HOUSTON INTERCONTINENTAL AIRPORT, TX US","2019-08-05","4.92",,"85","96","77","  150"
"USW00012960","HOUSTON INTERCONTINENTAL AIRPORT, TX US","2019-08-06","5.59",,"86","97","77","  140"
"USW00012960","HOUSTON INTERCONTINENTAL AIRPORT, TX US","2019-08-07","6.49",,"88","99","80","  170"
"USW00012960","HOUSTON INTERCONTINENTAL AIRPORT, TX US","2019-08-08","7.38",,"89","101","81","  160"
"USW00012960","HOUSTON INTERCONTINENTAL AIRPORT, TX US","2019-08-09","7.61",,"89","101","82","  170"
"USW00012960","HOUSTON INTERCONTINENTAL AIRPORT, TX US","2019-08-10","5.59",,"88","101","77","  110"
"USW00012960","HOUSTON INTERCONTINENTAL AIRPORT, TX US","2019-08-11","6.71",,"89","101","79","  160"
"USW00012960","HOUSTON INTERCONTINENTAL AIRPORT, TX US","2019-08-12","7.38",,"89","101","81","  130"
"USW00012960","HOUSTON INTERCONTINENTAL AIRPORT, TX US","2019-08-13","6.26",,"90","103","81","  250"
"USW00012960","HOUSTON INTERCONTINENTAL AIRPORT, TX US","2019-08-14","5.82",,"90","102","80","   30"
"USW00012960","HOUSTON INTERCONTINENTAL AIRPORT, TX US","2019-08-15","4.92",,"85","99","78","   60"
"USW00012960","HOUSTON INTERCONTINENTAL AIRPORT, TX US","2019-08-16","6.04",,"85","98","78","  160"
"USW00012960","HOUSTON INTERCONTINENTAL AIRPORT, TX US","2019-08-17","8.50",,"87","98","81","  150"
"USW00012960","HOUSTON INTERCONTINENTAL AIRPORT, TX US","2019-08-18","8.28",,"88","97","78","  160"
"USW00012960","HOUSTON INTERCONTINENTAL AIRPORT, TX US","2019-08-19","7.16",,"87","99","78","  130"
"USW00012960","HOUSTON INTERCONTINENTAL AIRPORT, TX US","2019-08-20","4.25",,"85","95","77","  170"
"USW00012960","HOUSTON INTERCONTINENTAL AIRPORT, TX US","2019-08-21","4.70",,"85","98","77","  160"
"USW00012960","HOUSTON INTERCONTINENTAL AIRPORT, TX US","2019-08-22","7.61",,"85","96","76","  150"
"USW00012960","HOUSTON INTERCONTINENTAL AIRPORT, TX US","2019-08-23","6.71",,"83","94","77","  120"
"USW00012960","HOUSTON INTERCONTINENTAL AIRPORT, TX US","2019-08-24","5.82",,"83","95","77","  160"
"USW00012960","HOUSTON INTERCONTINENTAL AIRPORT, TX US","2019-08-25","5.59",,"83","96","77","  190"
"USW00012960","HOUSTON INTERCONTINENTAL AIRPORT, TX US","2019-08-26","7.16",,"85","98","78","  170"
"USW00012960","HOUSTON INTERCONTINENTAL AIRPORT, TX US","2019-08-27","6.04",,"87","98","79","  140"
"USW00012960","HOUSTON INTERCONTINENTAL AIRPORT, TX US","2019-08-28","4.03",,"85","95","74","  320"
"USW00012960","HOUSTON INTERCONTINENTAL AIRPORT, TX US","2019-08-29","3.58",,"80","94","74","  160"
"USW00012960","HOUSTON INTERCONTINENTAL AIRPORT, TX US","2019-08-30","5.82",,"84","95","75","  130"
"USW00012960","HOUSTON INTERCONTINENTAL AIRPORT, TX US","2019-08-31","5.14",,"83","96","75","  100"
"USW00012960","HOUSTON INTERCONTINENTAL AIRPORT, TX US","2019-09-01","6.04",,"86","100","76","   50"
"USW00012960","HOUSTON INTERCONTINENTAL AIRPORT, TX US","2019-09-02","6.93",,"85","99","75","   60"
"USW00012960","HOUSTON INTERCONTINENTAL AIRPORT, TX US","2019-09-03","7.38",,"85","98","75","   80"
"USW00012960","HOUSTON INTERCONTINENTAL AIRPORT, TX US","2019-09-04","7.16",,"86","99","77","  120"
"USW00012960","HOUSTON INTERCONTINENTAL AIRPORT, TX US","2019-09-05","4.03",,"86","99","74","  150"
"USW00012960","HOUSTON INTERCONTINENTAL AIRPORT, TX US","2019-09-06","5.14",,"87","99","76","  140"
"USW00012960","HOUSTON INTERCONTINENTAL AIRPORT, TX US","2019-09-07","5.59",,"86","99","74","  150"
"USW00012960","HOUSTON INTERCONTINENTAL AIRPORT, TX US","2019-09-08","5.37",,"85","98","71","  130"
"USW00012960","HOUSTON INTERCONTINENTAL AIRPORT, TX US","2019-09-09","7.61",,"85","97","75","  130"
"USW00012960","HOUSTON INTERCONTINENTAL AIRPORT, TX US","2019-09-10","5.82",,"83","93","76","  270"
"USW00012960","HOUSTON INTERCONTINENTAL AIRPORT, TX US","2019-09-11","4.92",,"81","93","76","  150"
"USW00012960","HOUSTON INTERCONTINENTAL AIRPORT, TX US","2019-09-12","6.49",,"83","96","75","   60"
"USW00012960","HOUSTON INTERCONTINENTAL AIRPORT, TX US","2019-09-13","4.70",,"84","97","75","   60"
"USW00012960","HOUSTON INTERCONTINENTAL AIRPORT, TX US","2019-09-14","6.93",,"84","98","74","   90"
"USW00012960","HOUSTON INTERCONTINENTAL AIRPORT, TX US","2019-09-15","6.26",,"83","96","75","  100"
"USW00012960","HOUSTON INTERCONTINENTAL AIRPORT, TX US","2019-09-16","9.40",,"82","94","75","  110"
"USW00012960","HOUSTON INTERCONTINENTAL AIRPORT, TX US","2019-09-17","13.42",,"78","82","75","   70"
"USW00012960","HOUSTON INTERCONTINENTAL AIRPORT, TX US","2019-09-18","6.26",,"77","83","75","  150"
"USW00012960","HOUSTON INTERCONTINENTAL AIRPORT, TX US","2019-09-19","8.50",,"78","82","74","   40"
"USW00012960","HOUSTON INTERCONTINENTAL AIRPORT, TX US","2019-09-20","7.61",,"79","87","75","  210"
"USW00012960","HOUSTON INTERCONTINENTAL AIRPORT, TX US","2019-09-21","10.07",,"81","90","75","  120"
"USW00012960","HOUSTON INTERCONTINENTAL AIRPORT, TX US","2019-09-22","6.93",,"80","90","75","  150"
"USW00012960","HOUSTON INTERCONTINENTAL AIRPORT, TX US","2019-09-23","4.47",,"81","91","75","  140"
"USW00012960","HOUSTON INTERCONTINENTAL AIRPORT, TX US","2019-09-24","5.82",,"82","90","73","  120"
"USW00012960","HOUSTON INTERCONTINENTAL AIRPORT, TX US","2019-09-25","5.59",,"80","91","72","  130"
"USW00012960","HOUSTON INTERCONTINENTAL AIRPORT, TX US","2019-09-26","5.14",,"80","92","71","  150"
"USW00012960","HOUSTON INTERCONTINENTAL AIRPORT, TX US","2019-09-27","5.82",,"79","85","73","  130"
"USW00012960","HOUSTON INTERCONTINENTAL AIRPORT, TX US","2019-09-28","9.17",,"82","91","75","  130"
"USW00012960","HOUSTON INTERCONTINENTAL AIRPORT, TX US","2019-09-29","9.62",,"84","91","75","  150"
"USW00012960","HOUSTON INTERCONTINENTAL AIRPORT, TX US","2019-09-30","9.84",,"83","92","77","  130"
"USW00012960","HOUSTON INTERCONTINENTAL AIRPORT, TX US","2019-10-01","7.61",,"82","91","74","  130"
"USW00012960","HOUSTON INTERCONTINENTAL AIRPORT, TX US","2019-10-02","6.04",,"81","92","74","  130"
"USW00012960","HOUSTON INTERCONTINENTAL AIRPORT, TX US","2019-10-03","6.04",,"82","93","74","  100"
"USW00012960","HOUSTON INTERCONTINENTAL AIRPORT, TX US","2019-10-04","4.47",,"80","93","72","  110"
"USW00012960","HOUSTON INTERCONTINENTAL AIRPORT, TX US","2019-10-05","3.80",,"81","93","72","   80"
"USW00012960","HOUSTON INTERCONTINENTAL AIRPORT, TX US","2019-10-06","4.92",,"81","91","72","  140"
"USW00012960","HOUSTON INTERCONTINENTAL AIRPORT, TX US","2019-10-07","10.07",,"79","83","68","   20"
"USW00012960","HOUSTON INTERCONTINENTAL AIRPORT, TX US","2019-10-08","7.16",,"73","84","65","   40"
"USW00012960","HOUSTON INTERCONTINENTAL AIRPORT, TX US","2019-10-09","7.38",,"75","89","66","  130"
"USW00012960","HOUSTON INTERCONTINENTAL AIRPORT, TX US","2019-10-10","10.07",,"81","92","73","  150"
"USW00012960","HOUSTON INTERCONTINENTAL AIRPORT, TX US","2019-10-11","11.63",,"73","79","52","   10"
"USW00012960","HOUSTON INTERCONTINENTAL AIRPORT, TX US","2019-10-12","10.51",,"58","72","53","   40"
"USW00012960","HOUSTON INTERCONTINENTAL AIRPORT, TX US","2019-10-13","5.59",,"65","82","56","  110"
"USW00012960","HOUSTON INTERCONTINENTAL AIRPORT, TX US","2019-10-14","7.61",,"76","88","69","  130"
"USW00012960","HOUSTON INTERCONTINENTAL AIRPORT, TX US","2019-10-15","5.82",,"81","92","76","  200"
"USW00012960","HOUSTON INTERCONTINENTAL AIRPORT, TX US","2019-10-16","7.83",,"74","79","59","  330"
"USW00012960","HOUSTON INTERCONTINENTAL AIRPORT, TX US","2019-10-17","6.71",,"61","68","55","   60"
"USW00012960","HOUSTON INTERCONTINENTAL AIRPORT, TX US","2019-10-18","4.25",,"64","81","54","   50"
"USW00012960","HOUSTON INTERCONTINENTAL AIRPORT, TX US","2019-10-19","4.47",,"73","90","62","  210"
"USW00012960","HOUSTON INTERCONTINENTAL AIRPORT, TX US","2019-10-20","8.28",,"82","90","74","  160"
"USW00012960","HOUSTON INTERCONTINENTAL AIRPORT, TX US","2019-10-21","8.05",,"78","81","60","  340"
"USW00012960","HOUSTON INTERCONTINENTAL AIRPORT, TX US","2019-10-22","5.82",,"67","80","53","   60"
"USW00012960","HOUSTON INTERCONTINENTAL AIRPORT, TX US","2019-10-23","9.40",,"65","80","53","  130"
"USW00012960","HOUSTON INTERCONTINENTAL AIRPORT, TX US","2019-10-24","11.18",,"69","83","60","  150"
"USW00012960","HOUSTON INTERCONTINENTAL AIRPORT, TX US","2019-10-25","14.99",,"60","67","51","  340"
"USW00012960","HOUSTON INTERCONTINENTAL AIRPORT, TX US","2019-10-26","6.93",,"55","68","51","  330"
"USW00012960","HOUSTON INTERCONTINENTAL AIRPORT, TX US","2019-10-27","6.04",,"62","78","51","  120"
"USW00012960","HOUSTON INTERCONTINENTAL AIRPORT, TX US","2019-10-28","8.28",,"67","78","60","  130"
"USW00012960","HOUSTON INTERCONTINENTAL AIRPORT, TX US","2019-10-29","9.17",,"69","74","67","  250"
"USW00012960","HOUSTON INTERCONTINENTAL AIRPORT, TX US","2019-10-30","11.86",,"65","70","45","  340"
"USW00012960","HOUSTON INTERCONTINENTAL AIRPORT, TX US","2019-10-31","13.42",,"48","57","40","  340"
"USW00012960","HOUSTON INTERCONTINENTAL AIRPORT, TX US","2019-11-01","4.25",,"47","60","36","   90"
"USW00012960","HOUSTON INTERCONTINENTAL AIRPORT, TX US","2019-11-02","5.37",,"56","68","46","   40"
"USW00012960","HOUSTON INTERCONTINENTAL AIRPORT, TX US","2019-11-03","4.70",,"53","69","42","  130"
"USW00012960","HOUSTON INTERCONTINENTAL AIRPORT, TX US","2019-11-04","7.83",,"60","76","52","  150"
"USW00012960","HOUSTON INTERCONTINENTAL AIRPORT, TX US","2019-11-05","6.49",,"71","83","64","  120"
"USW00012960","HOUSTON INTERCONTINENTAL AIRPORT, TX US","2019-11-06","6.26",,"69","81","59","  120"
"USW00012960","HOUSTON INTERCONTINENTAL AIRPORT, TX US","2019-11-07","5.59",,"65","72","52","  340"
"USW00012960","HOUSTON INTERCONTINENTAL AIRPORT, TX US","2019-11-08","10.74",,"53","55","46","   10"
"USW00012960","HOUSTON INTERCONTINENTAL AIRPORT, TX US","2019-11-09","2.46",,"52","68","41","   50"
"USW00012960","HOUSTON INTERCONTINENTAL AIRPORT, TX US","2019-11-10","4.92",,"56","75","44","  160"
"USW00012960","HOUSTON INTERCONTINENTAL AIRPORT, TX US","2019-11-11","9.17",,"66","76","39","  350"
"USW00012960","HOUSTON INTERCONTINENTAL AIRPORT, TX US","2019-11-12","16.33",,"41","48","34","  340"
"USW00012960","HOUSTON INTERCONTINENTAL AIRPORT, TX US","2019-11-13","4.03",,"37","46","30","  120"
"USW00012960","HOUSTON INTERCONTINENTAL AIRPORT, TX US","2019-11-14","8.95",,"45","48","43","   10"
"USW00012960","HOUSTON INTERCONTINENTAL AIRPORT, TX US","2019-11-15","4.70",,"48","64","40","  340"
"USW00012960","HOUSTON INTERCONTINENTAL AIRPORT, TX US","2019-11-16","2.24",,"49","64","37","   70"
"USW00012960","HOUSTON INTERCONTINENTAL AIRPORT, TX US","2019-11-17","1.79",,"51","69","40","  300"
"USW00012960","HOUSTON INTERCONTINENTAL AIRPORT, TX US","2019-11-18","2.24",,"59","74","47","  200"
"USW00012960","HOUSTON INTERCONTINENTAL AIRPORT, TX US","2019-11-19","3.36",,"60","79","46","  140"
"USW00012960","HOUSTON INTERCONTINENTAL AIRPORT, TX US","2019-11-20","10.74",,"66","80","54","  140"
"USW00012960","HOUSTON INTERCONTINENTAL AIRPORT, TX US","2019-11-21","11.41",,"74","80","71","  160"
"USW00012960","HOUSTON INTERCONTINENTAL AIRPORT, TX US","2019-11-22","8.05",,"72","79","54","  310"
"USW00012960","HOUSTON INTERCONTINENTAL AIRPORT, TX US","2019-11-23","7.83",,"56","66","47","  340"
"USW00012960","HOUSTON INTERCONTINENTAL AIRPORT, TX US","2019-11-24","2.68",,"54","69","42","  150"
"USW00012960","HOUSTON INTERCONTINENTAL AIRPORT, TX US","2019-11-25","7.38",,"62","80","48","  180"
"USW00012960","HOUSTON INTERCONTINENTAL AIRPORT, TX US","2019-11-26","9.17",,"76","82","73","  170"
"USW00012960","HOUSTON INTERCONTINENTAL AIRPORT, TX US","2019-11-27","14.32",,"70","76","61","  350"
"USW00012960","HOUSTON INTERCONTINENTAL AIRPORT, TX US","2019-11-28","12.08",,"65","73","61","  120"
"USW00012960","HOUSTON INTERCONTINENTAL AIRPORT, TX US","2019-11-29","12.97",,"71","75","69","  140"
"USW00012960","HOUSTON INTERCONTINENTAL AIRPORT, TX US","2019-11-30","10.29",,"76","81","68","  220"
"USW00012960","HOUSTON INTERCONTINENTAL AIRPORT, TX US","2019-12-01","10.07",,"65","68","49","  320"
"USW00012960","HOUSTON INTERCONTINENTAL AIRPORT, TX US","2019-12-02","6.26",,"53","65","42","   10"
"USW00012960","HOUSTON INTERCONTINENTAL AIRPORT, TX US","2019-12-03","2.91",,"52","71","38","  220"
"USW00012960","HOUSTON INTERCONTINENTAL AIRPORT, TX US","2019-12-04","2.91",,"58","75","47","  350"
"USW00012960","HOUSTON INTERCONTINENTAL AIRPORT, TX US","2019-12-05","5.37",,"60","77","49","  160"
"USW00012960","HOUSTON INTERCONTINENTAL AIRPORT, TX US","2019-12-06","7.61",,"67","75","57","   10"
"USW00012960","HOUSTON INTERCONTINENTAL AIRPORT, TX US","2019-12-07","5.59",,"61","73","49","  350"
"USW00012960","HOUSTON INTERCONTINENTAL AIRPORT, TX US","2019-12-08","6.49",,"58","75","47","  150"
"USW00012960","HOUSTON INTERCONTINENTAL AIRPORT, TX US","2019-12-09","6.49",,"72","84","66","  220"
"USW00012960","HOUSTON INTERCONTINENTAL AIRPORT, TX US","2019-12-10","14.32",,"61","72","46","   10"
"USW00012960","HOUSTON INTERCONTINENTAL AIRPORT, TX US","2019-12-11","10.07",,"49","60","42","   30"
"USW00012960","HOUSTON INTERCONTINENTAL AIRPORT, TX US","2019-12-12","3.13",,"49","63","38","   70"
"USW00012960","HOUSTON INTERCONTINENTAL AIRPORT, TX US","2019-12-13","4.92",,"60","75","50","  280"
"USW00012960","HOUSTON INTERCONTINENTAL AIRPORT, TX US","2019-12-14","5.59",,"59","74","43","  130"
"USW00012960","HOUSTON INTERCONTINENTAL AIRPORT, TX US","2019-12-15","10.51",,"71","84","63","  200"
"USW00012960","HOUSTON INTERCONTINENTAL AIRPORT, TX US","2019-12-16","13.87",,"71","80","44","  350"
"USW00012960","HOUSTON INTERCONTINENTAL AIRPORT, TX US","2019-12-17","14.32",,"46","55","39","  350"
"USW00012960","HOUSTON INTERCONTINENTAL AIRPORT, TX US","2019-12-18","2.68",,"45","59","32","   40"
"USW00012960","HOUSTON INTERCONTINENTAL AIRPORT, TX US","2019-12-19","4.70",,"44","60","31","  120"
"USW00012960","HOUSTON INTERCONTINENTAL AIRPORT, TX US","2019-12-20","7.61",,"49","54","43","   70"
"USW00012960","HOUSTON INTERCONTINENTAL AIRPORT, TX US","2019-12-21","5.14",,"51","56","45","   30"
"USW00012960","HOUSTON INTERCONTINENTAL AIRPORT, TX US","2019-12-22","7.16",,"51","63","42","   30"
"USW00012960","HOUSTON INTERCONTINENTAL AIRPORT, TX US","2019-12-23","3.80",,"53","71","41","  330"
"USW00012960","HOUSTON INTERCONTINENTAL AIRPORT, TX US","2019-12-24","2.46",,"55","74","41","  110"
"USW00012960","HOUSTON INTERCONTINENTAL AIRPORT, TX US","2019-12-25","4.25",,"58","73","45","  160"
"USW00012960","HOUSTON INTERCONTINENTAL AIRPORT, TX US","2019-12-26","4.03",,"62","76","50","  130"
"USW00012960","HOUSTON INTERCONTINENTAL AIRPORT, TX US","2019-12-27","6.49",,"62","69","54","  130"
"USW00012960","HOUSTON INTERCONTINENTAL AIRPORT, TX US","2019-12-28","10.74",,"68","78","63","  150"
"USW00012960","HOUSTON INTERCONTINENTAL AIRPORT, TX US","2019-12-29","9.17",,"66","70","49","  310"
"USW00012960","HOUSTON INTERCONTINENTAL AIRPORT, TX US","2019-12-30","5.82",,"52","62","39","  320"
"USW00012960","HOUSTON INTERCONTINENTAL AIRPORT, TX US","2019-12-31","2.91",,"49","62","36","   10"
"USW00012960","HOUSTON INTERCONTINENTAL AIRPORT, TX US","2020-01-01","6.49",,"52","60","47","  140"
"USW00012960","HOUSTON INTERCONTINENTAL AIRPORT, TX US","2020-01-02","3.58",,"60","65","59","  120"
"USW00012960","HOUSTON INTERCONTINENTAL AIRPORT, TX US","2020-01-03","6.04",,"61","69","52","  340"
"USW00012960","HOUSTON INTERCONTINENTAL AIRPORT, TX US","2020-01-04","5.14",,"55","69","40","  300"
"USW00012960","HOUSTON INTERCONTINENTAL AIRPORT, TX US","2020-01-05","5.59",,"55","74","40","  210"
"USW00012960","HOUSTON INTERCONTINENTAL AIRPORT, TX US","2020-01-06","4.92",,"60","75","45","  230"
"USW00012960","HOUSTON INTERCONTINENTAL AIRPORT, TX US","2020-01-07","5.82",,"60","68","41","   50"
"USW00012960","HOUSTON INTERCONTINENTAL AIRPORT, TX US","2020-01-08","9.62",,"49","68","35","  130"
"USW00012960","HOUSTON INTERCONTINENTAL AIRPORT, TX US","2020-01-09","13.42",,"65","75","60","  180"
"USW00012960","HOUSTON INTERCONTINENTAL AIRPORT, TX US","2020-01-10","18.12",,"73","76","70","  160"
"USW00012960","HOUSTON INTERCONTINENTAL AIRPORT, TX US","2020-01-11","10.51",,"61","69","39","  300"
"USW00012960","HOUSTON INTERCONTINENTAL AIRPORT, TX US","2020-01-12","5.82",,"43","57","34","  120"
"USW00012960","HOUSTON INTERCONTINENTAL AIRPORT, TX US","2020-01-13","6.26",,"54","64","50","  110"
"USW00012960","HOUSTON INTERCONTINENTAL AIRPORT, TX US","2020-01-14","4.47",,"69","79","64","  220"
"USW00012960","HOUSTON INTERCONTINENTAL AIRPORT, TX US","2020-01-15","6.93",,"73","81","69","  160"
"USW00012960","HOUSTON INTERCONTINENTAL AIRPORT, TX US","2020-01-16","8.72",,"72","77","64","  110"
"USW00012960","HOUSTON INTERCONTINENTAL AIRPORT, TX US","2020-01-17","12.30",,"65","72","60","  150"
"USW00012960","HOUSTON INTERCONTINENTAL AIRPORT, TX US","2020-01-18","6.71",,"69","74","55","  350"
"USW00012960","HOUSTON INTERCONTINENTAL AIRPORT, TX US","2020-01-19","13.42",,"55","63","44","   40"
"USW00012960","HOUSTON INTERCONTINENTAL AIRPORT, TX US","2020-01-20","7.83",,"50","62","38","   10"
"USW00012960","HOUSTON INTERCONTINENTAL AIRPORT, TX US","2020-01-21","6.49",,"48","61","35","  130"
"USW00012960","HOUSTON INTERCONTINENTAL AIRPORT, TX US","2020-01-22","13.20",,"50","60","43","  150"
"USW00012960","HOUSTON INTERCONTINENTAL AIRPORT, TX US","2020-01-23","7.83",,"59","61","46","  340"
"USW00012960","HOUSTON INTERCONTINENTAL AIRPORT, TX US","2020-01-24","2.91",,"52","67","40","  310"
"USW00012960","HOUSTON INTERCONTINENTAL AIRPORT, TX US","2020-01-25","8.72",,"52","66","41","  150"
"USW00012960","HOUSTON INTERCONTINENTAL AIRPORT, TX US","2020-01-26","5.14",,"63","75","53","  120"
"USW00012960","HOUSTON INTERCONTINENTAL AIRPORT, TX US","2020-01-27","7.16",,"57","62","50","  140"
"USW00012960","HOUSTON INTERCONTINENTAL AIRPORT, TX US","2020-01-28","9.40",,"57","63","50","  120"
"USW00012960","HOUSTON INTERCONTINENTAL AIRPORT, TX US","2020-01-29","11.86",,"51","55","47","  310"
"USW00012960","HOUSTON INTERCONTINENTAL AIRPORT, TX US","2020-01-30","7.61",,"51","56","49","   30"
"USW00012960","HOUSTON INTERCONTINENTAL AIRPORT, TX US","2020-01-31","5.59",,"53","61","43","   20"
"USW00012960","HOUSTON INTERCONTINENTAL AIRPORT, TX US","2020-02-01","5.14",,"52","69","41","  280"
"USW00012960","HOUSTON INTERCONTINENTAL AIRPORT, TX US","2020-02-02","7.16",,"58","76","47","  220"
"USW00012960","HOUSTON INTERCONTINENTAL AIRPORT, TX US","2020-02-03","10.74",,"65","76","57","  160"
"USW00012960","HOUSTON INTERCONTINENTAL AIRPORT, TX US","2020-02-04","8.50",,"72","80","59","  200"
"USW00012960","HOUSTON INTERCONTINENTAL AIRPORT, TX US","2020-02-05","13.42",,"55","59","41","  310"
"USW00012960","HOUSTON INTERCONTINENTAL AIRPORT, TX US","2020-02-06","11.18",,"43","52","36","  310"
"USW00012960","HOUSTON INTERCONTINENTAL AIRPORT, TX US","2020-02-07","6.04",,"49","72","33","  250"
"USW00012960","HOUSTON INTERCONTINENTAL AIRPORT, TX US","2020-02-08","8.50",,"60","73","50","  140"
"USW00012960","HOUSTON INTERCONTINENTAL AIRPORT, TX US","2020-02-09","12.08",,"65","73","57","  150"
"USW00012960","HOUSTON INTERCONTINENTAL AIRPORT, TX US","2020-02-10","11.41",,"73","78","53","  170"
"USW00012960","HOUSTON INTERCONTINENTAL AIRPORT, TX US","2020-02-11","10.07",,"56","57","50","   20"
"USW00012960","HOUSTON INTERCONTINENTAL AIRPORT, TX US","2020-02-12","7.61",,"54","57","50","  290"
"USW00012960","HOUSTON INTERCONTINENTAL AIRPORT, TX US","2020-02-13","10.07",,"51","60","42","   10"
"USW00012960","HOUSTON INTERCONTINENTAL AIRPORT, TX US","2020-02-14","6.04",,"47","62","36","   90"
"USW00012960","HOUSTON INTERCONTINENTAL AIRPORT, TX US","2020-02-15","8.05",,"51","67","40","  140"
"USW00012960","HOUSTON INTERCONTINENTAL AIRPORT, TX US","2020-02-16","3.80",,"63","72","59","  150"
"USW00012960","HOUSTON INTERCONTINENTAL AIRPORT, TX US","2020-02-17","8.05",,"67","81","58","  160"
"USW00012960","HOUSTON INTERCONTINENTAL AIRPORT, TX US","2020-02-18","8.05",,"73","79","60","  360"
"USW00012960","HOUSTON INTERCONTINENTAL AIRPORT, TX US","2020-02-19","10.29",,"60","60","51","   40"
"USW00012960","HOUSTON INTERCONTINENTAL AIRPORT, TX US","2020-02-20","16.11",,"50","51","45","   10"
"USW00012960","HOUSTON INTERCONTINENTAL AIRPORT, TX US","2020-02-21","10.07",,"47","57","39","   10"
"USW00012960","HOUSTON INTERCONTINENTAL AIRPORT, TX US","2020-02-22","4.92",,"48","64","37","  150"
"USW00012960","HOUSTON INTERCONTINENTAL AIRPORT, TX US","2020-02-23","9.62",,"58","68","49","  160"
"USW00012960","HOUSTON INTERCONTINENTAL AIRPORT, TX US","2020-02-24","5.14",,"66","73","53","  290"
"USW00012960","HOUSTON INTERCONTINENTAL AIRPORT, TX US","2020-02-25","7.83",,"60","73","47","  350"
"USW00012960","HOUSTON INTERCONTINENTAL AIRPORT, TX US","2020-02-26","14.99",,"54","57","42","  330"
"USW00012960","HOUSTON INTERCONTINENTAL AIRPORT, TX US","2020-02-27","3.36",,"46","61","32","  280"
"USW00012960","HOUSTON INTERCONTINENTAL AIRPORT, TX US","2020-02-28","4.92",,"53","74","39","  280"
"USW00012960","HOUSTON INTERCONTINENTAL AIRPORT, TX US","2020-02-29","7.83",,"57","75","43","  160"
"USW00012960","HOUSTON INTERCONTINENTAL AIRPORT, TX US","2020-03-01","11.41",,"66","72","62","  160"
"USW00012960","HOUSTON INTERCONTINENTAL AIRPORT, TX US","2020-03-02","6.93",,"70","81","66","  160"
"USW00012960","HOUSTON INTERCONTINENTAL AIRPORT, TX US","2020-03-03","7.38",,"74","84","68","  140"
"USW00012960","HOUSTON INTERCONTINENTAL AIRPORT, TX US","2020-03-04","11.18",,"70","76","57","   20"
"USW00012960","HOUSTON INTERCONTINENTAL AIRPORT, TX US","2020-03-05","11.86",,"61","75","55","  330"
"USW00012960","HOUSTON INTERCONTINENTAL AIRPORT, TX US","2020-03-06","7.83",,"62","74","49","   30"
"USW00012960","HOUSTON INTERCONTINENTAL AIRPORT, TX US","2020-03-07","8.05",,"55","62","42","  110"
"USW00012960","HOUSTON INTERCONTINENTAL AIRPORT, TX US","2020-03-08","13.20",,"58","73","46","  130"
"USW00012960","HOUSTON INTERCONTINENTAL AIRPORT, TX US","2020-03-09","8.50",,"67","74","62","  160"
"USW00012960","HOUSTON INTERCONTINENTAL AIRPORT, TX US","2020-03-10","3.58",,"71","82","62","  140"
"USW00012960","HOUSTON INTERCONTINENTAL AIRPORT, TX US","2020-03-11","6.49",,"71","83","59","  220"
"USW00012960","HOUSTON INTERCONTINENTAL AIRPORT, TX US","2020-03-12","9.17",,"74","84","69","  150"
"USW00012960","HOUSTON INTERCONTINENTAL AIRPORT, TX US","2020-03-13","10.74",,"74","83","70","  140"
"USW00012960","HOUSTON INTERCONTINENTAL AIRPORT, TX US","2020-03-14","10.51",,"75","82","71","  150"
"USW00012960","HOUSTON INTERCONTINENTAL AIRPORT, TX US","2020-03-15","6.93",,"75","84","65","  150"
"USW00012960","HOUSTON INTERCONTINENTAL AIRPORT, TX US","2020-03-16","6.49",,"70","76","63","  150"
"USW00012960","HOUSTON INTERCONTINENTAL AIRPORT, TX US","2020-03-17","10.07",,"73","85","69","  150"
"USW00012960","HOUSTON INTERCONTINENTAL AIRPORT, TX US","2020-03-18","10.74",,"75","83","71","  150"
"USW00012960","HOUSTON INTERCONTINENTAL AIRPORT, TX US","2020-03-19","12.75",,"77","85","74","  150"
"USW00012960","HOUSTON INTERCONTINENTAL AIRPORT, TX US","2020-03-20","8.95",,"73","76","56","   60"
"USW00012960","HOUSTON INTERCONTINENTAL AIRPORT, TX US","2020-03-21","10.51",,"58","61","54","   90"
"USW00012960","HOUSTON INTERCONTINENTAL AIRPORT, TX US","2020-03-22","7.83",,"63","78","58","  150"
"USW00012960","HOUSTON INTERCONTINENTAL AIRPORT, TX US","2020-03-23","7.61",,"76","86","69","  160"
"USW00012960","HOUSTON INTERCONTINENTAL AIRPORT, TX US","2020-03-24","8.05",,"77","88","71","  240"
"USW00012960","HOUSTON INTERCONTINENTAL AIRPORT, TX US","2020-03-25","7.16",,"78","90","71","  150"
"USW00012960","HOUSTON INTERCONTINENTAL AIRPORT, TX US","2020-03-26","8.72",,"76","88","68","  150"
"USW00012960","HOUSTON INTERCONTINENTAL AIRPORT, TX US","2020-03-27","11.86",,"79","90","67","  150"
"USW00012960","HOUSTON INTERCONTINENTAL AIRPORT, TX US","2020-03-28","7.16",,"76","81","58","  170"
"USW00012960","HOUSTON INTERCONTINENTAL AIRPORT, TX US","2020-03-29","7.38",,"66","81","54","   50"
"USW00012960","HOUSTON INTERCONTINENTAL AIRPORT, TX US","2020-03-30","8.50",,"72","83","64","  160"
"USW00012960","HOUSTON INTERCONTINENTAL AIRPORT, TX US","2020-03-31","10.29",,"73","76","56","  350"
"USW00012960","HOUSTON INTERCONTINENTAL AIRPORT, TX US","2020-04-01","9.40",,"63","75","52","  130"
"USW00012960","HOUSTON INTERCONTINENTAL AIRPORT, TX US","2020-04-02","10.29",,"66","75","59","  120"
"USW00012960","HOUSTON INTERCONTINENTAL AIRPORT, TX US","2020-04-03","8.50",,"71","82","65","  140"
"USW00012960","HOUSTON INTERCONTINENTAL AIRPORT, TX US","2020-04-04","10.29",,"61","68","54","  360"
"USW00012960","HOUSTON INTERCONTINENTAL AIRPORT, TX US","2020-04-05","7.38",,"62","74","58","   50"
"USW00012960","HOUSTON INTERCONTINENTAL AIRPORT, TX US","2020-04-06","5.82",,"69","77","64","  130"
"USW00012960","HOUSTON INTERCONTINENTAL AIRPORT, TX US","2020-04-07","5.14",,"77","87","72","  240"
"USW00012960","HOUSTON INTERCONTINENTAL AIRPORT, TX US","2020-04-08","4.70",,"79","88","72","  230"
"USW00012960","HOUSTON INTERCONTINENTAL AIRPORT, TX US","2020-04-09","5.82",,"80","91","67","  130"
"USW00012960","HOUSTON INTERCONTINENTAL AIRPORT, TX US","2020-04-10","10.29",,"70","74","62","   60"
"USW00012960","HOUSTON INTERCONTINENTAL AIRPORT, TX US","2020-04-11","12.53",,"67","77","59","  130"
"USW00012960","HOUSTON INTERCONTINENTAL AIRPORT, TX US","2020-04-12","11.41",,"79","92","66","  260"
"USW00012960","HOUSTON INTERCONTINENTAL AIRPORT, TX US","2020-04-13","12.97",,"65","70","51","  340"
"USW00012960","HOUSTON INTERCONTINENTAL AIRPORT, TX US","2020-04-14","11.86",,"58","71","48","  360"
"USW00012960","HOUSTON INTERCONTINENTAL AIRPORT, TX US","2020-04-15","7.16",,"59","72","47","  360"
"USW00012960","HOUSTON INTERCONTINENTAL AIRPORT, TX US","2020-04-16","10.07",,"61","75","48","  120"
"USW00012960","HOUSTON INTERCONTINENTAL AIRPORT, TX US","2020-04-17","6.04",,"69","83","60","  340"
"USW00012960","HOUSTON INTERCONTINENTAL AIRPORT, TX US","2020-04-18","8.05",,"69","76","61","  350"
"USW00012960","HOUSTON INTERCONTINENTAL AIRPORT, TX US","2020-04-19","6.71",,"73","83","66","  190"
"USW00012960","HOUSTON INTERCONTINENTAL AIRPORT, TX US","2020-04-20","6.04",,"72","84","63","   50"
"USW00012960","HOUSTON INTERCONTINENTAL AIRPORT, TX US","2020-04-21","8.50",,"74","86","67","  130"
"USW00012960","HOUSTON INTERCONTINENTAL AIRPORT, TX US","2020-04-22","10.51",,"76","84","71","  180"
"USW00012960","HOUSTON INTERCONTINENTAL AIRPORT, TX US","2020-04-23","9.40",,"81","88","62","  350"
"USW00012960","HOUSTON INTERCONTINENTAL AIRPORT, TX US","2020-04-24","8.50",,"74","92","59","  170"
"USW00012960","HOUSTON INTERCONTINENTAL AIRPORT, TX US","2020-04-25","8.28",,"73","81","64","   20"
"USW00012960","HOUSTON INTERCONTINENTAL AIRPORT, TX US","2020-04-26","4.92",,"71","86","55","  120"
"USW00012960","HOUSTON INTERCONTINENTAL AIRPORT, TX US","2020-04-27","12.30",,"72","84","58","  120"
"USW00012960","HOUSTON INTERCONTINENTAL AIRPORT, TX US","2020-04-28","10.29",,"77","84","74","  170"
"USW00012960","HOUSTON INTERCONTINENTAL AIRPORT, TX US","2020-04-29","10.51",,"75","83","62","  350"
"USW00012960","HOUSTON INTERCONTINENTAL AIRPORT, TX US","2020-04-30","4.25",,"71","84","56","  340"
"USW00012960","HOUSTON INTERCONTINENTAL AIRPORT, TX US","2020-05-01","7.38",,"72","86","58","  130"
"USW00012960","HOUSTON INTERCONTINENTAL AIRPORT, TX US","2020-05-02","10.07",,"76","88","63","  160"
"USW00012960","HOUSTON INTERCONTINENTAL AIRPORT, TX US","2020-05-03","8.50",,"79","89","73","  150"
"USW00012960","HOUSTON INTERCONTINENTAL AIRPORT, TX US","2020-05-04","8.50",,"79","91","72","  150"
"USW00012960","HOUSTON INTERCONTINENTAL AIRPORT, TX US","2020-05-05","7.38",,"82","93","74","  340"
"USW00012960","HOUSTON INTERCONTINENTAL AIRPORT, TX US","2020-05-06","8.50",,"76","86","64","   60"
"USW00012960","HOUSTON INTERCONTINENTAL AIRPORT, TX US","2020-05-07","11.63",,"73","85","60","  160"
"USW00012960","HOUSTON INTERCONTINENTAL AIRPORT, TX US","2020-05-08","12.97",,"80","92","67","  360"
"USW00012960","HOUSTON INTERCONTINENTAL AIRPORT, TX US","2020-05-09","11.63",,"68","73","61","   60"
"USW00012960","HOUSTON INTERCONTINENTAL AIRPORT, TX US","2020-05-10","6.49",,"68","82","56","   30"
"USW00012960","HOUSTON INTERCONTINENTAL AIRPORT, TX US","2020-05-11","8.05",,"71","84","58","  150"
"USW00012960","HOUSTON INTERCONTINENTAL AIRPORT, TX US","2020-05-12","13.65",,"74","85","66","  130"
"USW00012960","HOUSTON INTERCONTINENTAL AIRPORT, TX US","2020-05-13","10.51",,"77","86","72","  130"
"USW00012960","HOUSTON INTERCONTINENTAL AIRPORT, TX US","2020-05-14","8.72",,"79","89","71","   80"
"USW00012960","HOUSTON INTERCONTINENTAL AIRPORT, TX US","2020-05-15","6.71",,"76","90","70","  100"
"USW00012960","HOUSTON INTERCONTINENTAL AIRPORT, TX US","2020-05-16","8.50",,"73","82","68","  260"
"USW00012960","HOUSTON INTERCONTINENTAL AIRPORT, TX US","2020-05-17","8.05",,"75","88","67","  320"
"USW00012960","HOUSTON INTERCONTINENTAL AIRPORT, TX US","2020-05-18","4.47",,"78","94","65","  280"
"USW00012960","HOUSTON INTERCONTINENTAL AIRPORT, TX US","2020-05-19","7.38",,"82","94","71","  180"
"USW00012960","HOUSTON INTERCONTINENTAL AIRPORT, TX US","2020-05-20","6.93",,"83","95","72","  150"
"USW00012960","HOUSTON INTERCONTINENTAL AIRPORT, TX US","2020-05-21","11.41",,"83","91","75","  130"
"USW00012960","HOUSTON INTERCONTINENTAL AIRPORT, TX US","2020-05-22","10.29",,"83","93","74","  150"
"USW00012960","HOUSTON INTERCONTINENTAL AIRPORT, TX US","2020-05-23","13.20",,"84","92","79","  130"
"USW00012960","HOUSTON INTERCONTINENTAL AIRPORT, TX US","2020-05-24","10.74",,"81","89","67","  150"
"USW00012960","HOUSTON INTERCONTINENTAL AIRPORT, TX US","2020-05-25","8.05",,"73","84","66","   70"
"USW00012960","HOUSTON INTERCONTINENTAL AIRPORT, TX US","2020-05-26","5.37",,"77","89","68","  350"
"USW00012960","HOUSTON INTERCONTINENTAL AIRPORT, TX US","2020-05-27","6.71",,"76","90","65","  340"
"USW00012960","HOUSTON INTERCONTINENTAL AIRPORT, TX US","2020-05-28","5.14",,"74","89","64","  120"
"USW00012960","HOUSTON INTERCONTINENTAL AIRPORT, TX US","2020-05-29","7.61",,"79","89","69","   10"
"USW00012960","HOUSTON INTERCONTINENTAL AIRPORT, TX US","2020-05-30","7.61",,"79","89","70","   70"
"USW00012960","HOUSTON INTERCONTINENTAL AIRPORT, TX US","2020-05-31","5.82",,"79","88","73","  110"
"USW00012960","HOUSTON INTERCONTINENTAL AIRPORT, TX US","2020-06-01","6.04",,"78","85","73","  120"
"USW00012960","HOUSTON INTERCONTINENTAL AIRPORT, TX US","2020-06-02","6.71",,"80","92","72","  140"
"USW00012960","HOUSTON INTERCONTINENTAL AIRPORT, TX US","2020-06-03","3.80",,"80","91","72","  240"
"USW00012960","HOUSTON INTERCONTINENTAL AIRPORT, TX US","2020-06-04","4.25",,"81","94","72","   70"
"USW00012960","HOUSTON INTERCONTINENTAL AIRPORT, TX US","2020-06-05","4.25",,"83","93","73","  130"
"USW00012960","HOUSTON INTERCONTINENTAL AIRPORT, TX US","2020-06-06","7.16",,"84","96","74","   40"
"USW00012960","HOUSTON INTERCONTINENTAL AIRPORT, TX US","2020-06-07","9.62",,"85","95","75","   20"
"USW00012960","HOUSTON INTERCONTINENTAL AIRPORT, TX US","2020-06-08","7.61",,"86","95","79","  280"
"USW00012960","HOUSTON INTERCONTINENTAL AIRPORT, TX US","2020-06-09","8.28",,"87","97","80","  180"
"USW00012960","HOUSTON INTERCONTINENTAL AIRPORT, TX US","2020-06-10","7.61",,"85","94","70","   30"
"USW00012960","HOUSTON INTERCONTINENTAL AIRPORT, TX US","2020-06-11","5.59",,"80","92","66","   20"
"USW00012960","HOUSTON INTERCONTINENTAL AIRPORT, TX US","2020-06-12","7.61",,"80","91","66","   40"
"USW00012960","HOUSTON INTERCONTINENTAL AIRPORT, TX US","2020-06-13","7.61",,"81","92","69","   70"
"USW00012960","HOUSTON INTERCONTINENTAL AIRPORT, TX US","2020-06-14","6.93",,"81","94","68","  130"
"USW00012960","HOUSTON INTERCONTINENTAL AIRPORT, TX US","2020-06-15","8.05",,"82","94","73","  100"
"USW00012960","HOUSTON INTERCONTINENTAL AIRPORT, TX US","2020-06-16","5.82",,"82","94","71","  150"
"USW00012960","HOUSTON INTERCONTINENTAL AIRPORT, TX US","2020-06-17","5.59",,"83","94","68","  120"
"USW00012960","HOUSTON INTERCONTINENTAL AIRPORT, TX US","2020-06-18","7.83",,"82","94","69","  140"
"USW00012960","HOUSTON INTERCONTINENTAL AIRPORT, TX US","2020-06-19","9.40",,"81","90","71","  160"
"USW00012960","HOUSTON INTERCONTINENTAL AIRPORT, TX US","2020-06-20","6.71",,"80","91","74","  150"
"USW00012960","HOUSTON INTERCONTINENTAL AIRPORT, TX US","2020-06-21","8.05",,"83","93","74","  170"
"USW00012960","HOUSTON INTERCONTINENTAL AIRPORT, TX US","2020-06-22","5.59",,"79","82","70","  260"
"USW00012960","HOUSTON INTERCONTINENTAL AIRPORT, TX US","2020-06-23","6.26",,"79","90","70","  170"
"USW00012960","HOUSTON INTERCONTINENTAL AIRPORT, TX US","2020-06-24","5.82",,"79","88","73","  280"
"USW00012960","HOUSTON INTERCONTINENTAL AIRPORT, TX US","2020-06-25","5.14",,"78","87","73","  160"
"USW00012960","HOUSTON INTERCONTINENTAL AIRPORT, TX US","2020-06-26","7.16",,"81","86","76","  170"
"USW00012960","HOUSTON INTERCONTINENTAL AIRPORT, TX US","2020-06-27","9.40",,"84","91","79","  160"
"USW00012960","HOUSTON INTERCONTINENTAL AIRPORT, TX US","2020-06-28","10.51",,"85","92","80","  170"
"USW00012960","HOUSTON INTERCONTINENTAL AIRPORT, TX US","2020-06-29","11.86",,"85","92","82","  170"
"USW00012960","HOUSTON INTERCONTINENTAL AIRPORT, TX US","2020-06-30","10.29",,"87","94","82","  160"
"USW00012960","HOUSTON INTERCONTINENTAL AIRPORT, TX US","2020-07-01","9.84",,"87","95","82","  190"
"USW00012960","HOUSTON INTERCONTINENTAL AIRPORT, TX US","2020-07-02","5.82",,"87","97","82","  180"
"USW00012960","HOUSTON INTERCONTINENTAL AIRPORT, TX US","2020-07-03","6.49",,"87","96","73","   40"
"USW00012960","HOUSTON INTERCONTINENTAL AIRPORT, TX US","2020-07-04","3.80",,"83","97","73","  270"
"USW00012960","HOUSTON INTERCONTINENTAL AIRPORT, TX US","2020-07-05","5.82",,"86","96","79","  230"
"USW00012960","HOUSTON INTERCONTINENTAL AIRPORT, TX US","2020-07-06","6.04",,"86","91","82","  250"
"USW00012960","HOUSTON INTERCONTINENTAL AIRPORT, TX US","2020-07-07","5.59",,"86","94","80","  190"
"USW00012960","HOUSTON INTERCONTINENTAL AIRPORT, TX US","2020-07-08","7.61",,"87","96","82","  180"
"USW00012960","HOUSTON INTERCONTINENTAL AIRPORT, TX US","2020-07-09","9.62",,"88","98","82","  150"
"USW00012960","HOUSTON INTERCONTINENTAL AIRPORT, TX US","2020-07-10","6.49",,"87","100","79","  130"
"USW00012960","HOUSTON INTERCONTINENTAL AIRPORT, TX US","2020-07-11","6.49",,"89","101","81","  150"
"USW00012960","HOUSTON INTERCONTINENTAL AIRPORT, TX US","2020-07-12","5.59",,"88","97","79","  210"
"USW00012960","HOUSTON INTERCONTINENTAL AIRPORT, TX US","2020-07-13","7.38",,"89","101","81","  230"
"USW00012960","HOUSTON INTERCONTINENTAL AIRPORT, TX US","2020-07-14","8.72",,"88","99","81","  160"
"USW00012960","HOUSTON INTERCONTINENTAL AIRPORT, TX US","2020-07-15","7.61",,"88","99","81","  180"
"USW00012960","HOUSTON INTERCONTINENTAL AIRPORT, TX US","2020-07-16","6.26",,"88","100","80","  140"
"USW00012960","HOUSTON INTERCONTINENTAL AIRPORT, TX US","2020-07-17","7.61",,"85","92","78","  130"
"USW00012960","HOUSTON INTERCONTINENTAL AIRPORT, TX US","2020-07-18","6.04",,"83","94","76","  120"
"USW00012960","HOUSTON INTERCONTINENTAL AIRPORT, TX US","2020-07-19","6.04",,"85","96","76","  140"
"USW00012960","HOUSTON INTERCONTINENTAL AIRPORT, TX US","2020-07-20","8.28",,"81","91","77","  150"
"USW00012960","HOUSTON INTERCONTINENTAL AIRPORT, TX US","2020-07-21","8.72",,"78","89","75","  130"
"USW00012960","HOUSTON INTERCONTINENTAL AIRPORT, TX US","2020-07-22","5.82",,"81","91","76","  130"
"USW00012960","HOUSTON INTERCONTINENTAL AIRPORT, TX US","2020-07-23","7.61",,"85","96","76","   80"
"USW00012960","HOUSTON INTERCONTINENTAL AIRPORT, TX US","2020-07-24","13.87",,"85","94","77","   60"
"USW00012960","HOUSTON INTERCONTINENTAL AIRPORT, TX US","2020-07-25","13.42",,"82","89","76","  150"
"USW00012960","HOUSTON INTERCONTINENTAL AIRPORT, TX US","2020-07-26","10.74",,"80","91","77","  120"
"USW00012960","HOUSTON INTERCONTINENTAL AIRPORT, TX US","2020-07-27","5.82",,"81","93","76","  170"
"USW00012960","HOUSTON INTERCONTINENTAL AIRPORT, TX US","2020-07-28","4.47",,"81","89","76","  140"
"USW00012960","HOUSTON INTERCONTINENTAL AIRPORT, TX US","2020-07-29","4.70",,"80","92","73","  220"
"USW00012960","HOUSTON INTERCONTINENTAL AIRPORT, TX US","2020-07-30","7.83",,"85","96","80","  150"
"USW00012960","HOUSTON INTERCONTINENTAL AIRPORT, TX US","2020-07-31","8.28",,"87","97","79","  100"
"USW00012960","HOUSTON INTERCONTINENTAL AIRPORT, TX US","2020-08-01","3.58",,"80","86","73","  270"
"USW00012960","HOUSTON INTERCONTINENTAL AIRPORT, TX US","2020-08-02","2.91",,"81","94","72","  120"
"USW00012960","HOUSTON INTERCONTINENTAL AIRPORT, TX US","2020-08-03","4.70",,"83","98","73","  310"
"USW00012960","HOUSTON INTERCONTINENTAL AIRPORT, TX US","2020-08-04","5.59",,"87","97","76","   70"
"USW00012960","HOUSTON INTERCONTINENTAL AIRPORT, TX US","2020-08-05","4.92",,"85","97","76","  160"
"USW00012960","HOUSTON INTERCONTINENTAL AIRPORT, TX US","2020-08-06","6.04",,"86","95","76","  150"
"USW00012960","HOUSTON INTERCONTINENTAL AIRPORT, TX US","2020-08-07","5.82",,"86","96","76","  150"
"USW00012960","HOUSTON INTERCONTINENTAL AIRPORT, TX US","2020-08-08","4.70",,"86","97","76","  140"
"USW00012960","HOUSTON INTERCONTINENTAL AIRPORT, TX US","2020-08-09","6.49",,"85","97","77","  140"
"USW00012960","HOUSTON INTERCONTINENTAL AIRPORT, TX US","2020-08-10","7.16",,"86","97","76","  130"
"USW00012960","HOUSTON INTERCONTINENTAL AIRPORT, TX US","2020-08-11","5.82",,"87","98","77","  120"
"USW00012960","HOUSTON INTERCONTINENTAL AIRPORT, TX US","2020-08-12","6.71",,"88","101","79","  160"
"USW00012960","HOUSTON INTERCONTINENTAL AIRPORT, TX US","2020-08-13","5.82",,"88","99","77","  150"
"USW00012960","HOUSTON INTERCONTINENTAL AIRPORT, TX US","2020-08-14","6.93",,"88","99","77","  170"
"USW00012960","HOUSTON INTERCONTINENTAL AIRPORT, TX US","2020-08-15","5.37",,"89","101","81","  160"
"USW00012960","HOUSTON INTERCONTINENTAL AIRPORT, TX US","2020-08-16","6.04",,"89","102","80","  270"
"USW00012960","HOUSTON INTERCONTINENTAL AIRPORT, TX US","2020-08-17","5.82",,"84","95","72","   10"
"USW00012960","HOUSTON INTERCONTINENTAL AIRPORT, TX US","2020-08-18","4.70",,"86","98","74","   20"
"USW00012960","HOUSTON INTERCONTINENTAL AIRPORT, TX US","2020-08-19","5.14",,"85","98","74","   10"
"USW00012960","HOUSTON INTERCONTINENTAL AIRPORT, TX US","2020-08-20","5.14",,"83","96","71","   50"
"USW00012960","HOUSTON INTERCONTINENTAL AIRPORT, TX US","2020-08-21","2.91",,"83","97","73","  220"
"USW00012960","HOUSTON INTERCONTINENTAL AIRPORT, TX US","2020-08-22","2.91",,"81","93","73","  140"
"USW00012960","HOUSTON INTERCONTINENTAL AIRPORT, TX US","2020-08-23","5.37",,"83","96","73","   70"
"USW00012960","HOUSTON INTERCONTINENTAL AIRPORT, TX US","2020-08-24","4.92",,"84","94","75","   70"
"USW00012960","HOUSTON INTERCONTINENTAL AIRPORT, TX US","2020-08-25","9.62",,"85","98","76","   70"
"USW00012960","HOUSTON INTERCONTINENTAL AIRPORT, TX US","2020-08-26","12.75",,"85","95","79","   70"
"USW00012960","HOUSTON INTERCONTINENTAL AIRPORT, TX US","2020-08-27","7.83",,"85","99","78","  330"
"USW00012960","HOUSTON INTERCONTINENTAL AIRPORT, TX US","2020-08-28","7.83",,"89","98","78","   30"
"USW00012960","HOUSTON INTERCONTINENTAL AIRPORT, TX US","2020-08-29","6.26",,"86","101","78","  140"
"USW00012960","HOUSTON INTERCONTINENTAL AIRPORT, TX US","2020-08-30","6.93",,"87","99","78","  150"
"USW00012960","HOUSTON INTERCONTINENTAL AIRPORT, TX US","2020-08-31","9.40",,"89","99","83","  190"
"USW00012960","HOUSTON INTERCONTINENTAL AIRPORT, TX US","2020-09-01","11.63",,"89","99","84","  150"
"USW00012960","HOUSTON INTERCONTINENTAL AIRPORT, TX US","2020-09-02","10.51",,"90","99","83","  170"
"USW00012960","HOUSTON INTERCONTINENTAL AIRPORT, TX US","2020-09-03","6.71",,"88","98","77","   50"
"USW00012960","HOUSTON INTERCONTINENTAL AIRPORT, TX US","2020-09-04","6.49",,"83","97","75","   90"
"USW00012960","HOUSTON INTERCONTINENTAL AIRPORT, TX US","2020-09-05","7.61",,"81","96","73","   90"
"USW00012960","HOUSTON INTERCONTINENTAL AIRPORT, TX US","2020-09-06","3.80",,"80","96","73","  190"
"USW00012960","HOUSTON INTERCONTINENTAL AIRPORT, TX US","2020-09-07","2.68",,"80","95","74","  230"
"USW00012960","HOUSTON INTERCONTINENTAL AIRPORT, TX US","2020-09-08","5.14",,"80","88","75","  180"
"USW00012960","HOUSTON INTERCONTINENTAL AIRPORT, TX US","2020-09-09","7.16",,"82","93","76","  130"
"USW00012960","HOUSTON INTERCONTINENTAL AIRPORT, TX US","2020-09-10","6.93",,"80","93","74","   80"
"USW00012960","HOUSTON INTERCONTINENTAL AIRPORT, TX US","2020-09-11","7.61",,"79","92","72","  360"
"USW00012960","HOUSTON INTERCONTINENTAL AIRPORT, TX US","2020-09-12","8.50",,"83","96","75","  100"
"USW00012960","HOUSTON INTERCONTINENTAL AIRPORT, TX US","2020-09-13","7.38",,"84","95","75","   60"
"USW00012960","HOUSTON INTERCONTINENTAL AIRPORT, TX US","2020-09-14","10.29",,"82","92","77","  360"
"USW00012960","HOUSTON INTERCONTINENTAL AIRPORT, TX US","2020-09-15","7.83",,"84","96","76","   10"
"USW00012960","HOUSTON INTERCONTINENTAL AIRPORT, TX US","2020-09-16","5.37",,"85","96","76","   10"
"USW00012960","HOUSTON INTERCONTINENTAL AIRPORT, TX US","2020-09-17","8.50",,"83","92","76","  350"
"USW00012960","HOUSTON INTERCONTINENTAL AIRPORT, TX US","2020-09-18","10.96",,"81","91","73","   40"
"USW00012960","HOUSTON INTERCONTINENTAL AIRPORT, TX US","2020-09-19","12.75",,"78","88","70","   30"
"USW00012960","HOUSTON INTERCONTINENTAL AIRPORT, TX US","2020-09-20","14.09",,"73","78","66","   10"
"USW00012960","HOUSTON INTERCONTINENTAL AIRPORT, TX US","2020-09-21","16.11",,"72","75","70","   50"
"USW00012960","HOUSTON INTERCONTINENTAL AIRPORT, TX US","2020-09-22","13.87",,"74","79","73","   60"
"USW00012960","HOUSTON INTERCONTINENTAL AIRPORT, TX US","2020-09-23","11.86",,"75","81","71","  340"
"USW00012960","HOUSTON INTERCONTINENTAL AIRPORT, TX US","2020-09-24","5.82",,"72","75","69","  340"
"USW00012960","HOUSTON INTERCONTINENTAL AIRPORT, TX US","2020-09-25","2.46",,"75","85","66","  130"
"USW00012960","HOUSTON INTERCONTINENTAL AIRPORT, TX US","2020-09-26","2.46",,"75","88","65","  120"
"USW00012960","HOUSTON INTERCONTINENTAL AIRPORT, TX US","2020-09-27","8.05",,"80","92","73","  160"
"USW00012960","HOUSTON INTERCONTINENTAL AIRPORT, TX US","2020-09-28","12.08",,"77","80","68","   20"
"USW00012960","HOUSTON INTERCONTINENTAL AIRPORT, TX US","2020-09-29","6.49",,"71","83","57","   20"
"USW00012960","HOUSTON INTERCONTINENTAL AIRPORT, TX US","2020-09-30","2.68",,"68","86","54","  200"
"USW00012960","HOUSTON INTERCONTINENTAL AIRPORT, TX US","2020-10-01","4.03",,"71","88","57","   10"
"USW00012960","HOUSTON INTERCONTINENTAL AIRPORT, TX US","2020-10-02","4.70",,"71","84","58","   40"
"USW00012960","HOUSTON INTERCONTINENTAL AIRPORT, TX US","2020-10-03","4.70",,"68","84","54","  120"
"USW00012960","HOUSTON INTERCONTINENTAL AIRPORT, TX US","2020-10-04","2.24",,"70","86","57","  350"
"USW00012960","HOUSTON INTERCONTINENTAL AIRPORT, TX US","2020-10-05","4.70",,"72","84","64","   70"
"USW00012960","HOUSTON INTERCONTINENTAL AIRPORT, TX US","2020-10-06","4.92",,"72","87","60","   20"
"USW00012960","HOUSTON INTERCONTINENTAL AIRPORT, TX US","2020-10-07","4.70",,"72","88","58","   60"
"USW00012960","HOUSTON INTERCONTINENTAL AIRPORT, TX US","2020-10-08","7.83",,"77","84","73","   60"
"USW00012960","HOUSTON INTERCONTINENTAL AIRPORT, TX US","2020-10-09","15.43",,"76","81","72","  360"
"USW00012960","HOUSTON INTERCONTINENTAL AIRPORT, TX US","2020-10-10","3.80",,"77","91","67","  320"
"USW00012960","HOUSTON INTERCONTINENTAL AIRPORT, TX US","2020-10-11","5.37",,"80","94","70","  220"
"USW00012960","HOUSTON INTERCONTINENTAL AIRPORT, TX US","2020-10-12","7.16",,"82","92","72","  310"
"USW00012960","HOUSTON INTERCONTINENTAL AIRPORT, TX US","2020-10-13","5.37",,"77","89","66","   90"
"USW00012960","HOUSTON INTERCONTINENTAL AIRPORT, TX US","2020-10-14","5.82",,"74","88","62","  130"
"USW00012960","HOUSTON INTERCONTINENTAL AIRPORT, TX US","2020-10-15","6.49",,"79","91","68","  340"
"USW00012960","HOUSTON INTERCONTINENTAL AIRPORT, TX US","2020-10-16","10.96",,"66","68","56","   40"
"USW00012960","HOUSTON INTERCONTINENTAL AIRPORT, TX US","2020-10-17","10.07",,"66","80","60","  140"
"USW00012960","HOUSTON INTERCONTINENTAL AIRPORT, TX US","2020-10-18","8.95",,"77","89","66","  130"
"USW00012960","HOUSTON INTERCONTINENTAL AIRPORT, TX US","2020-10-19","8.50",,"80","87","75","  130"
"USW00012960","HOUSTON INTERCONTINENTAL AIRPORT, TX US","2020-10-20","6.93",,"77","88","69","  120"
"USW00012960","HOUSTON INTERCONTINENTAL AIRPORT, TX US","2020-10-21","6.26",,"77","88","69","  140"
"USW00012960","HOUSTON INTERCONTINENTAL AIRPORT, TX US","2020-10-22","7.61",,"77","88","69","  150"
"USW00012960","HOUSTON INTERCONTINENTAL AIRPORT, TX US","2020-10-23","8.50",,"77","91","58","  360"
"USW00012960","HOUSTON INTERCONTINENTAL AIRPORT, TX US","2020-10-24","8.95",,"61","72","54","  350"
"USW00012960","HOUSTON INTERCONTINENTAL AIRPORT, TX US","2020-10-25","8.28",,"65","76","59","  120"
"USW00012960","HOUSTON INTERCONTINENTAL AIRPORT, TX US","2020-10-26","10.74",,"73","80","63","  140"
"USW00012960","HOUSTON INTERCONTINENTAL AIRPORT, TX US","2020-10-27","8.72",,"66","73","58","  350"
"USW00012960","HOUSTON INTERCONTINENTAL AIRPORT, TX US","2020-10-28","10.07",,"55","58","44","  320"
"USW00012960","HOUSTON INTERCONTINENTAL AIRPORT, TX US","2020-10-29","10.74",,"52","66","42","  320"
"USW00012960","HOUSTON INTERCONTINENTAL AIRPORT, TX US","2020-10-30","4.92",,"56","71","44","   10"
"USW00012960","HOUSTON INTERCONTINENTAL AIRPORT, TX US","2020-10-31","2.24",,"58","75","43","  250"
"USW00012960","HOUSTON INTERCONTINENTAL AIRPORT, TX US","2020-11-01","6.93",,"63","79","50","   30"
"USW00012960","HOUSTON INTERCONTINENTAL AIRPORT, TX US","2020-11-02","4.03",,"60","74","46","   70"
"USW00012960","HOUSTON INTERCONTINENTAL AIRPORT, TX US","2020-11-03","2.91",,"57","78","42","  110"
"USW00012960","HOUSTON INTERCONTINENTAL AIRPORT, TX US","2020-11-04","6.04",,"60","80","46","  140"
"USW00012960","HOUSTON INTERCONTINENTAL AIRPORT, TX US","2020-11-05","5.59",,"68","81","57","  150"
"USW00012960","HOUSTON INTERCONTINENTAL AIRPORT, TX US","2020-11-06","3.80",,"66","80","53","   70"
"USW00012960","HOUSTON INTERCONTINENTAL AIRPORT, TX US","2020-11-07","2.91",,"67","84","53","  120"
"USW00012960","HOUSTON INTERCONTINENTAL AIRPORT, TX US","2020-11-08","6.04",,"70","82","60","  130"
"USW00012960","HOUSTON INTERCONTINENTAL AIRPORT, TX US","2020-11-09","9.17",,"75","85","69","  130"
"USW00012960","HOUSTON INTERCONTINENTAL AIRPORT, TX US","2020-11-10","4.70",,"76","87","67","  120"
"USW00012960","HOUSTON INTERCONTINENTAL AIRPORT, TX US","2020-11-11","5.82",,"74","85","61","   50"
"USW00012960","HOUSTON INTERCONTINENTAL AIRPORT, TX US","2020-11-12","5.37",,"69","85","57","  120"
"USW00012960","HOUSTON INTERCONTINENTAL AIRPORT, TX US","2020-11-13","6.04",,"71","80","62","  130"
"USW00012960","HOUSTON INTERCONTINENTAL AIRPORT, TX US","2020-11-14","8.28",,"75","87","65","  160"
"USW00012960","HOUSTON INTERCONTINENTAL AIRPORT, TX US","2020-11-15","10.29",,"75","77","52","  350"
"USW00012960","HOUSTON INTERCONTINENTAL AIRPORT, TX US","2020-11-16","3.36",,"59","73","44","   90"
"USW00012960","HOUSTON INTERCONTINENTAL AIRPORT, TX US","2020-11-17","4.70",,"58","77","43","   90"
"USW00012960","HOUSTON INTERCONTINENTAL AIRPORT, TX US","2020-11-18","6.49",,"60","77","44","  120"
"USW00012960","HOUSTON INTERCONTINENTAL AIRPORT, TX US","2020-11-19","7.38",,"63","78","52","  130"
"USW00012960","HOUSTON INTERCONTINENTAL AIRPORT, TX US","2020-11-20","8.28",,"70","82","62","  120"
"USW00012960","HOUSTON INTERCONTINENTAL AIRPORT, TX US","2020-11-21","6.04",,"69","81","57","  100"
"USW00012960","HOUSTON INTERCONTINENTAL AIRPORT, TX US","2020-11-22","4.70",,"70","85","60","   30"
"USW00012960","HOUSTON INTERCONTINENTAL AIRPORT, TX US","2020-11-23","6.49",,"64","65","52","   10"
"USW00012960","HOUSTON INTERCONTINENTAL AIRPORT, TX US","2020-11-24","8.50",,"64","80","56","  140"
"USW00012960","HOUSTON INTERCONTINENTAL AIRPORT, TX US","2020-11-25","6.93",,"71","74","51","  330"
"USW00012960","HOUSTON INTERCONTINENTAL AIRPORT, TX US","2020-11-26","6.04",,"61","76","50","  140"
"USW00012960","HOUSTON INTERCONTINENTAL AIRPORT, TX US","2020-11-27","5.59",,"71","78","67","  210"
"USW00012960","HOUSTON INTERCONTINENTAL AIRPORT, TX US","2020-11-28","8.50",,"65","67","60","  110"
"USW00012960","HOUSTON INTERCONTINENTAL AIRPORT, TX US","2020-11-29","12.30",,"59","60","49","  330"
"USW00012960","HOUSTON INTERCONTINENTAL AIRPORT, TX US","2020-11-30","11.63",,"50","57","37","  350"
"USW00012960","HOUSTON INTERCONTINENTAL AIRPORT, TX US","2020-12-01","6.71",,"45","63","30","  140"
"USW00012960","HOUSTON INTERCONTINENTAL AIRPORT, TX US","2020-12-02","9.62",,"57","61","53","  340"
"USW00012960","HOUSTON INTERCONTINENTAL AIRPORT, TX US","2020-12-03","12.08",,"52","58","45","  350"
"USW00012960","HOUSTON INTERCONTINENTAL AIRPORT, TX US","2020-12-04","5.14",,"49","60","42","  350"
"USW00012960","HOUSTON INTERCONTINENTAL AIRPORT, TX US","2020-12-05","2.24",,"46","58","36","   30"
"USW00012960","HOUSTON INTERCONTINENTAL AIRPORT, TX US","2020-12-06","5.59",,"54","66","42","  290"
"USW00012960","HOUSTON INTERCONTINENTAL AIRPORT, TX US","2020-12-07","4.47",,"54","67","42","  330"
"USW00012960","HOUSTON INTERCONTINENTAL AIRPORT, TX US","2020-12-08","2.46",,"54","74","39","  300"
"USW00012960","HOUSTON INTERCONTINENTAL AIRPORT, TX US","2020-12-09","4.25",,"59","79","44","  210"
"USW00012960","HOUSTON INTERCONTINENTAL AIRPORT, TX US","2020-12-10","5.14",,"59","78","43","  160"
"USW00012960","HOUSTON INTERCONTINENTAL AIRPORT, TX US","2020-12-11","6.49",,"67","77","57","  160"
"USW00012960","HOUSTON INTERCONTINENTAL AIRPORT, TX US","2020-12-12","6.49",,"65","67","51","  360"
"USW00012960","HOUSTON INTERCONTINENTAL AIRPORT, TX US","2020-12-13","12.30",,"59","70","45","  310"
"USW00012960","HOUSTON INTERCONTINENTAL AIRPORT, TX US","2020-12-14","9.17",,"46","49","38","  340"
"USW00012960","HOUSTON INTERCONTINENTAL AIRPORT, TX US","2020-12-15","8.50",,"45","50","44","   90"
"USW00012960","HOUSTON INTERCONTINENTAL AIRPORT, TX US","2020-12-16","8.28",,"47","53","35","  360"
"USW00012960","HOUSTON INTERCONTINENTAL AIRPORT, TX US","2020-12-17","1.57",,"42","58","31","  140"
"USW00012960","HOUSTON INTERCONTINENTAL AIRPORT, TX US","2020-12-18","8.50",,"47","66","35","  140"
"USW00012960","HOUSTON INTERCONTINENTAL AIRPORT, TX US","2020-12-19","7.16",,"61","65","53","  320"
"USW00012960","HOUSTON INTERCONTINENTAL AIRPORT, TX US","2020-12-20","3.80",,"56","69","45","  340"
"USW00012960","HOUSTON INTERCONTINENTAL AIRPORT, TX US","2020-12-21","2.24",,"53","73","41","  230"
"USW00012960","HOUSTON INTERCONTINENTAL AIRPORT, TX US","2020-12-22","6.49",,"56","72","43","  140"
"USW00012960","HOUSTON INTERCONTINENTAL AIRPORT, TX US","2020-12-23","10.07",,"68","81","55","  330"
"USW00012960","HOUSTON INTERCONTINENTAL AIRPORT, TX US","2020-12-24","15.43",,"52","55","39","  340"
"USW00012960","HOUSTON INTERCONTINENTAL AIRPORT, TX US","2020-12-25","3.36",,"48","65","36","  330"
"USW00012960","HOUSTON INTERCONTINENTAL AIRPORT, TX US","2020-12-26","4.92",,"51","70","37","  190"
"USW00012960","HOUSTON INTERCONTINENTAL AIRPORT, TX US","2020-12-27","6.26",,"61","74","49","  170"
"USW00012960","HOUSTON INTERCONTINENTAL AIRPORT, TX US","2020-12-28","6.71",,"64","76","53","  140"
"USW00012960","HOUSTON INTERCONTINENTAL AIRPORT, TX US","2020-12-29","15.43",,"64","73","57","  140"
"USW00012960","HOUSTON INTERCONTINENTAL AIRPORT, TX US","2020-12-30","9.62",,"69","76","57","  100"
"USW00012960","HOUSTON INTERCONTINENTAL AIRPORT, TX US","2020-12-31","10.96",,"63","69","45","  130"
"USW00012960","HOUSTON INTERCONTINENTAL AIRPORT, TX US","2021-01-01","9.84",,"46","55","39","  250"
"USW00012960","HOUSTON INTERCONTINENTAL AIRPORT, TX US","2021-01-02","6.71",,"47","59","40","  320"
"USW00012960","HOUSTON INTERCONTINENTAL AIRPORT, TX US","2021-01-03","5.82",,"49","69","35","  210"
"USW00012960","HOUSTON INTERCONTINENTAL AIRPORT, TX US","2021-01-04","3.80",,"60","76","44","  270"
"USW00012960","HOUSTON INTERCONTINENTAL AIRPORT, TX US","2021-01-05","6.71",,"57","71","46","  160"
"USW00012960","HOUSTON INTERCONTINENTAL AIRPORT, TX US","2021-01-06","11.63",,"62","75","51","  170"
"USW00012960","HOUSTON INTERCONTINENTAL AIRPORT, TX US","2021-01-07","10.74",,"53","60","42","  330"
"USW00012960","HOUSTON INTERCONTINENTAL AIRPORT, TX US","2021-01-08","7.16",,"48","54","41","  330"
"USW00012960","HOUSTON INTERCONTINENTAL AIRPORT, TX US","2021-01-09","4.25",,"44","57","35","   60"
"USW00012960","HOUSTON INTERCONTINENTAL AIRPORT, TX US","2021-01-10","13.20",,"43","47","35","   40"
"USW00012960","HOUSTON INTERCONTINENTAL AIRPORT, TX US","2021-01-11","10.74",,"38","44","34","  340"
"USW00012960","HOUSTON INTERCONTINENTAL AIRPORT, TX US","2021-01-12","2.68",,"40","52","31","  300"
"USW00012960","HOUSTON INTERCONTINENTAL AIRPORT, TX US","2021-01-13","4.92",,"46","60","35","  220"
"USW00012960","HOUSTON INTERCONTINENTAL AIRPORT, TX US","2021-01-14","9.17",,"53","71","39","  210"
"USW00012960","HOUSTON INTERCONTINENTAL AIRPORT, TX US","2021-01-15","10.51",,"53","61","41","  300"
"USW00012960","HOUSTON INTERCONTINENTAL AIRPORT, TX US","2021-01-16","6.26",,"50","61","38","  290"
"USW00012960","HOUSTON INTERCONTINENTAL AIRPORT, TX US","2021-01-17","3.80",,"49","68","36","  270"
"USW00012960","HOUSTON INTERCONTINENTAL AIRPORT, TX US","2021-01-18","8.05",,"52","71","35","  140"
"USW00012960","HOUSTON INTERCONTINENTAL AIRPORT, TX US","2021-01-19","6.71",,"66","78","57","  160"
"USW00012960","HOUSTON INTERCONTINENTAL AIRPORT, TX US","2021-01-20","8.28",,"62","69","58","  150"
"USW00012960","HOUSTON INTERCONTINENTAL AIRPORT, TX US","2021-01-21","2.01",,"63","67","60","   10"
"USW00012960","HOUSTON INTERCONTINENTAL AIRPORT, TX US","2021-01-22","3.13",,"64","67","60","  110"
"USW00012960","HOUSTON INTERCONTINENTAL AIRPORT, TX US","2021-01-23","8.72",,"62","64","57","  110"
"USW00012960","HOUSTON INTERCONTINENTAL AIRPORT, TX US","2021-01-24","10.07",,"66","77","62","  170"
"USW00012960","HOUSTON INTERCONTINENTAL AIRPORT, TX US","2021-01-25","9.40",,"73","78","61","  150"
"USW00012960","HOUSTON INTERCONTINENTAL AIRPORT, TX US","2021-01-26","4.92",,"65","76","54","   30"
"USW00012960","HOUSTON INTERCONTINENTAL AIRPORT, TX US","2021-01-27","15.21",,"62","68","48","  360"
"USW00012960","HOUSTON INTERCONTINENTAL AIRPORT, TX US","2021-01-28","6.71",,"50","62","39","   10"
"USW00012960","HOUSTON INTERCONTINENTAL AIRPORT, TX US","2021-01-29","6.93",,"51","67","39","  140"
"USW00012960","HOUSTON INTERCONTINENTAL AIRPORT, TX US","2021-01-30","8.95",,"62","74","51","  170"
"USW00012960","HOUSTON INTERCONTINENTAL AIRPORT, TX US","2021-01-31","11.86",,"65","70","50","  310"
"USW00012960","HOUSTON INTERCONTINENTAL AIRPORT, TX US","2021-02-01","8.50",,"53","65","41","  330"
"USW00012960","HOUSTON INTERCONTINENTAL AIRPORT, TX US","2021-02-02","5.14",,"53","66","39","  130"
"USW00012960","HOUSTON INTERCONTINENTAL AIRPORT, TX US","2021-02-03","8.72",,"54","70","41","  140"
"USW00012960","HOUSTON INTERCONTINENTAL AIRPORT, TX US","2021-02-04","10.29",,"67","80","57","  220"
"USW00012960","HOUSTON INTERCONTINENTAL AIRPORT, TX US","2021-02-05","11.41",,"56","57","46","   50"
"USW00012960","HOUSTON INTERCONTINENTAL AIRPORT, TX US","2021-02-06","7.61",,"53","68","48","  360"
"USW00012960","HOUSTON INTERCONTINENTAL AIRPORT, TX US","2021-02-07","7.83",,"53","64","37","  360"
"USW00012960","HOUSTON INTERCONTINENTAL AIRPORT, TX US","2021-02-08","9.17",,"55","66","46","  150"
"USW00012960","HOUSTON INTERCONTINENTAL AIRPORT, TX US","2021-02-09","5.14",,"66","75","62","  120"
"USW00012960","HOUSTON INTERCONTINENTAL AIRPORT, TX US","2021-02-10","8.50",,"61","63","45","  340"
"USW00012960","HOUSTON INTERCONTINENTAL AIRPORT, TX US","2021-02-11","14.09",,"44","45","38","  360"
"USW00012960","HOUSTON INTERCONTINENTAL AIRPORT, TX US","2021-02-12","16.11",,"37","39","35","  360"
"USW00012960","HOUSTON INTERCONTINENTAL AIRPORT, TX US","2021-02-13","12.75",,"37","43","34","   10"
"USW00012960","HOUSTON INTERCONTINENTAL AIRPORT, TX US","2021-02-14","13.20",,"36","37","26","  350"
"USW00012960","HOUSTON INTERCONTINENTAL AIRPORT, TX US","2021-02-15","15.43",,"23","25","16","  330"
"USW00012960","HOUSTON INTERCONTINENTAL AIRPORT, TX US","2021-02-16","7.83",,"21","35","13","   10"
"USW00012960","HOUSTON INTERCONTINENTAL AIRPORT, TX US","2021-02-17","12.53",,"34","37","32","   20"
"USW00012960","HOUSTON INTERCONTINENTAL AIRPORT, TX US","2021-02-18","15.43",,"34","40","29","  350"
"USW00012960","HOUSTON INTERCONTINENTAL AIRPORT, TX US","2021-02-19","5.37",,"35","51","26","  330"
"USW00012960","HOUSTON INTERCONTINENTAL AIRPORT, TX US","2021-02-20","7.61",,"41","60","28","  130"
"USW00012960","HOUSTON INTERCONTINENTAL AIRPORT, TX US","2021-02-21","5.37",,"54","72","37","  220"
"USW00012960","HOUSTON INTERCONTINENTAL AIRPORT, TX US","2021-02-22","5.59",,"61","77","46","   40"
"USW00012960","HOUSTON INTERCONTINENTAL AIRPORT, TX US","2021-02-23","6.71",,"58","80","39","  160"
"USW00012960","HOUSTON INTERCONTINENTAL AIRPORT, TX US","2021-02-24","5.82",,"67","81","57","  210"
"USW00012960","HOUSTON INTERCONTINENTAL AIRPORT, TX US","2021-02-25","7.83",,"70","75","67","  180"
"USW00012960","HOUSTON INTERCONTINENTAL AIRPORT, TX US","2021-02-26","7.83",,"70","80","62","  150"
"USW00012960","HOUSTON INTERCONTINENTAL AIRPORT, TX US","2021-02-27","10.51",,"71","80","67","  150"
"USW00012960","HOUSTON INTERCONTINENTAL AIRPORT, TX US","2021-02-28","9.40",,"74","82","70","  210"
"USW00012960","HOUSTON INTERCONTINENTAL AIRPORT, TX US","2021-03-01","12.97",,"68","73","52","   10"
"USW00012960","HOUSTON INTERCONTINENTAL AIRPORT, TX US","2021-03-02","11.41",,"54","65","47","   60"
"USW00012960","HOUSTON INTERCONTINENTAL AIRPORT, TX US","2021-03-03","3.58",,"53","69","40","  140"
"USW00012960","HOUSTON INTERCONTINENTAL AIRPORT, TX US","2021-03-04","5.82",,"56","72","41","  140"
"USW00012960","HOUSTON INTERCONTINENTAL AIRPORT, TX US","2021-03-05","7.16",,"60","75","51","   10"
"USW00012960","HOUSTON INTERCONTINENTAL AIRPORT, TX US","2021-03-06","11.41",,"62","71","50","   60"
"USW00012960","HOUSTON INTERCONTINENTAL AIRPORT, TX US","2021-03-07","7.38",,"56","70","39","  110"
"USW00012960","HOUSTON INTERCONTINENTAL AIRPORT, TX US","2021-03-08","7.83",,"55","73","41","  150"
"USW00012960","HOUSTON INTERCONTINENTAL AIRPORT, TX US","2021-03-09","11.86",,"64","75","54","  150"
"USW00012960","HOUSTON INTERCONTINENTAL AIRPORT, TX US","2021-03-10","12.30",,"68","78","60","  160"
"USW00012960","HOUSTON INTERCONTINENTAL AIRPORT, TX US","2021-03-11","14.09",,"73","80","69","  140"
"USW00012960","HOUSTON INTERCONTINENTAL AIRPORT, TX US","2021-03-12","13.87",,"73","83","67","  160"
"USW00012960","HOUSTON INTERCONTINENTAL AIRPORT, TX US","2021-03-13","13.42",,"71","82","60","  150"
"USW00012960","HOUSTON INTERCONTINENTAL AIRPORT, TX US","2021-03-14","10.51",,"71","76","58","  150"
"USW00012960","HOUSTON INTERCONTINENTAL AIRPORT, TX US","2021-03-15","3.58",,"64","80","58","  150"
"USW00012960","HOUSTON INTERCONTINENTAL AIRPORT, TX US","2021-03-16","8.05",,"72","82","65","  140"
"USW00012960","HOUSTON INTERCONTINENTAL AIRPORT, TX US","2021-03-17","13.65",,"74","80","56","  310"
"USW00012960","HOUSTON INTERCONTINENTAL AIRPORT, TX US","2021-03-18","13.65",,"60","68","48","  350"
"USW00012960","HOUSTON INTERCONTINENTAL AIRPORT, TX US","2021-03-19","9.62",,"57","69","46","  360"
"USW00012960","HOUSTON INTERCONTINENTAL AIRPORT, TX US","2021-03-20","6.49",,"55","71","42","   90"
"USW00012960","HOUSTON INTERCONTINENTAL AIRPORT, TX US","2021-03-21","5.82",,"56","71","42","  140"
"USW00012960","HOUSTON INTERCONTINENTAL AIRPORT, TX US","2021-03-22","11.86",,"63","76","50","  150"
"USW00012960","HOUSTON INTERCONTINENTAL AIRPORT, TX US","2021-03-23","4.92",,"70","84","55","  330"
"USW00012960","HOUSTON INTERCONTINENTAL AIRPORT, TX US","2021-03-24","11.41",,"65","70","54","  110"
"USW00012960","HOUSTON INTERCONTINENTAL AIRPORT, TX US","2021-03-25","8.95",,"71","82","57","  330"
"USW00012960","HOUSTON INTERCONTINENTAL AIRPORT, TX US","2021-03-26","8.72",,"67","86","51","  150"
"USW00012960","HOUSTON INTERCONTINENTAL AIRPORT, TX US","2021-03-27","8.50",,"75","83","71","  160"
"USW00012960","HOUSTON INTERCONTINENTAL AIRPORT, TX US","2021-03-28","9.84",,"70","76","49","  360"
"USW00012960","HOUSTON INTERCONTINENTAL AIRPORT, TX US","2021-03-29","6.26",,"58","74","44","  170"
"USW00012960","HOUSTON INTERCONTINENTAL AIRPORT, TX US","2021-03-30","9.62",,"70","83","63","  170"
"USW00012960","HOUSTON INTERCONTINENTAL AIRPORT, TX US","2021-03-31","9.62",,"73","78","57","   30"
"USW00012960","HOUSTON INTERCONTINENTAL AIRPORT, TX US","2021-04-01","8.50",,"61","72","45","   50"
"USW00012960","HOUSTON INTERCONTINENTAL AIRPORT, TX US","2021-04-02","7.61",,"56","69","43","  100"
"USW00012960","HOUSTON INTERCONTINENTAL AIRPORT, TX US","2021-04-03","6.26",,"56","67","46","  130"
"USW00012960","HOUSTON INTERCONTINENTAL AIRPORT, TX US","2021-04-04","6.49",,"60","76","50","  110"
"USW00012960","HOUSTON INTERCONTINENTAL AIRPORT, TX US","2021-04-05","8.05",,"66","78","54","  120"
"USW00012960","HOUSTON INTERCONTINENTAL AIRPORT, TX US","2021-04-06","13.20",,"72","83","65","  150"
"USW00012960","HOUSTON INTERCONTINENTAL AIRPORT, TX US","2021-04-07","8.72",,"76","84","61","  160"
"USW00012960","HOUSTON INTERCONTINENTAL AIRPORT, TX US","2021-04-08","7.16",,"72","88","54","  140"
"USW00012960","HOUSTON INTERCONTINENTAL AIRPORT, TX US","2021-04-09","11.41",,"76","84","72","  150"
"USW00012960","HOUSTON INTERCONTINENTAL AIRPORT, TX US","2021-04-10","10.51",,"76","86","59","  350"
"USW00012960","HOUSTON INTERCONTINENTAL AIRPORT, TX US","2021-04-11","5.59",,"69","88","51","  160"
"USW00012960","HOUSTON INTERCONTINENTAL AIRPORT, TX US","2021-04-12","8.28",,"72","87","53","  130"
"USW00012960","HOUSTON INTERCONTINENTAL AIRPORT, TX US","2021-04-13","9.62",,"75","86","69","  120"
"USW00012960","HOUSTON INTERCONTINENTAL AIRPORT, TX US","2021-04-14","8.28",,"73","79","68","   50"
"USW00012960","HOUSTON INTERCONTINENTAL AIRPORT, TX US","2021-04-15","11.18",,"68","73","63","   50"
"USW00012960","HOUSTON INTERCONTINENTAL AIRPORT, TX US","2021-04-16","10.07",,"67","71","62","  140"
"USW00012960","HOUSTON INTERCONTINENTAL AIRPORT, TX US","2021-04-17","15.21",,"63","69","53","  360"
"USW00012960","HOUSTON INTERCONTINENTAL AIRPORT, TX US","2021-04-18","8.50",,"58","68","51","  350"
"USW00012960","HOUSTON INTERCONTINENTAL AIRPORT, TX US","2021-04-19","3.80",,"61","76","47","   80"
"USW00012960","HOUSTON INTERCONTINENTAL AIRPORT, TX US","2021-04-20","5.82",,"66","83","51","  330"
"USW00012960","HOUSTON INTERCONTINENTAL AIRPORT, TX US","2021-04-21","11.86",,"61","72","46","  360"
"USW00012960","HOUSTON INTERCONTINENTAL AIRPORT, TX US","2021-04-22","11.63",,"60","76","47","   90"
"USW00012960","HOUSTON INTERCONTINENTAL AIRPORT, TX US","2021-04-23","11.18",,"69","76","64","  160"
"USW00012960","HOUSTON INTERCONTINENTAL AIRPORT, TX US","2021-04-24","10.74",,"78","87","65","  360"
"USW00012960","HOUSTON INTERCONTINENTAL AIRPORT, TX US","2021-04-25","8.50",,"71","82","60","  160"
"USW00012960","HOUSTON INTERCONTINENTAL AIRPORT, TX US","2021-04-26","10.74",,"71","84","57","  140"
"USW00012960","HOUSTON INTERCONTINENTAL AIRPORT, TX US","2021-04-27","11.41",,"75","79","73","  130"
"USW00012960","HOUSTON INTERCONTINENTAL AIRPORT, TX US","2021-04-28","16.33",,"79","86","76","  170"
"USW00012960","HOUSTON INTERCONTINENTAL AIRPORT, TX US","2021-04-29","11.41",,"79","86","72","  130"
"USW00012960","HOUSTON INTERCONTINENTAL AIRPORT, TX US","2021-04-30","9.17",,"74","77","69","  360"
"USW00012960","HOUSTON INTERCONTINENTAL AIRPORT, TX US","2021-05-01","10.29",,"71","79","68","  130"
"USW00012960","HOUSTON INTERCONTINENTAL AIRPORT, TX US","2021-05-02","9.40",,"76","88","70","  250"
"USW00012960","HOUSTON INTERCONTINENTAL AIRPORT, TX US","2021-05-03","11.63",,"80","90","76","  150"
"USW00012960","HOUSTON INTERCONTINENTAL AIRPORT, TX US","2021-05-04","8.05",,"80","88","64","  350"
"USW00012960","HOUSTON INTERCONTINENTAL AIRPORT, TX US","2021-05-05","7.83",,"70","84","58","   30"
"USW00012960","HOUSTON INTERCONTINENTAL AIRPORT, TX US","2021-05-06","5.82",,"73","87","60","   40"
"USW00012960","HOUSTON INTERCONTINENTAL AIRPORT, TX US","2021-05-07","6.71",,"74","88","60","  160"
"USW00012960","HOUSTON INTERCONTINENTAL AIRPORT, TX US","2021-05-08","12.08",,"75","87","62","  150"
"USW00012960","HOUSTON INTERCONTINENTAL AIRPORT, TX US","2021-05-09","11.41",,"81","89","77","  170"
"USW00012960","HOUSTON INTERCONTINENTAL AIRPORT, TX US","2021-05-10","9.40",,"83","90","76","  140"
"USW00012960","HOUSTON INTERCONTINENTAL AIRPORT, TX US","2021-05-11","12.97",,"82","90","67","   10"
"USW00012960","HOUSTON INTERCONTINENTAL AIRPORT, TX US","2021-05-12","12.30",,"68","74","64","  360"
"USW00012960","HOUSTON INTERCONTINENTAL AIRPORT, TX US","2021-05-13","6.93",,"69","79","63","   10"
"USW00012960","HOUSTON INTERCONTINENTAL AIRPORT, TX US","2021-05-14","7.38",,"71","84","62","  140"
"USW00012960","HOUSTON INTERCONTINENTAL AIRPORT, TX US","2021-05-15","9.17",,"73","85","62","  140"
"USW00012960","HOUSTON INTERCONTINENTAL AIRPORT, TX US","2021-05-16","7.83",,"74","79","68","  180"
"USW00012960","HOUSTON INTERCONTINENTAL AIRPORT, TX US","2021-05-17","7.38",,"75","89","66","   60"
"USW00012960","HOUSTON INTERCONTINENTAL AIRPORT, TX US","2021-05-18","12.97",,"72","83","65","  290"
"USW00012960","HOUSTON INTERCONTINENTAL AIRPORT, TX US","2021-05-19","8.28",,"69","71","65","  140"
"USW00012960","HOUSTON INTERCONTINENTAL AIRPORT, TX US","2021-05-20","7.16",,"72","82","66","  120"
"USW00012960","HOUSTON INTERCONTINENTAL AIRPORT, TX US","2021-05-21","10.29",,"76","83","71","   80"
"USW00012960","HOUSTON INTERCONTINENTAL AIRPORT, TX US","2021-05-22","14.32",,"77","83","73","  150"
"USW00012960","HOUSTON INTERCONTINENTAL AIRPORT, TX US","2021-05-23","11.41",,"75","80","71","  120"
"USW00012960","HOUSTON INTERCONTINENTAL AIRPORT, TX US","2021-05-24","10.29",,"74","81","70","  150"
"USW00012960","HOUSTON INTERCONTINENTAL AIRPORT, TX US","2021-05-25","8.72",,"77","84","74","  170"
"USW00012960","HOUSTON INTERCONTINENTAL AIRPORT, TX US","2021-05-26","6.93",,"79","88","71","  150"
"USW00012960","HOUSTON INTERCONTINENTAL AIRPORT, TX US","2021-05-27","8.50",,"80","91","73","  180"
"USW00012960","HOUSTON INTERCONTINENTAL AIRPORT, TX US","2021-05-28","10.51",,"80","87","70","  270"
"USW00012960","HOUSTON INTERCONTINENTAL AIRPORT, TX US","2021-05-29","6.04",,"79","91","69","  350"
"USW00012960","HOUSTON INTERCONTINENTAL AIRPORT, TX US","2021-05-30","9.84",,"78","85","71","   90"
"USW00012960","HOUSTON INTERCONTINENTAL AIRPORT, TX US","2021-05-31","11.18",,"78","87","71","  140"
"USW00012960","HOUSTON INTERCONTINENTAL AIRPORT, TX US","2021-06-01","5.37",,"79","85","72","  170"
"USW00012960","HOUSTON INTERCONTINENTAL AIRPORT, TX US","2021-06-02","5.37",,"78","91","68","  160"
"USW00012960","HOUSTON INTERCONTINENTAL AIRPORT, TX US","2021-06-03","6.26",,"74","88","70","  160"
"USW00012960","HOUSTON INTERCONTINENTAL AIRPORT, TX US","2021-06-04","8.05",,"73","80","70","  130"
"USW00012960","HOUSTON INTERCONTINENTAL AIRPORT, TX US","2021-06-05","5.14",,"77","88","71","  150"
"USW00012960","HOUSTON INTERCONTINENTAL AIRPORT, TX US","2021-06-06","6.93",,"79","91","71","  150"
"USW00012960","HOUSTON INTERCONTINENTAL AIRPORT, TX US","2021-06-07","11.41",,"84","91","79","  150"
"USW00012960","HOUSTON INTERCONTINENTAL AIRPORT, TX US","2021-06-08","10.74",,"86","93","81","  140"
"USW00012960","HOUSTON INTERCONTINENTAL AIRPORT, TX US","2021-06-09","9.84",,"86","95","80","  150"
"USW00012960","HOUSTON INTERCONTINENTAL AIRPORT, TX US","2021-06-10","8.05",,"85","94","77","  140"
"USW00012960","HOUSTON INTERCONTINENTAL AIRPORT, TX US","2021-06-11","7.38",,"85","95","77","  160"
"USW00012960","HOUSTON INTERCONTINENTAL AIRPORT, TX US","2021-06-12","4.70",,"86","98","76","  170"
"USW00012960","HOUSTON INTERCONTINENTAL AIRPORT, TX US","2021-06-13","5.14",,"89","99","81","  350"
"USW00012960","HOUSTON INTERCONTINENTAL AIRPORT, TX US","2021-06-14","5.14",,"88","98","76","   50"
"USW00012960","HOUSTON INTERCONTINENTAL AIRPORT, TX US","2021-06-15","5.82",,"87","98","72","  120"
"USW00012960","HOUSTON INTERCONTINENTAL AIRPORT, TX US","2021-06-16","4.70",,"81","97","71","  130"
"USW00012960","HOUSTON INTERCONTINENTAL AIRPORT, TX US","2021-06-17","6.04",,"85","94","75",
"USW00012960","HOUSTON INTERCONTINENTAL AIRPORT, TX US","2021-06-18","4.25",,"83","93","73","   80"
"USW00012960","HOUSTON INTERCONTINENTAL AIRPORT, TX US","2021-06-19","4.92",,"85","97","74","  160"
"USW00012960","HOUSTON INTERCONTINENTAL AIRPORT, TX US","2021-06-20","6.93",,"85","94","75","  170"
"USW00012960","HOUSTON INTERCONTINENTAL AIRPORT, TX US","2021-06-21","8.95",,"85","93","77","  140"
"USW00012960","HOUSTON INTERCONTINENTAL AIRPORT, TX US","2021-06-22","6.93",,"82","93","76","   30"
"USW00012960","HOUSTON INTERCONTINENTAL AIRPORT, TX US","2021-06-23","7.61",,"84","94","76","  130"
"USW00012960","HOUSTON INTERCONTINENTAL AIRPORT, TX US","2021-06-24","9.40",,"86","94","77","  140"
"USW00012960","HOUSTON INTERCONTINENTAL AIRPORT, TX US","2021-06-25","8.28",,"86","96","77","  160"
"USW00012960","HOUSTON INTERCONTINENTAL AIRPORT, TX US","2021-06-26","7.83",,"85","93","78","  140"
"USW00012960","HOUSTON INTERCONTINENTAL AIRPORT, TX US","2021-06-27","6.71",,"81","87","75","   90"
"USW00012960","HOUSTON INTERCONTINENTAL AIRPORT, TX US","2021-06-28","7.16",,"77","80","74","  100"
"USW00012960","HOUSTON INTERCONTINENTAL AIRPORT, TX US","2021-06-29","5.82",,"77","84","74","  160"
"USW00012960","HOUSTON INTERCONTINENTAL AIRPORT, TX US","2021-06-30","6.49",,"81","92","75","  110"
"USW00012960","HOUSTON INTERCONTINENTAL AIRPORT, TX US","2021-07-01","3.58",,"83","93","75","  150"
"USW00012960","HOUSTON INTERCONTINENTAL AIRPORT, TX US","2021-07-02","4.70",,"85","96","76","   20"
"USW00012960","HOUSTON INTERCONTINENTAL AIRPORT, TX US","2021-07-03","3.36",,"80","86","76","  100"
"USW00012960","HOUSTON INTERCONTINENTAL AIRPORT, TX US","2021-07-04","3.80",,"80","90","75","  240"
"USW00012960","HOUSTON INTERCONTINENTAL AIRPORT, TX US","2021-07-05","4.03",,"78","87","75","  110"
"USW00012960","HOUSTON INTERCONTINENTAL AIRPORT, TX US","2021-07-06","6.49",,"80","88","75","  150"
"USW00012960","HOUSTON INTERCONTINENTAL AIRPORT, TX US","2021-07-07","5.82",,"79","90","73","  160"
"USW00012960","HOUSTON INTERCONTINENTAL AIRPORT, TX US","2021-07-08","10.29",,"78","81","74","  140"
"USW00012960","HOUSTON INTERCONTINENTAL AIRPORT, TX US","2021-07-09","8.05",,"75","80","70","  160"
"USW00012960","HOUSTON INTERCONTINENTAL AIRPORT, TX US","2021-07-10","6.26",,"82","93","76","  160"
"USW00012960","HOUSTON INTERCONTINENTAL AIRPORT, TX US","2021-07-11","4.92",,"84","93","77","   30"
"USW00012960","HOUSTON INTERCONTINENTAL AIRPORT, TX US","2021-07-12","5.59",,"83","90","72","  340"
"USW00012960","HOUSTON INTERCONTINENTAL AIRPORT, TX US","2021-07-13","4.47",,"79","94","73","  180"
"USW00012960","HOUSTON INTERCONTINENTAL AIRPORT, TX US","2021-07-14","6.49",,"79","92","72","  120"
"USW00012960","HOUSTON INTERCONTINENTAL AIRPORT, TX US","2021-07-15","5.82",,"81","91","76","  150"
"USW00012960","HOUSTON INTERCONTINENTAL AIRPORT, TX US","2021-07-16","4.92",,"83","92","73","  170"
"USW00012960","HOUSTON INTERCONTINENTAL AIRPORT, TX US","2021-07-17","6.26",,"85","95","76","  140"
"USW00012960","HOUSTON INTERCONTINENTAL AIRPORT, TX US","2021-07-18","3.58",,"85","95","76","  150"
"USW00012960","HOUSTON INTERCONTINENTAL AIRPORT, TX US","2021-07-19","4.92",,"86","96","78","   30"
"USW00012960","HOUSTON INTERCONTINENTAL AIRPORT, TX US","2021-07-20","5.82",,"82","91","77","   20"
"USW00012960","HOUSTON INTERCONTINENTAL AIRPORT, TX US","2021-07-21","4.03",,"83","93","76","  220"
"USW00012960","HOUSTON INTERCONTINENTAL AIRPORT, TX US","2021-07-22","3.36",,"83","93","75","  280"
"USW00012960","HOUSTON INTERCONTINENTAL AIRPORT, TX US","2021-07-23","5.37",,"85","97","77","  220"
"USW00012960","HOUSTON INTERCONTINENTAL AIRPORT, TX US","2021-07-24","6.71",,"87","98","77","  130"
"USW00012960","HOUSTON INTERCONTINENTAL AIRPORT, TX US","2021-07-25","3.36",,"86","97","76","  280"
"USW00012960","HOUSTON INTERCONTINENTAL AIRPORT, TX US","2021-07-26","4.25",,"87","99","77","  280"
"USW00012960","HOUSTON INTERCONTINENTAL AIRPORT, TX US","2021-07-27","5.37",,"87","97","75","   90"
"USW00012960","HOUSTON INTERCONTINENTAL AIRPORT, TX US","2021-07-28","4.70",,"83","96","72","   40"
"USW00012960","HOUSTON INTERCONTINENTAL AIRPORT, TX US","2021-07-29","4.92",,"88","97","79","  170"
"USW00012960","HOUSTON INTERCONTINENTAL AIRPORT, TX US","2021-07-30","4.25",,"86","97","79","  140"
"USW00012960","HOUSTON INTERCONTINENTAL AIRPORT, TX US","2021-07-31","4.70",,"85","98","77","  140"
"USW00012960","HOUSTON INTERCONTINENTAL AIRPORT, TX US","2021-08-01","5.82",,"87","98","79","  150"
"USW00012960","HOUSTON INTERCONTINENTAL AIRPORT, TX US","2021-08-02","6.93",,"87","93","80","  290"
"USW00012960","HOUSTON INTERCONTINENTAL AIRPORT, TX US","2021-08-03","5.82",,"84","95","78","  360"
"USW00012960","HOUSTON INTERCONTINENTAL AIRPORT, TX US","2021-08-04","7.16",,"85","92","79","   80"
"USW00012960","HOUSTON INTERCONTINENTAL AIRPORT, TX US","2021-08-05","7.83",,"82","89","75","  100"
"USW00012960","HOUSTON INTERCONTINENTAL AIRPORT, TX US","2021-08-06","4.25",,"81","94","75","  170"
"USW00012960","HOUSTON INTERCONTINENTAL AIRPORT, TX US","2021-08-07","5.82",,"84","97","76","  240"
"USW00012960","HOUSTON INTERCONTINENTAL AIRPORT, TX US","2021-08-08","8.72",,"87","96","77","  150"
"USW00012960","HOUSTON INTERCONTINENTAL AIRPORT, TX US","2021-08-09","8.95",,"88","97","82","  160"
"USW00012960","HOUSTON INTERCONTINENTAL AIRPORT, TX US","2021-08-10","8.28",,"88","98","81","  130"
"USW00012960","HOUSTON INTERCONTINENTAL AIRPORT, TX US","2021-08-11","6.49",,"86","98","78","  130"
"USW00012960","HOUSTON INTERCONTINENTAL AIRPORT, TX US","2021-08-12","5.37",,"85","98","76","  130"
"USW00012960","HOUSTON INTERCONTINENTAL AIRPORT, TX US","2021-08-13","4.03",,"84","94","77","  130"
"USW00012960","HOUSTON INTERCONTINENTAL AIRPORT, TX US","2021-08-14","4.92",,"85","97","76","   60"
"USW00012960","HOUSTON INTERCONTINENTAL AIRPORT, TX US","2021-08-15","5.59",,"84","97","75","  320"
"USW00012960","HOUSTON INTERCONTINENTAL AIRPORT, TX US","2021-08-16","4.25",,"80","95","75","   20"
"USW00012960","HOUSTON INTERCONTINENTAL AIRPORT, TX US","2021-08-17","4.92",,"81","95","74","  130"
"USW00012960","HOUSTON INTERCONTINENTAL AIRPORT, TX US","2021-08-18","5.37",,"81","92","75","  180"
"USW00012960","HOUSTON INTERCONTINENTAL AIRPORT, TX US","2021-08-19","5.82",,"83","95","75","  130"
"USW00012960","HOUSTON INTERCONTINENTAL AIRPORT, TX US","2021-08-20","5.82",,"86","96","77","  150"
"USW00012960","HOUSTON INTERCONTINENTAL AIRPORT, TX US","2021-08-21","6.71",,"85","97","76","  130"
"USW00012960","HOUSTON INTERCONTINENTAL AIRPORT, TX US","2021-08-22","4.03",,"85","96","74","  150"
"USW00012960","HOUSTON INTERCONTINENTAL AIRPORT, TX US","2021-08-23","4.25",,"85","96","73","  130"
"USW00012960","HOUSTON INTERCONTINENTAL AIRPORT, TX US","2021-08-24","3.13",,"87","97","76","  150"
"USW00012960","HOUSTON INTERCONTINENTAL AIRPORT, TX US","2021-08-25","3.80",,"87","97","77","   60"
"USW00012960","HOUSTON INTERCONTINENTAL AIRPORT, TX US","2021-08-26","6.71",,"87","97","77","   60"
"USW00012960","HOUSTON INTERCONTINENTAL AIRPORT, TX US","2021-08-27","8.05",,"82","92","75","   80"
"USW00012960","HOUSTON INTERCONTINENTAL AIRPORT, TX US","2021-08-28","6.49",,"81","91","75","  110"
"USW00012960","HOUSTON INTERCONTINENTAL AIRPORT, TX US","2021-08-29","6.71",,"82","96","74","   70"
"USW00012960","HOUSTON INTERCONTINENTAL AIRPORT, TX US","2021-08-30","6.71",,"86","98","76","  300"
"USW00012960","HOUSTON INTERCONTINENTAL AIRPORT, TX US","2021-08-31","6.71",,"88","99","80","  160"
"USW00012960","HOUSTON INTERCONTINENTAL AIRPORT, TX US","2021-09-01","3.80",,"85","96","78","  140"
"USW00012960","HOUSTON INTERCONTINENTAL AIRPORT, TX US","2021-09-02","3.80",,"84","97","76","  150"
"USW00012960","HOUSTON INTERCONTINENTAL AIRPORT, TX US","2021-09-03","4.03",,"83","94","76","  190"
"USW00012960","HOUSTON INTERCONTINENTAL AIRPORT, TX US","2021-09-04","4.70",,"83","96","74","  160"
"USW00012960","HOUSTON INTERCONTINENTAL AIRPORT, TX US","2021-09-05","4.92",,"86","96","77","  280"
"USW00012960","HOUSTON INTERCONTINENTAL AIRPORT, TX US","2021-09-06","6.71",,"84","93","72","  250"
"USW00012960","HOUSTON INTERCONTINENTAL AIRPORT, TX US","2021-09-07","4.25",,"81","94","70","   20"
"USW00012960","HOUSTON INTERCONTINENTAL AIRPORT, TX US","2021-09-08","4.03",,"80","94","69","   70"
"USW00012960","HOUSTON INTERCONTINENTAL AIRPORT, TX US","2021-09-09","6.71",,"81","93","72","   60"
"USW00012960","HOUSTON INTERCONTINENTAL AIRPORT, TX US","2021-09-10","6.71",,"80","91","66","   40"
"USW00012960","HOUSTON INTERCONTINENTAL AIRPORT, TX US","2021-09-11","6.26",,"76","90","62","  140"
"USW00012960","HOUSTON INTERCONTINENTAL AIRPORT, TX US","2021-09-12","8.05",,"79","91","68","  150"
"USW00012960","HOUSTON INTERCONTINENTAL AIRPORT, TX US","2021-09-13","11.86",,"77","79","70","  110"
"USW00012960","HOUSTON INTERCONTINENTAL AIRPORT, TX US","2021-09-14","19.24",,"73","78","69","   60"
"USW00012960","HOUSTON INTERCONTINENTAL AIRPORT, TX US","2021-09-15","8.95",,"75","83","72","   30"
"USW00012960","HOUSTON INTERCONTINENTAL AIRPORT, TX US","2021-09-16","6.49",,"76","79","72","   70"
"USW00012960","HOUSTON INTERCONTINENTAL AIRPORT, TX US","2021-09-17","3.36",,"79","90","72","  280"
"USW00012960","HOUSTON INTERCONTINENTAL AIRPORT, TX US","2021-09-18","3.36",,"80","92","74","  360"
"USW00012960","HOUSTON INTERCONTINENTAL AIRPORT, TX US","2021-09-19","4.25",,"80","93","72","  160"
"USW00012960","HOUSTON INTERCONTINENTAL AIRPORT, TX US","2021-09-20","5.82",,"83","95","74","  140"
"USW00012960","HOUSTON INTERCONTINENTAL AIRPORT, TX US","2021-09-21","5.14",,"85","96","75","   10"
"USW00012960","HOUSTON INTERCONTINENTAL AIRPORT, TX US","2021-09-22","10.51",,"78","84","62","   30"
"USW00012960","HOUSTON INTERCONTINENTAL AIRPORT, TX US","2021-09-23","3.80",,"70","84","57","   80"
"USW00012960","HOUSTON INTERCONTINENTAL AIRPORT, TX US","2021-09-24","4.47",,"71","84","58","  110"
"USW00012960","HOUSTON INTERCONTINENTAL AIRPORT, TX US","2021-09-25","3.80",,"72","86","59","   70"
"USW00012960","HOUSTON INTERCONTINENTAL AIRPORT, TX US","2021-09-26","4.70",,"73","86","62","  130"
"USW00012960","HOUSTON INTERCONTINENTAL AIRPORT, TX US","2021-09-27","5.59",,"76","91","67","  130"
"USW00012960","HOUSTON INTERCONTINENTAL AIRPORT, TX US","2021-09-28","4.70",,"79","86","71","  190"
"USW00012960","HOUSTON INTERCONTINENTAL AIRPORT, TX US","2021-09-29","6.26",,"75","85","68","  310"
"USW00012960","HOUSTON INTERCONTINENTAL AIRPORT, TX US","2021-09-30","6.93",,"78","89","72","  170"
"USW00012960","HOUSTON INTERCONTINENTAL AIRPORT, TX US","2021-10-01","7.16",,"76","78","73","  120"
"USW00012960","HOUSTON INTERCONTINENTAL AIRPORT, TX US","2021-10-02","4.92",,"75","82","72","  140"
"USW00012960","HOUSTON INTERCONTINENTAL AIRPORT, TX US","2021-10-03","2.91",,"78","88","71","   20"
"USW00012960","HOUSTON INTERCONTINENTAL AIRPORT, TX US","2021-10-04","4.70",,"78","89","68","   40"
"USW00012960","HOUSTON INTERCONTINENTAL AIRPORT, TX US","2021-10-05","3.80",,"76","89","65","   30"
"USW00012960","HOUSTON INTERCONTINENTAL AIRPORT, TX US","2021-10-06","2.24",,"74","89","64","   10"
"USW00012960","HOUSTON INTERCONTINENTAL AIRPORT, TX US","2021-10-07","2.24",,"74","89","63","  130"
"USW00012960","HOUSTON INTERCONTINENTAL AIRPORT, TX US","2021-10-08","3.13",,"75","90","65","  120"
"USW00012960","HOUSTON INTERCONTINENTAL AIRPORT, TX US","2021-10-09","5.14",,"76","89","65","  140"
"USW00012960","HOUSTON INTERCONTINENTAL AIRPORT, TX US","2021-10-10","12.75",,"79","90","69","  170"
"USW00012960","HOUSTON INTERCONTINENTAL AIRPORT, TX US","2021-10-11","4.92",,"80","86","71","  160"
"USW00012960","HOUSTON INTERCONTINENTAL AIRPORT, TX US","2021-10-12","8.72",,"79","91","72","  140"
"USW00012960","HOUSTON INTERCONTINENTAL AIRPORT, TX US","2021-10-13","10.07",,"82","92","74","  150"
"USW00012960","HOUSTON INTERCONTINENTAL AIRPORT, TX US","2021-10-14","7.83",,"79","83","76","  140"
"USW00012960","HOUSTON INTERCONTINENTAL AIRPORT, TX US","2021-10-15","7.61",,"81","91","70","  350"
"USW00012960","HOUSTON INTERCONTINENTAL AIRPORT, TX US","2021-10-16","12.08",,"71","76","57","   40"
"USW00012960","HOUSTON INTERCONTINENTAL AIRPORT, TX US","2021-10-17","3.13",,"63","75","50","   70"
"USW00012960","HOUSTON INTERCONTINENTAL AIRPORT, TX US","2021-10-18","3.80",,"63","79","51","   80"
"USW00012960","HOUSTON INTERCONTINENTAL AIRPORT, TX US","2021-10-19","6.49",,"67","82","57","  110"
"USW00012960","HOUSTON INTERCONTINENTAL AIRPORT, TX US","2021-10-20","4.70",,"74","88","66","  120"
"USW00012960","HOUSTON INTERCONTINENTAL AIRPORT, TX US","2021-10-21","2.68",,"77","87","68","   30"
"USW00012960","HOUSTON INTERCONTINENTAL AIRPORT, TX US","2021-10-22","2.91",,"75","88","67","  140"
"USW00012960","HOUSTON INTERCONTINENTAL AIRPORT, TX US","2021-10-23","5.82",,"76","84","67","  180"
"USW00012960","HOUSTON INTERCONTINENTAL AIRPORT, TX US","2021-10-24","6.49",,"75","88","66","  140"
"USW00012960","HOUSTON INTERCONTINENTAL AIRPORT, TX US","2021-10-25","3.13",,"80","91","73","  120"
"USW00012960","HOUSTON INTERCONTINENTAL AIRPORT, TX US","2021-10-26","8.95",,"78","87","70","  140"
"USW00012960","HOUSTON INTERCONTINENTAL AIRPORT, TX US","2021-10-27","10.07",,"76","81","63","  310"
"USW00012960","HOUSTON INTERCONTINENTAL AIRPORT, TX US","2021-10-28","14.32",,"69","79","60","  300"
"USW00012960","HOUSTON INTERCONTINENTAL AIRPORT, TX US","2021-10-29","12.08",,"65","75","55","  340"
"USW00012960","HOUSTON INTERCONTINENTAL AIRPORT, TX US","2021-10-30","4.25",,"62","77","47","  330"
"USW00012960","HOUSTON INTERCONTINENTAL AIRPORT, TX US","2021-10-31","2.91",,"62","81","48","  150"
"USW00012960","HOUSTON INTERCONTINENTAL AIRPORT, TX US","2021-11-01","3.80",,"64","79","51","  130"
"USW00012960","HOUSTON INTERCONTINENTAL AIRPORT, TX US","2021-11-02","4.47",,"67","80","57","  120"
"USW00012960","HOUSTON INTERCONTINENTAL AIRPORT, TX US","2021-11-03","8.28",,"62","67","54","   10"
"USW00012960","HOUSTON INTERCONTINENTAL AIRPORT, TX US","2021-11-04","8.95",,"54","57","50","   20"
"USW00012960","HOUSTON INTERCONTINENTAL AIRPORT, TX US","2021-11-05","4.25",,"54","66","44","  350"
"USW00012960","HOUSTON INTERCONTINENTAL AIRPORT, TX US","2021-11-06","2.46",,"55","70","44","   20"
"USW00012960","HOUSTON INTERCONTINENTAL AIRPORT, TX US","2021-11-07","3.80",,"57","72","45","  120"
"USW00012960","HOUSTON INTERCONTINENTAL AIRPORT, TX US","2021-11-08","5.59",,"60","76","47","  170"
"USW00012960","HOUSTON INTERCONTINENTAL AIRPORT, TX US","2021-11-09","4.47",,"63","78","50","  130"
"USW00012960","HOUSTON INTERCONTINENTAL AIRPORT, TX US","2021-11-10","6.93",,"68","82","58","  160"
"USW00012960","HOUSTON INTERCONTINENTAL AIRPORT, TX US","2021-11-11","7.83",,"71","74","55","  320"
"USW00012960","HOUSTON INTERCONTINENTAL AIRPORT, TX US","2021-11-12","5.59",,"62","78","49","  350"
"USW00012960","HOUSTON INTERCONTINENTAL AIRPORT, TX US","2021-11-13","5.82",,"59","68","46","   40"
"USW00012960","HOUSTON INTERCONTINENTAL AIRPORT, TX US","2021-11-14","4.25",,"58","79","44","   90"
"USW00012960","HOUSTON INTERCONTINENTAL AIRPORT, TX US","2021-11-15","4.70",,"66","82","53","  250"
"USW00012960","HOUSTON INTERCONTINENTAL AIRPORT, TX US","2021-11-16","8.05",,"71","83","57","  150"
"USW00012960","HOUSTON INTERCONTINENTAL AIRPORT, TX US","2021-11-17","7.38",,"73","85","62","  190"
"USW00012960","HOUSTON INTERCONTINENTAL AIRPORT, TX US","2021-11-18","11.41",,"67","71","51","   10"
"USW00012960","HOUSTON INTERCONTINENTAL AIRPORT, TX US","2021-11-19","5.59",,"55","67","47","   60"
"USW00012960","HOUSTON INTERCONTINENTAL AIRPORT, TX US","2021-11-20","6.71",,"57","75","46","  120"
"USW00012960","HOUSTON INTERCONTINENTAL AIRPORT, TX US","2021-11-21","5.59",,"70","81","60","  340"
"USW00012960","HOUSTON INTERCONTINENTAL AIRPORT, TX US","2021-11-22","9.40",,"65","72","48","  360"
"USW00012960","HOUSTON INTERCONTINENTAL AIRPORT, TX US","2021-11-23","6.71",,"56","71","43","  140"
"USW00012960","HOUSTON INTERCONTINENTAL AIRPORT, TX US","2021-11-24","9.62",,"63","77","53","  150"
"USW00012960","HOUSTON INTERCONTINENTAL AIRPORT, TX US","2021-11-25","10.07",,"68","73","53","  330"
"USW00012960","HOUSTON INTERCONTINENTAL AIRPORT, TX US","2021-11-26","7.38",,"53","60","44","   30"
"USW00012960","HOUSTON INTERCONTINENTAL AIRPORT, TX US","2021-11-27","2.24",,"51","60","45","   20"
"USW00012960","HOUSTON INTERCONTINENTAL AIRPORT, TX US","2021-11-28","4.70",,"54","59","47","   10"
"USW00012960","HOUSTON INTERCONTINENTAL AIRPORT, TX US","2021-11-29","2.68",,"55","72","45","  140"
"USW00012960","HOUSTON INTERCONTINENTAL AIRPORT, TX US","2021-11-30","4.03",,"58","75","47","  160"
"USW00012960","HOUSTON INTERCONTINENTAL AIRPORT, TX US","2021-12-01","2.24",,"62","78","50","  250"
"USW00012960","HOUSTON INTERCONTINENTAL AIRPORT, TX US","2021-12-02","2.46",,"64","79","52","  240"
"USW00012960","HOUSTON INTERCONTINENTAL AIRPORT, TX US","2021-12-03","4.92",,"70","82","64","  160"
"USW00012960","HOUSTON INTERCONTINENTAL AIRPORT, TX US","2021-12-04","3.80",,"71","82","61","  140"
"USW00012960","HOUSTON INTERCONTINENTAL AIRPORT, TX US","2021-12-05","7.38",,"71","80","61","  160"
"USW00012960","HOUSTON INTERCONTINENTAL AIRPORT, TX US","2021-12-06","9.17",,"73","81","59","  270"
"USW00012960","HOUSTON INTERCONTINENTAL AIRPORT, TX US","2021-12-07","6.26",,"59","65","54","   40"
"USW00012960","HOUSTON INTERCONTINENTAL AIRPORT, TX US","2021-12-08","6.49",,"62","68","59","  130"
"USW00012960","HOUSTON INTERCONTINENTAL AIRPORT, TX US","2021-12-09","8.28",,"72","85","65","  220"
"USW00012960","HOUSTON INTERCONTINENTAL AIRPORT, TX US","2021-12-10","10.96",,"78","85","76","  180"
"USW00012960","HOUSTON INTERCONTINENTAL AIRPORT, TX US","2021-12-11","14.32",,"68","78","48","  360"
"USW00012960","HOUSTON INTERCONTINENTAL AIRPORT, TX US","2021-12-12","4.70",,"50","63","40","   60"
"USW00012960","HOUSTON INTERCONTINENTAL AIRPORT, TX US","2021-12-13","6.04",,"55","69","47","  130"
"USW00012960","HOUSTON INTERCONTINENTAL AIRPORT, TX US","2021-12-14","10.51",,"72","82","69","  150"
"USW00012960","HOUSTON INTERCONTINENTAL AIRPORT, TX US","2021-12-15","12.30",,"75","82","71","  150"
"USW00012960","HOUSTON INTERCONTINENTAL AIRPORT, TX US","2021-12-16","9.40",,"76","83","71","  150"
"USW00012960","HOUSTON INTERCONTINENTAL AIRPORT, TX US","2021-12-17","10.74",,"74","82","71","  150"
"USW00012960","HOUSTON INTERCONTINENTAL AIRPORT, TX US","2021-12-18","11.41",,"70","75","52","  350"
"USW00012960","HOUSTON INTERCONTINENTAL AIRPORT, TX US","2021-12-19","11.41",,"53","60","46","  360"
"USW00012960","HOUSTON INTERCONTINENTAL AIRPORT, TX US","2021-12-20","6.93",,"51","58","44","   30"
"USW00012960","HOUSTON INTERCONTINENTAL AIRPORT, TX US","2021-12-21","2.91",,"49","63","40","  320"
"USW00012960","HOUSTON INTERCONTINENTAL AIRPORT, TX US","2021-12-22","5.82",,"54","71","42","  130"
"USW00012960","HOUSTON INTERCONTINENTAL AIRPORT, TX US","2021-12-23","6.93",,"62","77","51","  160"
"USW00012960","HOUSTON INTERCONTINENTAL AIRPORT, TX US","2021-12-24","8.28",,"69","80","62","  210"
"USW00012960","HOUSTON INTERCONTINENTAL AIRPORT, TX US","2021-12-25","6.04",,"72","80","63","  220"
"USW00012960","HOUSTON INTERCONTINENTAL AIRPORT, TX US","2021-12-26","6.93",,"73","82","68","  170"
"USW00012960","HOUSTON INTERCONTINENTAL AIRPORT, TX US","2021-12-27","7.83",,"74","81","68","  160"
"USW00012960","HOUSTON INTERCONTINENTAL AIRPORT, TX US","2021-12-28","8.95",,"75","82","71","  160"
"USW00012960","HOUSTON INTERCONTINENTAL AIRPORT, TX US","2021-12-29","4.92",,"76","84","67","  210"
"USW00012960","HOUSTON INTERCONTINENTAL AIRPORT, TX US","2021-12-30","4.47",,"73","82","61","  140"
"USW00012960","HOUSTON INTERCONTINENTAL AIRPORT, TX US","2021-12-31","8.50",,"75","84","69","  180"
"USW00012960","HOUSTON INTERCONTINENTAL AIRPORT, TX US","2022-01-01","9.40",,"78","85","66","  210"
"USW00012960","HOUSTON INTERCONTINENTAL AIRPORT, TX US","2022-01-02","17.67",,"50","68","31","  330"
"USW00012960","HOUSTON INTERCONTINENTAL AIRPORT, TX US","2022-01-03","3.80",,"40","54","31","  350"
"USW00012960","HOUSTON INTERCONTINENTAL AIRPORT, TX US","2022-01-04","5.59",,"46","66","36","  180"
"USW00012960","HOUSTON INTERCONTINENTAL AIRPORT, TX US","2022-01-05","5.59",,"60","77","47","  220"
"USW00012960","HOUSTON INTERCONTINENTAL AIRPORT, TX US","2022-01-06","8.50",,"65","72","44","  330"
"USW00012960","HOUSTON INTERCONTINENTAL AIRPORT, TX US","2022-01-07","8.95",,"45","51","37","  100"
"USW00012960","HOUSTON INTERCONTINENTAL AIRPORT, TX US","2022-01-08","11.86",,"59","75","51","  180"
"USW00012960","HOUSTON INTERCONTINENTAL AIRPORT, TX US","2022-01-09","10.51",,"72","75","55","  150"
"USW00012960","HOUSTON INTERCONTINENTAL AIRPORT, TX US","2022-01-10","13.42",,"55","60","42","   20"
"USW00012960","HOUSTON INTERCONTINENTAL AIRPORT, TX US","2022-01-11","6.26",,"47","58","38","   60"
"USW00012960","HOUSTON INTERCONTINENTAL AIRPORT, TX US","2022-01-12","2.68",,"52","62","47","  110"
"USW00012960","HOUSTON INTERCONTINENTAL AIRPORT, TX US","2022-01-13","3.13",,"54","72","43","  260"
"USW00012960","HOUSTON INTERCONTINENTAL AIRPORT, TX US","2022-01-14","4.25",,"57","75","43","  250"
"USW00012960","HOUSTON INTERCONTINENTAL AIRPORT, TX US","2022-01-15","17.90",,"56","62","37","  330"
"USW00012960","HOUSTON INTERCONTINENTAL AIRPORT, TX US","2022-01-16","8.95",,"42","58","34","  320"
"USW00012960","HOUSTON INTERCONTINENTAL AIRPORT, TX US","2022-01-17","2.01",,"47","67","32","  160"
"USW00012960","HOUSTON INTERCONTINENTAL AIRPORT, TX US","2022-01-18","8.05",,"57","74","42","  190"
"USW00012960","HOUSTON INTERCONTINENTAL AIRPORT, TX US","2022-01-19","7.38",,"67","80","53","  300"
"USW00012960","HOUSTON INTERCONTINENTAL AIRPORT, TX US","2022-01-20","16.11",,"49","53","36","  360"
"USW00012960","HOUSTON INTERCONTINENTAL AIRPORT, TX US","2022-01-21","8.95",,"40","51","35","   50"
"USW00012960","HOUSTON INTERCONTINENTAL AIRPORT, TX US","2022-01-22","7.61",,"40","56","30","   10"
"USW00012960","HOUSTON INTERCONTINENTAL AIRPORT, TX US","2022-01-23","3.36",,"46","60","34","   40"
"USW00012960","HOUSTON INTERCONTINENTAL AIRPORT, TX US","2022-01-24","6.04",,"50","53","47","  110"
"USW00012960","HOUSTON INTERCONTINENTAL AIRPORT, TX US","2022-01-25","9.40",,"51","60","47","   10"
"USW00012960","HOUSTON INTERCONTINENTAL AIRPORT, TX US","2022-01-26","7.38",,"48","57","38","   70"
"USW00012960","HOUSTON INTERCONTINENTAL AIRPORT, TX US","2022-01-27","5.37",,"49","64","39","   10"
"USW00012960","HOUSTON INTERCONTINENTAL AIRPORT, TX US","2022-01-28","11.41",,"52","60","42","  340"
"USW00012960","HOUSTON INTERCONTINENTAL AIRPORT, TX US","2022-01-29","3.13",,"47","63","32","  190"
"USW00012960","HOUSTON INTERCONTINENTAL AIRPORT, TX US","2022-01-30","5.37",,"53","69","39","  250"
"USW00012960","HOUSTON INTERCONTINENTAL AIRPORT, TX US","2022-01-31","9.17",,"57","63","46","  120"
"USW00012960","HOUSTON INTERCONTINENTAL AIRPORT, TX US","2022-02-01","6.26",,"60","67","57","  130"
"USW00012960","HOUSTON INTERCONTINENTAL AIRPORT, TX US","2022-02-02","7.61",,"61","71","49","  300"
"USW00012960","HOUSTON INTERCONTINENTAL AIRPORT, TX US","2022-02-03","16.78",,"47","48","30","  330"
"USW00012960","HOUSTON INTERCONTINENTAL AIRPORT, TX US","2022-02-04","14.99",,"30","33","27","  350"
"USW00012960","HOUSTON INTERCONTINENTAL AIRPORT, TX US","2022-02-05","4.25",,"36","53","27","   10"
"USW00012960","HOUSTON INTERCONTINENTAL AIRPORT, TX US","2022-02-06","2.91",,"41","60","27","  150"
"USW00012960","HOUSTON INTERCONTINENTAL AIRPORT, TX US","2022-02-07","7.61",,"51","64","41","   20"
"USW00012960","HOUSTON INTERCONTINENTAL AIRPORT, TX US","2022-02-08","3.13",,"51","65","34","  190"
"USW00012960","HOUSTON INTERCONTINENTAL AIRPORT, TX US","2022-02-09","4.47",,"53","71","36","  290"
"USW00012960","HOUSTON INTERCONTINENTAL AIRPORT, TX US","2022-02-10","3.13",,"56","72","40","  260"
"USW00012960","HOUSTON INTERCONTINENTAL AIRPORT, TX US","2022-02-11","6.04",,"58","74","41","  160"
"USW00012960","HOUSTON INTERCONTINENTAL AIRPORT, TX US","2022-02-12","11.86",,"54","60","37","   10"
"USW00012960","HOUSTON INTERCONTINENTAL AIRPORT, TX US","2022-02-13","6.04",,"44","61","30","  330"
"USW00012960","HOUSTON INTERCONTINENTAL AIRPORT, TX US","2022-02-14","5.82",,"50","69","35","  140"
"USW00012960","HOUSTON INTERCONTINENTAL AIRPORT, TX US","2022-02-15","12.08",,"55","72","41","  130"
"USW00012960","HOUSTON INTERCONTINENTAL AIRPORT, TX US","2022-02-16","12.97",,"66","78","60","  160"
"USW00012960","HOUSTON INTERCONTINENTAL AIRPORT, TX US","2022-02-17","14.99",,"71","80","41","  310"
"USW00012960","HOUSTON INTERCONTINENTAL AIRPORT, TX US","2022-02-18","11.63",,"45","58","36","  350"
"USW00012960","HOUSTON INTERCONTINENTAL AIRPORT, TX US","2022-02-19","4.70",,"50","67","35","  140"
"USW00012960","HOUSTON INTERCONTINENTAL AIRPORT, TX US","2022-02-20","6.93",,"55","66","46","  140"
"USW00012960","HOUSTON INTERCONTINENTAL AIRPORT, TX US","2022-02-21","10.07",,"69","83","61","  200"
"USW00012960","HOUSTON INTERCONTINENTAL AIRPORT, TX US","2022-02-22","9.40",,"74","78","64","  200"
"USW00012960","HOUSTON INTERCONTINENTAL AIRPORT, TX US","2022-02-23","13.42",,"57","64","37","  340"
"USW00012960","HOUSTON INTERCONTINENTAL AIRPORT, TX US","2022-02-24","10.29",,"40","47","38","   10"
"USW00012960","HOUSTON INTERCONTINENTAL AIRPORT, TX US","2022-02-25","12.75",,"40","46","38","  360"
"USW00012960","HOUSTON INTERCONTINENTAL AIRPORT, TX US","2022-02-26","10.07",,"41","43","40","   40"
"USW00012960","HOUSTON INTERCONTINENTAL AIRPORT, TX US","2022-02-27","10.74",,"45","62","40","  360"
"USW00012960","HOUSTON INTERCONTINENTAL AIRPORT, TX US","2022-02-28","3.58",,"50","68","36","   20"
"USW00012960","HOUSTON INTERCONTINENTAL AIRPORT, TX US","2022-03-01","2.91",,"53","73","37","  180"
"USW00012960","HOUSTON INTERCONTINENTAL AIRPORT, TX US","2022-03-02","4.70",,"57","74","40","  160"
"USW00012960","HOUSTON INTERCONTINENTAL AIRPORT, TX US","2022-03-03","4.03",,"62","77","50","  150"
"USW00012960","HOUSTON INTERCONTINENTAL AIRPORT, TX US","2022-03-04","8.50",,"63","76","52","  130"
"USW00012960","HOUSTON INTERCONTINENTAL AIRPORT, TX US","2022-03-05","12.97",,"71","82","66","  160"
"USW00012960","HOUSTON INTERCONTINENTAL AIRPORT, TX US","2022-03-06","12.97",,"74","82","70","  150"
"USW00012960","HOUSTON INTERCONTINENTAL AIRPORT, TX US","2022-03-07","13.87",,"63","73","50","  360"
"USW00012960","HOUSTON INTERCONTINENTAL AIRPORT, TX US","2022-03-08","11.63",,"49","51","43","   20"
"USW00012960","HOUSTON INTERCONTINENTAL AIRPORT, TX US","2022-03-09","8.28",,"48","60","42","  360"
"USW00012960","HOUSTON INTERCONTINENTAL AIRPORT, TX US","2022-03-10","5.82",,"54","74","40","   70"
"USW00012960","HOUSTON INTERCONTINENTAL AIRPORT, TX US","2022-03-11","13.87",,"58","69","39","  330"
"USW00012960","HOUSTON INTERCONTINENTAL AIRPORT, TX US","2022-03-12","9.40",,"43","59","32","  330"
"USW00012960","HOUSTON INTERCONTINENTAL AIRPORT, TX US","2022-03-13","9.17",,"48","64","32","  170"
"USW00012960","HOUSTON INTERCONTINENTAL AIRPORT, TX US","2022-03-14","11.41",,"62","77","52","  340"
"USW00012960","HOUSTON INTERCONTINENTAL AIRPORT, TX US","2022-03-15","8.95",,"65","74","55","  330"
"USW00012960","HOUSTON INTERCONTINENTAL AIRPORT, TX US","2022-03-16","4.25",,"63","79","46","  150"
"USW00012960","HOUSTON INTERCONTINENTAL AIRPORT, TX US","2022-03-17","11.63",,"64","77","52","  150"
"USW00012960","HOUSTON INTERCONTINENTAL AIRPORT, TX US","2022-03-18","11.18",,"67","72","50","  290"
"USW00012960","HOUSTON INTERCONTINENTAL AIRPORT, TX US","2022-03-19","4.70",,"60","77","43","   30"
"USW00012960","HOUSTON INTERCONTINENTAL AIRPORT, TX US","2022-03-20","9.84",,"60","75","44","  150"
"USW00012960","HOUSTON INTERCONTINENTAL AIRPORT, TX US","2022-03-21","18.34",,"67","74","63","  140"
"USW00012960","HOUSTON INTERCONTINENTAL AIRPORT, TX US","2022-03-22","12.08",,"69","73","51","  360"
"USW00012960","HOUSTON INTERCONTINENTAL AIRPORT, TX US","2022-03-23","8.95",,"57","69","47","  350"
"USW00012960","HOUSTON INTERCONTINENTAL AIRPORT, TX US","2022-03-24","7.38",,"60","69","47","  310"
"USW00012960","HOUSTON INTERCONTINENTAL AIRPORT, TX US","2022-03-25","2.91",,"61","84","43","   40"
"USW00012960","HOUSTON INTERCONTINENTAL AIRPORT, TX US","2022-03-26","6.04",,"69","86","49","  160"
"USW00012960","HOUSTON INTERCONTINENTAL AIRPORT, TX US","2022-03-27","8.95",,"72","86","62","  160"
"USW00012960","HOUSTON INTERCONTINENTAL AIRPORT, TX US","2022-03-28","8.95",,"72","83","59","  160"
"USW00012960","HOUSTON INTERCONTINENTAL AIRPORT, TX US","2022-03-29","17.00",,"74","82","71","  160"
"USW00012960","HOUSTON INTERCONTINENTAL AIRPORT, TX US","2022-03-30","14.32",,"74","83","59","  150"
"USW00012960","HOUSTON INTERCONTINENTAL AIRPORT, TX US","2022-03-31","5.14",,"63","78","47","   10"
"USW00012960","HOUSTON INTERCONTINENTAL AIRPORT, TX US","2022-04-01","8.28",,"64","79","49","  120"
"USW00012960","HOUSTON INTERCONTINENTAL AIRPORT, TX US","2022-04-02","4.92",,"68","85","54","  310"
"USW00012960","HOUSTON INTERCONTINENTAL AIRPORT, TX US","2022-04-03","8.28",,"70","82","56","  150"
"USW00012960","HOUSTON INTERCONTINENTAL AIRPORT, TX US","2022-04-04","9.62",,"70","76","64","  150"
"USW00012960","HOUSTON INTERCONTINENTAL AIRPORT, TX US","2022-04-05","6.93",,"77","90","72","  160"
"USW00012960","HOUSTON INTERCONTINENTAL AIRPORT, TX US","2022-04-06","13.42",,"77","82","62","  350"
"USW00012960","HOUSTON INTERCONTINENTAL AIRPORT, TX US","2022-04-07","13.20",,"67","76","54","  360"
"USW00012960","HOUSTON INTERCONTINENTAL AIRPORT, TX US","2022-04-08","9.62",,"64","77","48","  300"
"USW00012960","HOUSTON INTERCONTINENTAL AIRPORT, TX US","2022-04-09","7.61",,"64","84","44","  160"
"USW00012960","HOUSTON INTERCONTINENTAL AIRPORT, TX US","2022-04-10","15.88",,"72","81","65","  160"
"USW00012960","HOUSTON INTERCONTINENTAL AIRPORT, TX US","2022-04-11","14.54",,"74","82","69","  160"
"USW00012960","HOUSTON INTERCONTINENTAL AIRPORT, TX US","2022-04-12","13.42",,"76","82","73","  150"
"USW00012960","HOUSTON INTERCONTINENTAL AIRPORT, TX US","2022-04-13","10.07",,"77","82","67","  160"
"USW00012960","HOUSTON INTERCONTINENTAL AIRPORT, TX US","2022-04-14","10.96",,"71","83","55","  100"
"USW00012960","HOUSTON INTERCONTINENTAL AIRPORT, TX US","2022-04-15","8.05",,"70","82","62","  160"
"USW00012960","HOUSTON INTERCONTINENTAL AIRPORT, TX US","2022-04-16","7.16",,"77","83","73","  170"
"USW00012960","HOUSTON INTERCONTINENTAL AIRPORT, TX US","2022-04-17","6.04",,"78","89","69","  210"
"USW00012960","HOUSTON INTERCONTINENTAL AIRPORT, TX US","2022-04-18","12.30",,"74","80","62","   60"
"USW00012960","HOUSTON INTERCONTINENTAL AIRPORT, TX US","2022-04-19","16.78",,"66","76","54","  140"
"USW00012960","HOUSTON INTERCONTINENTAL AIRPORT, TX US","2022-04-20","16.55",,"74","84","70","  160"
"USW00012960","HOUSTON INTERCONTINENTAL AIRPORT, TX US","2022-04-21","14.32",,"77","85","74","  130"
"USW00012960","HOUSTON INTERCONTINENTAL AIRPORT, TX US","2022-04-22","15.66",,"77","84","71","  130"
"USW00012960","HOUSTON INTERCONTINENTAL AIRPORT, TX US","2022-04-23","16.11",,"76","84","71","  140"
"USW00012960","HOUSTON INTERCONTINENTAL AIRPORT, TX US","2022-04-24","12.75",,"76","87","70","  150"
"USW00012960","HOUSTON INTERCONTINENTAL AIRPORT, TX US","2022-04-25","10.74",,"75","85","63","   20"
"USW00012960","HOUSTON INTERCONTINENTAL AIRPORT, TX US","2022-04-26","8.95",,"67","79","62","   70"
"USW00012960","HOUSTON INTERCONTINENTAL AIRPORT, TX US","2022-04-27","8.28",,"69","81","57","  100"
"USW00012960","HOUSTON INTERCONTINENTAL AIRPORT, TX US","2022-04-28","10.51",,"72","83","62","  130"
"USW00012960","HOUSTON INTERCONTINENTAL AIRPORT, TX US","2022-04-29","12.08",,"75","86","66","  170"
"USW00012960","HOUSTON INTERCONTINENTAL AIRPORT, TX US","2022-04-30","7.61",,"78","89","72","  120"
"USW00012960","HOUSTON INTERCONTINENTAL AIRPORT, TX US","2022-05-01","8.95",,"78","87","72","  150"
"USW00012960","HOUSTON INTERCONTINENTAL AIRPORT, TX US","2022-05-02","14.09",,"79","88","74","  160"
"USW00012960","HOUSTON INTERCONTINENTAL AIRPORT, TX US","2022-05-03","10.96",,"80","87","74","  140"
"USW00012960","HOUSTON INTERCONTINENTAL AIRPORT, TX US","2022-05-04","12.97",,"79","87","74","  150"
"USW00012960","HOUSTON INTERCONTINENTAL AIRPORT, TX US","2022-05-05","11.41",,"80","88","67","  150"
"USW00012960","HOUSTON INTERCONTINENTAL AIRPORT, TX US","2022-05-06","5.37",,"75","89","63","  140"
"USW00012960","HOUSTON INTERCONTINENTAL AIRPORT, TX US","2022-05-07","8.50",,"81","93","73","  170"
"USW00012960","HOUSTON INTERCONTINENTAL AIRPORT, TX US","2022-05-08","12.53",,"84","93","78","  140"
"USW00012960","HOUSTON INTERCONTINENTAL AIRPORT, TX US","2022-05-09","15.21",,"83","92","79","  160"
"USW00012960","HOUSTON INTERCONTINENTAL AIRPORT, TX US","2022-05-10","12.53",,"82","89","76","  130"
"USW00012960","HOUSTON INTERCONTINENTAL AIRPORT, TX US","2022-05-11","8.28",,"80","89","70","  130"
"USW00012960","HOUSTON INTERCONTINENTAL AIRPORT, TX US","2022-05-12","7.16",,"78","90","67","  120"
"USW00012960","HOUSTON INTERCONTINENTAL AIRPORT, TX US","2022-05-13","6.49",,"79","91","67","  160"
"USW00012960","HOUSTON INTERCONTINENTAL AIRPORT, TX US","2022-05-14","5.14",,"80","91","71","  130"
"USW00012960","HOUSTON INTERCONTINENTAL AIRPORT, TX US","2022-05-15","5.37",,"81","93","71","  220"
"USW00012960","HOUSTON INTERCONTINENTAL AIRPORT, TX US","2022-05-16","6.49",,"83","94","71","  220"
"USW00012960","HOUSTON INTERCONTINENTAL AIRPORT, TX US","2022-05-17","7.83",,"82","94","72","  150"
"USW00012960","HOUSTON INTERCONTINENTAL AIRPORT, TX US","2022-05-18","10.51",,"83","95","76","  170"
"USW00012960","HOUSTON INTERCONTINENTAL AIRPORT, TX US","2022-05-19","12.97",,"83","93","76","  150"
"USW00012960","HOUSTON INTERCONTINENTAL AIRPORT, TX US","2022-05-20","15.21",,"83","92","78","  140"
"USW00012960","HOUSTON INTERCONTINENTAL AIRPORT, TX US","2022-05-21","14.09",,"85","93","79","  120"
"USW00012960","HOUSTON INTERCONTINENTAL AIRPORT, TX US","2022-05-22","9.40",,"78","84","69","   80"
"USW00012960","HOUSTON INTERCONTINENTAL AIRPORT, TX US","2022-05-23","8.50",,"74","81","68","   80"
"USW00012960","HOUSTON INTERCONTINENTAL AIRPORT, TX US","2022-05-24","8.50",,"73","80","69","  160"
"USW00012960","HOUSTON INTERCONTINENTAL AIRPORT, TX US","2022-05-25","6.71",,"74","83","64","  310"
"USW00012960","HOUSTON INTERCONTINENTAL AIRPORT, TX US","2022-05-26","6.26",,"76","93","61","  250"
"USW00012960","HOUSTON INTERCONTINENTAL AIRPORT, TX US","2022-05-27","6.49",,"82","95","70","   10"
"USW00012960","HOUSTON INTERCONTINENTAL AIRPORT, TX US","2022-05-28","7.38",,"80","94","63","  140"
"USW00012960","HOUSTON INTERCONTINENTAL AIRPORT, TX US","2022-05-29","11.18",,"83","92","76","  150"
"USW00012960","HOUSTON INTERCONTINENTAL AIRPORT, TX US","2022-05-30","16.33",,"83","92","78","  140"
"USW00012960","HOUSTON INTERCONTINENTAL AIRPORT, TX US","2022-05-31","12.97",,"84","92","78","  140"
"USW00012960","HOUSTON INTERCONTINENTAL AIRPORT, TX US","2022-06-01","8.72",,"83","92","75","  140"
"USW00012960","HOUSTON INTERCONTINENTAL AIRPORT, TX US","2022-06-02","5.82",,"83","95","73","  330"
"USW00012960","HOUSTON INTERCONTINENTAL AIRPORT, TX US","2022-06-03","7.61",,"80","90","70","   20"
"USW00012960","HOUSTON INTERCONTINENTAL AIRPORT, TX US","2022-06-04","4.25",,"80","91","73","  130"
"USW00012960","HOUSTON INTERCONTINENTAL AIRPORT, TX US","2022-06-05","7.38",,"82","94","72","  130"
"USW00012960","HOUSTON INTERCONTINENTAL AIRPORT, TX US","2022-06-06","11.41",,"84","93","78","  140"
"USW00012960","HOUSTON INTERCONTINENTAL AIRPORT, TX US","2022-06-07","10.51",,"85","96","78","  130"
"USW00012960","HOUSTON INTERCONTINENTAL AIRPORT, TX US","2022-06-08","8.72",,"86","97","79","  220"
"USW00012960","HOUSTON INTERCONTINENTAL AIRPORT, TX US","2022-06-09","5.59",,"85","97","75","  110"
"USW00012960","HOUSTON INTERCONTINENTAL AIRPORT, TX US","2022-06-10","7.16",,"87","99","79","  170"
"USW00012960","HOUSTON INTERCONTINENTAL AIRPORT, TX US","2022-06-11","7.38",,"87","98","80","  210"
"USW00012960","HOUSTON INTERCONTINENTAL AIRPORT, TX US","2022-06-12","8.95",,"88","99","80","  200"
"USW00012960","HOUSTON INTERCONTINENTAL AIRPORT, TX US","2022-06-13","10.96",,"88","99","80","  170"
"USW00012960","HOUSTON INTERCONTINENTAL AIRPORT, TX US","2022-06-14","11.41",,"87","96","81","  170"
"USW00012960","HOUSTON INTERCONTINENTAL AIRPORT, TX US","2022-06-15","9.84",,"87","98","81","  150"
"USW00012960","HOUSTON INTERCONTINENTAL AIRPORT, TX US","2022-06-16","4.70",,"87","99","75","  130"
"USW00012960","HOUSTON INTERCONTINENTAL AIRPORT, TX US","2022-06-17","5.82",,"87","97","77","  130"
"USW00012960","HOUSTON INTERCONTINENTAL AIRPORT, TX US","2022-06-18","2.91",,"86","99","76","  130"
"USW00012960","HOUSTON INTERCONTINENTAL AIRPORT, TX US","2022-06-19","4.70",,"88","100","77","  130"
"USW00012960","HOUSTON INTERCONTINENTAL AIRPORT, TX US","2022-06-20","6.04",,"89","102","77","  140"
"USW00012960","HOUSTON INTERCONTINENTAL AIRPORT, TX US","2022-06-21","6.93",,"87","98","76","  140"
"USW00012960","HOUSTON INTERCONTINENTAL AIRPORT, TX US","2022-06-22","3.13",,"86","98","76","  150"
"USW00012960","HOUSTON INTERCONTINENTAL AIRPORT, TX US","2022-06-23","5.59",,"87","101","77","  150"
"USW00012960","HOUSTON INTERCONTINENTAL AIRPORT, TX US","2022-06-24","7.38",,"88","99","79","  130"
"USW00012960","HOUSTON INTERCONTINENTAL AIRPORT, TX US","2022-06-25","6.71",,"87","101","72","  150"
"USW00012960","HOUSTON INTERCONTINENTAL AIRPORT, TX US","2022-06-26","4.47",,"88","102","75","  150"
"USW00012960","HOUSTON INTERCONTINENTAL AIRPORT, TX US","2022-06-27","4.47",,"87","99","77","  110"
"USW00012960","HOUSTON INTERCONTINENTAL AIRPORT, TX US","2022-06-28","8.05",,"84","97","76","   50"
"USW00012960","HOUSTON INTERCONTINENTAL AIRPORT, TX US","2022-06-29","8.28",,"86","98","75","  100"
"USW00012960","HOUSTON INTERCONTINENTAL AIRPORT, TX US","2022-06-30","9.62",,"79","82","75","  110"
"USW00012960","HOUSTON INTERCONTINENTAL AIRPORT, TX US","2022-07-01","6.49",,"78","86","75","  130"
"USW00012960","HOUSTON INTERCONTINENTAL AIRPORT, TX US","2022-07-02","8.05",,"85","96","78","  200"
"USW00012960","HOUSTON INTERCONTINENTAL AIRPORT, TX US","2022-07-03","7.83",,"87","99","76","  130"
"USW00012960","HOUSTON INTERCONTINENTAL AIRPORT, TX US","2022-07-04","7.16",,"87","97","76","  130"
"USW00012960","HOUSTON INTERCONTINENTAL AIRPORT, TX US","2022-07-05","8.05",,"88","100","79","  130"
"USW00012960","HOUSTON INTERCONTINENTAL AIRPORT, TX US","2022-07-06","7.16",,"86","96","77","  140"
"USW00012960","HOUSTON INTERCONTINENTAL AIRPORT, TX US","2022-07-07","5.82",,"86","98","76","  150"
"USW00012960","HOUSTON INTERCONTINENTAL AIRPORT, TX US","2022-07-08","5.37",,"87","102","74","  150"
"USW00012960","HOUSTON INTERCONTINENTAL AIRPORT, TX US","2022-07-09","7.38",,"89","101","80","  280"
"USW00012960","HOUSTON INTERCONTINENTAL AIRPORT, TX US","2022-07-10","7.16",,"92","105","82","  200"
"USW00012960","HOUSTON INTERCONTINENTAL AIRPORT, TX US","2022-07-11","7.38",,"91","103","83","  150"
"USW00012960","HOUSTON INTERCONTINENTAL AIRPORT, TX US","2022-07-12","7.38",,"90","102","82","  150"
"USW00012960","HOUSTON INTERCONTINENTAL AIRPORT, TX US","2022-07-13","6.26",,"89","102","78","  140"
"USW00012960","HOUSTON INTERCONTINENTAL AIRPORT, TX US","2022-07-14","7.38",,"87","101","77","  140"
"USW00012960","HOUSTON INTERCONTINENTAL AIRPORT, TX US","2022-07-15","7.61",,"81","95","75","  160"
"USW00012960","HOUSTON INTERCONTINENTAL AIRPORT, TX US","2022-07-16","5.37",,"84","98","74","  120"
"USW00012960","HOUSTON INTERCONTINENTAL AIRPORT, TX US","2022-07-17","7.16",,"88","100","78","  130"
"USW00012960","HOUSTON INTERCONTINENTAL AIRPORT, TX US","2022-07-18","7.83",,"88","100","80","  180"
"USW00012960","HOUSTON INTERCONTINENTAL AIRPORT, TX US","2022-07-19","10.07",,"89","101","81","  150"
"USW00012960","HOUSTON INTERCONTINENTAL AIRPORT, TX US","2022-07-20","8.50",,"89","101","81","  170"
"USW00012960","HOUSTON INTERCONTINENTAL AIRPORT, TX US","2022-07-21","7.38",,"88","100","78","  140"
"USW00012960","HOUSTON INTERCONTINENTAL AIRPORT, TX US","2022-07-22","6.71",,"85","96","77","   60"
"USW00012960","HOUSTON INTERCONTINENTAL AIRPORT, TX US","2022-07-23","7.83",,"83","96","75","  160"
"USW00012960","HOUSTON INTERCONTINENTAL AIRPORT, TX US","2022-07-24","7.16",,"86","99","76","  110"
"USW00012960","HOUSTON INTERCONTINENTAL AIRPORT, TX US","2022-07-25","7.61",,"87","99","76","  150"
"USW00012960","HOUSTON INTERCONTINENTAL AIRPORT, TX US","2022-07-26","7.61",,"87","97","77","  140"
"USW00012960","HOUSTON INTERCONTINENTAL AIRPORT, TX US","2022-07-27","6.26",,"86","95","77","  140"
"USW00012960","HOUSTON INTERCONTINENTAL AIRPORT, TX US","2022-07-28","5.82",,"85","98","78","  180"
"USW00012960","HOUSTON INTERCONTINENTAL AIRPORT, TX US","2022-07-29","7.16",,"85","95","75","  150"
"USW00012960","HOUSTON INTERCONTINENTAL AIRPORT, TX US","2022-07-30","7.61",,"86","96","77","  140"
"USW00012960","HOUSTON INTERCONTINENTAL AIRPORT, TX US","2022-07-31","8.50",,"87","99","77","  140"
"USW00012960","HOUSTON INTERCONTINENTAL AIRPORT, TX US","2022-08-01","7.83",,"86","96","76","  170"
"USW00012960","HOUSTON INTERCONTINENTAL AIRPORT, TX US","2022-08-02","8.05",,"88","101","80","  150"
"USW00012960","HOUSTON INTERCONTINENTAL AIRPORT, TX US","2022-08-03","8.50",,"88","101","80","  170"
"USW00012960","HOUSTON INTERCONTINENTAL AIRPORT, TX US","2022-08-04","7.61",,"88","101","78","  130"
"USW00012960","HOUSTON INTERCONTINENTAL AIRPORT, TX US","2022-08-05","6.49",,"84","94","74","  140"
"USW00012960","HOUSTON INTERCONTINENTAL AIRPORT, TX US","2022-08-06","6.49",,"79","92","74","  140"
"USW00012960","HOUSTON INTERCONTINENTAL AIRPORT, TX US","2022-08-07","6.93",,"84","97","75","  120"
"USW00012960","HOUSTON INTERCONTINENTAL AIRPORT, TX US","2022-08-08","6.93",,"85","98","76","  130"
"USW00012960","HOUSTON INTERCONTINENTAL AIRPORT, TX US","2022-08-09","6.71",,"87","98","76","  120"
"USW00012960","HOUSTON INTERCONTINENTAL AIRPORT, TX US","2022-08-10","3.58",,"87","102","71","   80"
"USW00012960","HOUSTON INTERCONTINENTAL AIRPORT, TX US","2022-08-11","4.92",,"80","95","74","   10"
"USW00012960","HOUSTON INTERCONTINENTAL AIRPORT, TX US","2022-08-12","6.71",,"85","96","76","   70"
"USW00012960","HOUSTON INTERCONTINENTAL AIRPORT, TX US","2022-08-13","11.41",,"85","95","78","  140"
"USW00012960","HOUSTON INTERCONTINENTAL AIRPORT, TX US","2022-08-14","8.28",,"83","93","76","  160"
"USW00012960","HOUSTON INTERCONTINENTAL AIRPORT, TX US","2022-08-15","6.26",,"84","95","75","  130"
"USW00012960","HOUSTON INTERCONTINENTAL AIRPORT, TX US","2022-08-16","4.70",,"85","99","74",
"USW00012960","HOUSTON INTERCONTINENTAL AIRPORT, TX US","2022-08-17","5.82",,"87","99","78","  160"
"USW00012960","HOUSTON INTERCONTINENTAL AIRPORT, TX US","2022-08-18","6.26",,"86","95","74","  330"
"USW00012960","HOUSTON INTERCONTINENTAL AIRPORT, TX US","2022-08-19","4.03",,"75","77","74","  180"
"USW00012960","HOUSTON INTERCONTINENTAL AIRPORT, TX US","2022-08-20","5.59",,"79","91","73","  170"
"USW00012960","HOUSTON INTERCONTINENTAL AIRPORT, TX US","2022-08-21","7.38",,"82","93","75","  220"
"USW00012960","HOUSTON INTERCONTINENTAL AIRPORT, TX US","2022-08-22","7.61",,"86","95","79","  240"
"USW00012960","HOUSTON INTERCONTINENTAL AIRPORT, TX US","2022-08-23","5.82",,"84","93","75","  250"
"USW00012960","HOUSTON INTERCONTINENTAL AIRPORT, TX US","2022-08-24","5.14",,"83","86","78","  360"
"USW00012960","HOUSTON INTERCONTINENTAL AIRPORT, TX US","2022-08-25","4.47",,"83","96","76","   50"
"USW00012960","HOUSTON INTERCONTINENTAL AIRPORT, TX US","2022-08-26","5.37",,"84","94","76","  150"
"USW00012960","HOUSTON INTERCONTINENTAL AIRPORT, TX US","2022-08-27","5.82",,"83","91","76","  150"
"USW00012960","HOUSTON INTERCONTINENTAL AIRPORT, TX US","2022-08-28","7.83",,"83","95","75","  140"
"USW00012960","HOUSTON INTERCONTINENTAL AIRPORT, TX US","2022-08-29","6.93",,"81","89","76","  160"
"USW00012960","HOUSTON INTERCONTINENTAL AIRPORT, TX US","2022-08-30","4.92",,"79","85","74","  270"
"USW00012960","HOUSTON INTERCONTINENTAL AIRPORT, TX US","2022-08-31","3.80",,"81","95","75","  250"
"USW00012960","HOUSTON INTERCONTINENTAL AIRPORT, TX US","2022-09-01","4.47",,"82","94","74","  180"
"USW00012960","HOUSTON INTERCONTINENTAL AIRPORT, TX US","2022-09-02","4.70",,"80","92","74","  160"
"USW00012960","HOUSTON INTERCONTINENTAL AIRPORT, TX US","2022-09-03","5.14",,"79","93","73","  100"
"USW00012960","HOUSTON INTERCONTINENTAL AIRPORT, TX US","2022-09-04","3.58",,"77","83","73","  170"
"USW00012960","HOUSTON INTERCONTINENTAL AIRPORT, TX US","2022-09-05","3.13",,"79","87","72","  220"
"USW00012960","HOUSTON INTERCONTINENTAL AIRPORT, TX US","2022-09-06","4.47",,"80","90","71","  140"
"USW00012960","HOUSTON INTERCONTINENTAL AIRPORT, TX US","2022-09-07","3.36",,"80","94","71","   20"
"USW00012960","HOUSTON INTERCONTINENTAL AIRPORT, TX US","2022-09-08","5.59",,"79","92","71","   70"
"USW00012960","HOUSTON INTERCONTINENTAL AIRPORT, TX US","2022-09-09","4.25",,"80","92","70","  110"
"USW00012960","HOUSTON INTERCONTINENTAL AIRPORT, TX US","2022-09-10","4.92",,"80","93","72","   30"
"USW00012960","HOUSTON INTERCONTINENTAL AIRPORT, TX US","2022-09-11","5.37",,"83","95","73","   10"
"USW00012960","HOUSTON INTERCONTINENTAL AIRPORT, TX US","2022-09-12","5.37",,"81","91","72","   10"
"USW00012960","HOUSTON INTERCONTINENTAL AIRPORT, TX US","2022-09-13","5.14",,"78","92","67","  360"
"USW00012960","HOUSTON INTERCONTINENTAL AIRPORT, TX US","2022-09-14","6.71",,"77","89","66","   80"
"USW00012960","HOUSTON INTERCONTINENTAL AIRPORT, TX US","2022-09-15","8.05",,"78","92","67","  100"
"USW00012960","HOUSTON INTERCONTINENTAL AIRPORT, TX US","2022-09-16","8.05",,"80","90","73","  130"
"USW00012960","HOUSTON INTERCONTINENTAL AIRPORT, TX US","2022-09-17","5.59",,"81","93","74","  150"
"USW00012960","HOUSTON INTERCONTINENTAL AIRPORT, TX US","2022-09-18","5.14",,"81","94","72","  130"
"USW00012960","HOUSTON INTERCONTINENTAL AIRPORT, TX US","2022-09-19","5.14",,"82","93","73","  210"
"USW00012960","HOUSTON INTERCONTINENTAL AIRPORT, TX US","2022-09-20","3.13",,"82","95","72","  120"
"USW00012960","HOUSTON INTERCONTINENTAL AIRPORT, TX US","2022-09-21","3.80",,"82","94","71","  110"
"USW00012960","HOUSTON INTERCONTINENTAL AIRPORT, TX US","2022-09-22","4.47",,"84","98","73","   60"
"USW00012960","HOUSTON INTERCONTINENTAL AIRPORT, TX US","2022-09-23","5.82",,"84","96","73","  140"
"USW00012960","HOUSTON INTERCONTINENTAL AIRPORT, TX US","2022-09-24","4.92",,"83","95","69","  130"
"USW00012960","HOUSTON INTERCONTINENTAL AIRPORT, TX US","2022-09-25","2.91",,"83","96","70","  120"
"USW00012960","HOUSTON INTERCONTINENTAL AIRPORT, TX US","2022-09-26","8.72",,"83","93","69","   40"
"USW00012960","HOUSTON INTERCONTINENTAL AIRPORT, TX US","2022-09-27","7.16",,"76","90","59","   70"
"USW00012960","HOUSTON INTERCONTINENTAL AIRPORT, TX US","2022-09-28","5.14",,"74","88","59","   20"
"USW00012960","HOUSTON INTERCONTINENTAL AIRPORT, TX US","2022-09-29","7.83",,"72","86","62","   90"
"USW00012960","HOUSTON INTERCONTINENTAL AIRPORT, TX US","2022-09-30","5.14",,"71","84","55","   50"
"USW00012960","HOUSTON INTERCONTINENTAL AIRPORT, TX US","2022-10-01","3.36",,"69","85","52","   10"
"USW00012960","HOUSTON INTERCONTINENTAL AIRPORT, TX US","2022-10-02","3.80",,"70","86","55","   50"
"USW00012960","HOUSTON INTERCONTINENTAL AIRPORT, TX US","2022-10-03","3.80",,"72","89","59","   20"
"USW00012960","HOUSTON INTERCONTINENTAL AIRPORT, TX US","2022-10-04","4.92",,"71","86","60","   30"
"USW00012960","HOUSTON INTERCONTINENTAL AIRPORT, TX US","2022-10-05","3.80",,"71","87","58","  160"
"USW00012960","HOUSTON INTERCONTINENTAL AIRPORT, TX US","2022-10-06","4.25",,"74","90","60","   40"
"USW00012960","HOUSTON INTERCONTINENTAL AIRPORT, TX US","2022-10-07","3.36",,"74","88","61","  340"
"USW00012960","HOUSTON INTERCONTINENTAL AIRPORT, TX US","2022-10-08","8.28",,"76","89","66","   50"
"USW00012960","HOUSTON INTERCONTINENTAL AIRPORT, TX US","2022-10-09","5.59",,"74","88","60","  110"
"USW00012960","HOUSTON INTERCONTINENTAL AIRPORT, TX US","2022-10-10","7.16",,"73","87","60","  180"
"USW00012960","HOUSTON INTERCONTINENTAL AIRPORT, TX US","2022-10-11","6.93",,"71","86","60","  150"
"USW00012960","HOUSTON INTERCONTINENTAL AIRPORT, TX US","2022-10-12","4.25",,"78","94","68","  140"
"USW00012960","HOUSTON INTERCONTINENTAL AIRPORT, TX US","2022-10-13","6.71",,"80","88","66","  120"
"USW00012960","HOUSTON INTERCONTINENTAL AIRPORT, TX US","2022-10-14","6.26",,"74","87","61","  170"
"USW00012960","HOUSTON INTERCONTINENTAL AIRPORT, TX US","2022-10-15","5.82",,"75","91","62","  120"
"USW00012960","HOUSTON INTERCONTINENTAL AIRPORT, TX US","2022-10-16","4.70",,"77","92","66","  140"
"USW00012960","HOUSTON INTERCONTINENTAL AIRPORT, TX US","2022-10-17","10.51",,"71","74","60","   20"
"USW00012960","HOUSTON INTERCONTINENTAL AIRPORT, TX US","2022-10-18","10.51",,"60","68","50","  340"
"USW00012960","HOUSTON INTERCONTINENTAL AIRPORT, TX US","2022-10-19","4.25",,"55","68","42","   40"
"USW00012960","HOUSTON INTERCONTINENTAL AIRPORT, TX US","2022-10-20","6.26",,"60","82","45","   99"
"USW00012960","HOUSTON INTERCONTINENTAL AIRPORT, TX US","2022-10-21","7.61",,"71","84","60","  230"
"USW00012960","HOUSTON INTERCONTINENTAL AIRPORT, TX US","2022-10-22","9.62",,"73","85","59","  160"
"USW00012960","HOUSTON INTERCONTINENTAL AIRPORT, TX US","2022-10-23","12.75",,"76","86","67","  150"
"USW00012960","HOUSTON INTERCONTINENTAL AIRPORT, TX US","2022-10-24","13.65",,"77","81","58","  290"
"USW00012960","HOUSTON INTERCONTINENTAL AIRPORT, TX US","2022-10-25","10.74",,"68","74","50","  290"
"USW00012960","HOUSTON INTERCONTINENTAL AIRPORT, TX US","2022-10-26","4.25",,"60","75","47","  100"
"USW00012960","HOUSTON INTERCONTINENTAL AIRPORT, TX US","2022-10-27","6.26",,"61","77","47","  150"
"USW00012960","HOUSTON INTERCONTINENTAL AIRPORT, TX US","2022-10-28","10.74",,"65","70","60","  110"
"USW00012960","HOUSTON INTERCONTINENTAL AIRPORT, TX US","2022-10-29","8.72",,"61","67","56","  290"
"USW00012960","HOUSTON INTERCONTINENTAL AIRPORT, TX US","2022-10-30","5.14",,"62","76","53","  300"
"USW00012960","HOUSTON INTERCONTINENTAL AIRPORT, TX US","2022-10-31","2.68",,"64","80","53","  110"
"USW00012960","HOUSTON INTERCONTINENTAL AIRPORT, TX US","2022-11-01","7.38",,"63","65","59","  120"
"USW00012960","HOUSTON INTERCONTINENTAL AIRPORT, TX US","2022-11-02","7.83",,"65","78","59","  120"
"USW00012960","HOUSTON INTERCONTINENTAL AIRPORT, TX US","2022-11-03","11.86",,"74","84","70","  150"
"USW00012960","HOUSTON INTERCONTINENTAL AIRPORT, TX US","2022-11-04","12.08",,"76","85","59","  320"
"USW00012960","HOUSTON INTERCONTINENTAL AIRPORT, TX US","2022-11-05","4.70",,"67","73","56","   20"
"USW00012960","HOUSTON INTERCONTINENTAL AIRPORT, TX US","2022-11-06","5.14",,"67","86","56","  290"
"USW00012960","HOUSTON INTERCONTINENTAL AIRPORT, TX US","2022-11-07","6.26",,"77","86","67","  110"
"USW00012960","HOUSTON INTERCONTINENTAL AIRPORT, TX US","2022-11-08","7.83",,"74","85","64","  140"
"USW00012960","HOUSTON INTERCONTINENTAL AIRPORT, TX US","2022-11-09","4.92",,"72","84","63","  110"
"USW00012960","HOUSTON INTERCONTINENTAL AIRPORT, TX US","2022-11-10","4.92",,"71","82","63","  120"
"USW00012960","HOUSTON INTERCONTINENTAL AIRPORT, TX US","2022-11-11","7.61",,"70","82","48","  340"
"USW00012960","HOUSTON INTERCONTINENTAL AIRPORT, TX US","2022-11-12","12.97",,"51","59","40","  360"
"USW00012960","HOUSTON INTERCONTINENTAL AIRPORT, TX US","2022-11-13","6.49",,"46","59","36","  110"
"USW00012960","HOUSTON INTERCONTINENTAL AIRPORT, TX US","2022-11-14","11.63",,"50","55","47","  340"
"USW00012960","HOUSTON INTERCONTINENTAL AIRPORT, TX US","2022-11-15","13.20",,"48","55","41","  340"
"USW00012960","HOUSTON INTERCONTINENTAL AIRPORT, TX US","2022-11-16","6.71",,"45","57","38","   30"
"USW00012960","HOUSTON INTERCONTINENTAL AIRPORT, TX US","2022-11-17","4.47",,"48","61","37","   40"
"USW00012960","HOUSTON INTERCONTINENTAL AIRPORT, TX US","2022-11-18","6.71",,"51","58","44","   80"
"USW00012960","HOUSTON INTERCONTINENTAL AIRPORT, TX US","2022-11-19","9.84",,"48","51","43","   10"
"USW00012960","HOUSTON INTERCONTINENTAL AIRPORT, TX US","2022-11-20","7.16",,"46","57","39","   40"
"USW00012960","HOUSTON INTERCONTINENTAL AIRPORT, TX US","2022-11-21","6.71",,"47","47","44","   50"
"USW00012960","HOUSTON INTERCONTINENTAL AIRPORT, TX US","2022-11-22","5.59",,"49","61","44","   70"
"USW00012960","HOUSTON INTERCONTINENTAL AIRPORT, TX US","2022-11-23","6.71",,"56","73","46","  140"
"USW00012960","HOUSTON INTERCONTINENTAL AIRPORT, TX US","2022-11-24","9.62",,"65","71","61","  330"
"USW00012960","HOUSTON INTERCONTINENTAL AIRPORT, TX US","2022-11-25","11.18",,"61","63","58","   70"
"USW00012960","HOUSTON INTERCONTINENTAL AIRPORT, TX US","2022-11-26","8.95",,"61","66","51","  260"
"USW00012960","HOUSTON INTERCONTINENTAL AIRPORT, TX US","2022-11-27","5.37",,"59","74","50","  270"
"USW00012960","HOUSTON INTERCONTINENTAL AIRPORT, TX US","2022-11-28","4.25",,"59","75","46","  140"
"USW00012960","HOUSTON INTERCONTINENTAL AIRPORT, TX US","2022-11-29","8.05",,"71","83","62","  200"
"USW00012960","HOUSTON INTERCONTINENTAL AIRPORT, TX US","2022-11-30","12.97",,"64","73","46","   30"
"USW00012960","HOUSTON INTERCONTINENTAL AIRPORT, TX US","2022-12-01","8.95",,"49","60","39","  100"
"USW00012960","HOUSTON INTERCONTINENTAL AIRPORT, TX US","2022-12-02","9.17",,"62","78","54","  150"
"USW00012960","HOUSTON INTERCONTINENTAL AIRPORT, TX US","2022-12-03","4.92",,"73","78","61","  320"
"USW00012960","HOUSTON INTERCONTINENTAL AIRPORT, TX US","2022-12-04","5.14",,"63","69","58","  170"
"USW00012960","HOUSTON INTERCONTINENTAL AIRPORT, TX US","2022-12-05","6.71",,"70","82","65","  210"
"USW00012960","HOUSTON INTERCONTINENTAL AIRPORT, TX US","2022-12-06","6.71",,"74","82","69","  190"
"USW00012960","HOUSTON INTERCONTINENTAL AIRPORT, TX US","2022-12-07","5.37",,"74","82","67","  150"
"USW00012960","HOUSTON INTERCONTINENTAL AIRPORT, TX US","2022-12-08","5.82",,"75","82","66","  160"
"USW00012960","HOUSTON INTERCONTINENTAL AIRPORT, TX US","2022-12-09","4.25",,"72","82","65","  170"
"USW00012960","HOUSTON INTERCONTINENTAL AIRPORT, TX US","2022-12-10","5.82",,"72","81","65","  160"
"USW00012960","HOUSTON INTERCONTINENTAL AIRPORT, TX US","2022-12-11","6.93",,"69","73","64","  140"
"USW00012960","HOUSTON INTERCONTINENTAL AIRPORT, TX US","2022-12-12","10.96",,"65","69","62","  120"
"USW00012960","HOUSTON INTERCONTINENTAL AIRPORT, TX US","2022-12-13","11.41",,"71","79","63","  180"
"USW00012960","HOUSTON INTERCONTINENTAL AIRPORT, TX US","2022-12-14","9.17",,"65","67","49","  360"
"USW00012960","HOUSTON INTERCONTINENTAL AIRPORT, TX US","2022-12-15","2.01",,"53","63","40","  180"
"USW00012960","HOUSTON INTERCONTINENTAL AIRPORT, TX US","2022-12-16","9.62",,"51","66","42","   20"
"USW00012960","HOUSTON INTERCONTINENTAL AIRPORT, TX US","2022-12-17","5.82",,"47","59","38","   20"
"USW00012960","HOUSTON INTERCONTINENTAL AIRPORT, TX US","2022-12-18","6.71",,"43","55","32","   80"
"USW00012960","HOUSTON INTERCONTINENTAL AIRPORT, TX US","2022-12-19","11.41",,"48","52","43","   70"
"USW00012960","HOUSTON INTERCONTINENTAL AIRPORT, TX US","2022-12-20","11.18",,"51","58","46","   10"
"USW00012960","HOUSTON INTERCONTINENTAL AIRPORT, TX US","2022-12-21","3.13",,"47","54","38","   30"
"USW00012960","HOUSTON INTERCONTINENTAL AIRPORT, TX US","2022-12-22","12.08",,"47","58","20","  340"
"USW00012960","HOUSTON INTERCONTINENTAL AIRPORT, TX US","2022-12-23","16.55",,"23","32","15","  340"
"USW00012960","HOUSTON INTERCONTINENTAL AIRPORT, TX US","2022-12-24","6.71",,"29","43","22","   10"
"USW00012960","HOUSTON INTERCONTINENTAL AIRPORT, TX US","2022-12-25","4.25",,"35","50","26","   80"
"USW00012960","HOUSTON INTERCONTINENTAL AIRPORT, TX US","2022-12-26","3.58",,"41","61","28","   10"
"USW00012960","HOUSTON INTERCONTINENTAL AIRPORT, TX US","2022-12-27","5.14",,"44","56","33","  340"
"USW00012960","HOUSTON INTERCONTINENTAL AIRPORT, TX US","2022-12-28","7.83",,"52","77","35","  220"
"USW00012960","HOUSTON INTERCONTINENTAL AIRPORT, TX US","2022-12-29","8.28",,"67","77","58","  140"
"USW00012960","HOUSTON INTERCONTINENTAL AIRPORT, TX US","2022-12-30","5.14",,"65","68","56","   30"
"USW00012960","HOUSTON INTERCONTINENTAL AIRPORT, TX US","2022-12-31","4.25",,"61","75","51","  220"
"USW00012960","HOUSTON INTERCONTINENTAL AIRPORT, TX US","2023-01-01","6.49",,"66","79","59","  150"
"USW00012960","HOUSTON INTERCONTINENTAL AIRPORT, TX US","2023-01-02","11.63",,"73","76","71","  170"
"USW00012960","HOUSTON INTERCONTINENTAL AIRPORT, TX US","2023-01-03","7.38",,"73","78","58","  180"
"USW00012960","HOUSTON INTERCONTINENTAL AIRPORT, TX US","2023-01-04","4.47",,"62","72","48","  300"
"USW00012960","HOUSTON INTERCONTINENTAL AIRPORT, TX US","2023-01-05","3.58",,"56","72","43","  360"
"USW00012960","HOUSTON INTERCONTINENTAL AIRPORT, TX US","2023-01-06","7.38",,"59","79","47","  150"
"USW00012960","HOUSTON INTERCONTINENTAL AIRPORT, TX US","2023-01-07","5.14",,"69","81","57","  250"
"USW00012960","HOUSTON INTERCONTINENTAL AIRPORT, TX US","2023-01-08","8.50",,"64","70","50","  350"
"USW00012960","HOUSTON INTERCONTINENTAL AIRPORT, TX US","2023-01-09","5.82",,"56","68","45","  140"
"USW00012960","HOUSTON INTERCONTINENTAL AIRPORT, TX US","2023-01-10","5.59",,"63","76","58","  190"
"USW00012960","HOUSTON INTERCONTINENTAL AIRPORT, TX US","2023-01-11","10.96",,"71","80","63","  240"
"USW00012960","HOUSTON INTERCONTINENTAL AIRPORT, TX US","2023-01-12","14.32",,"66","71","50","  330"
"USW00012960","HOUSTON INTERCONTINENTAL AIRPORT, TX US","2023-01-13","9.62",,"53","63","42","   40"
"USW00012960","HOUSTON INTERCONTINENTAL AIRPORT, TX US","2023-01-14","6.71",,"49","62","34","  130"
"USW00012960","HOUSTON INTERCONTINENTAL AIRPORT, TX US","2023-01-15","10.29",,"58","73","43","  150"
"USW00012960","HOUSTON INTERCONTINENTAL AIRPORT, TX US","2023-01-16","6.49",,"70","76","63","  200"
"USW00012960","HOUSTON INTERCONTINENTAL AIRPORT, TX US","2023-01-17","7.83",,"70","80","63","  130"
"USW00012960","HOUSTON INTERCONTINENTAL AIRPORT, TX US","2023-01-18","7.61",,"71","79","51","  320"
"USW00012960","HOUSTON INTERCONTINENTAL AIRPORT, TX US","2023-01-19","6.71",,"58","72","46","   10"
"USW00012960","HOUSTON INTERCONTINENTAL AIRPORT, TX US","2023-01-20","9.62",,"53","53","48","   80"
"USW00012960","HOUSTON INTERCONTINENTAL AIRPORT, TX US","2023-01-21","8.28",,"51","53","48","  110"
"USW00012960","HOUSTON INTERCONTINENTAL AIRPORT, TX US","2023-01-22","8.05",,"52","61","40","  290"
"USW00012960","HOUSTON INTERCONTINENTAL AIRPORT, TX US","2023-01-23","7.61",,"47","59","35","   50"
"USW00012960","HOUSTON INTERCONTINENTAL AIRPORT, TX US","2023-01-24","14.54",,"51","60","45","  120"
"USW00012960","HOUSTON INTERCONTINENTAL AIRPORT, TX US","2023-01-25","10.51",,"46","52","38","  300"
"USW00012960","HOUSTON INTERCONTINENTAL AIRPORT, TX US","2023-01-26","3.80",,"45","58","35","  350"
"USW00012960","HOUSTON INTERCONTINENTAL AIRPORT, TX US","2023-01-27","4.70",,"45","56","34","  130"
"USW00012960","HOUSTON INTERCONTINENTAL AIRPORT, TX US","2023-01-28","10.29",,"59","70","55","  160"
"USW00012960","HOUSTON INTERCONTINENTAL AIRPORT, TX US","2023-01-29","6.71",,"67","74","51","  290"
"USW00012960","HOUSTON INTERCONTINENTAL AIRPORT, TX US","2023-01-30","11.41",,"49","51","36","   10"
"USW00012960","HOUSTON INTERCONTINENTAL AIRPORT, TX US","2023-01-31","11.86",,"39","43","36","   20"
"USW00012960","HOUSTON INTERCONTINENTAL AIRPORT, TX US","2023-02-01","10.74",,"38","40","36","  360"
"USW00012960","HOUSTON INTERCONTINENTAL AIRPORT, TX US","2023-02-02","9.84",,"39","41","38","  330"
"USW00012960","HOUSTON INTERCONTINENTAL AIRPORT, TX US","2023-02-03","7.38",,"45","59","39","  350"
"USW00012960","HOUSTON INTERCONTINENTAL AIRPORT, TX US","2023-02-04","5.82",,"48","63","35","  120"
"USW00012960","HOUSTON INTERCONTINENTAL AIRPORT, TX US","2023-02-05","4.92",,"57","74","45","  220"
"USW00012960","HOUSTON INTERCONTINENTAL AIRPORT, TX US","2023-02-06","11.41",,"63","73","49","  160"
"USW00012960","HOUSTON INTERCONTINENTAL AIRPORT, TX US","2023-02-07","12.08",,"65","74","58","  150"
"USW00012960","HOUSTON INTERCONTINENTAL AIRPORT, TX US","2023-02-08","11.18",,"68","78","44","  270"
"USW00012960","HOUSTON INTERCONTINENTAL AIRPORT, TX US","2023-02-09","2.91",,"52","72","40","  140"
"USW00012960","HOUSTON INTERCONTINENTAL AIRPORT, TX US","2023-02-10","10.51",,"53","59","42","  360"
"USW00012960","HOUSTON INTERCONTINENTAL AIRPORT, TX US","2023-02-11","9.40",,"45","54","39","  330"
"USW00012960","HOUSTON INTERCONTINENTAL AIRPORT, TX US","2023-02-12","3.13",,"49","65","38","  210"
"USW00012960","HOUSTON INTERCONTINENTAL AIRPORT, TX US","2023-02-13","6.71",,"55","73","40","  150"
"USW00012960","HOUSTON INTERCONTINENTAL AIRPORT, TX US","2023-02-14","10.29",,"68","80","60","  230"
"USW00012960","HOUSTON INTERCONTINENTAL AIRPORT, TX US","2023-02-15","9.62",,"70","78","64","  150"
"USW00012960","HOUSTON INTERCONTINENTAL AIRPORT, TX US","2023-02-16","15.21",,"64","72","45","  320"
"USW00012960","HOUSTON INTERCONTINENTAL AIRPORT, TX US","2023-02-17","12.75",,"45","54","36","  340"
"USW00012960","HOUSTON INTERCONTINENTAL AIRPORT, TX US","2023-02-18","4.70",,"44","55","33","  100"
"USW00012960","HOUSTON INTERCONTINENTAL AIRPORT, TX US","2023-02-19","4.47",,"55","75","43","  210"
"USW00012960","HOUSTON INTERCONTINENTAL AIRPORT, TX US","2023-02-20","8.28",,"69","79","63","  260"
"USW00012960","HOUSTON INTERCONTINENTAL AIRPORT, TX US","2023-02-21","12.53",,"73","82","69","  150"
"USW00012960","HOUSTON INTERCONTINENTAL AIRPORT, TX US","2023-02-22","11.41",,"73","81","70","  160"
"USW00012960","HOUSTON INTERCONTINENTAL AIRPORT, TX US","2023-02-23","8.05",,"75","83","70","  160"
"USW00012960","HOUSTON INTERCONTINENTAL AIRPORT, TX US","2023-02-24","8.95",,"72","79","69","  130"
"USW00012960","HOUSTON INTERCONTINENTAL AIRPORT, TX US","2023-02-25","7.61",,"71","82","62","  100"
"USW00012960","HOUSTON INTERCONTINENTAL AIRPORT, TX US","2023-02-26","11.86",,"73","82","70","  140"
"USW00012960","HOUSTON INTERCONTINENTAL AIRPORT, TX US","2023-02-27","7.83",,"74","84","59","  190"
"USW00012960","HOUSTON INTERCONTINENTAL AIRPORT, TX US","2023-02-28","7.61",,"71","84","56","  150"
"USW00012960","HOUSTON INTERCONTINENTAL AIRPORT, TX US","2023-03-01","10.51",,"75","84","71","  160"
"USW00012960","HOUSTON INTERCONTINENTAL AIRPORT, TX US","2023-03-02","12.75",,"75","79","65","  160"
"USW00012960","HOUSTON INTERCONTINENTAL AIRPORT, TX US","2023-03-03","11.18",,"66","72","53","  310"
"USW00012960","HOUSTON INTERCONTINENTAL AIRPORT, TX US","2023-03-04","3.80",,"61","80","46","  130"
"USW00012960","HOUSTON INTERCONTINENTAL AIRPORT, TX US","2023-03-05","5.82",,"63","78","50","  150"
"USW00012960","HOUSTON INTERCONTINENTAL AIRPORT, TX US","2023-03-06","4.25",,"67","83","55","  140"
"USW00012960","HOUSTON INTERCONTINENTAL AIRPORT, TX US","2023-03-07","7.38",,"73","83","67","  130"
"USW00012960","HOUSTON INTERCONTINENTAL AIRPORT, TX US","2023-03-08","6.93",,"74","87","66","  140"
"USW00012960","HOUSTON INTERCONTINENTAL AIRPORT, TX US","2023-03-09","6.71",,"73","86","62","  160"
"USW00012960","HOUSTON INTERCONTINENTAL AIRPORT, TX US","2023-03-10","5.59",,"72","79","63","   40"
"USW00012960","HOUSTON INTERCONTINENTAL AIRPORT, TX US","2023-03-11","9.84",,"72","86","63","  200"
"USW00012960","HOUSTON INTERCONTINENTAL AIRPORT, TX US","2023-03-12","12.75",,"75","84","59","  330"
"USW00012960","HOUSTON INTERCONTINENTAL AIRPORT, TX US","2023-03-13","11.63",,"60","71","53","   40"
"USW00012960","HOUSTON INTERCONTINENTAL AIRPORT, TX US","2023-03-14","9.84",,"59","67","50","   90"
"USW00012960","HOUSTON INTERCONTINENTAL AIRPORT, TX US","2023-03-15","10.96",,"56","70","44","  150"
"USW00012960","HOUSTON INTERCONTINENTAL AIRPORT, TX US","2023-03-16","12.53",,"66","75","63","  150"
"USW00012960","HOUSTON INTERCONTINENTAL AIRPORT, TX US","2023-03-17","15.43",,"57","72","45","  340"
"USW00012960","HOUSTON INTERCONTINENTAL AIRPORT, TX US","2023-03-18","9.40",,"51","56","47","   50"
"USW00012960","HOUSTON INTERCONTINENTAL AIRPORT, TX US","2023-03-19","6.49",,"49","59","39","   10"
"USW00012960","HOUSTON INTERCONTINENTAL AIRPORT, TX US","2023-03-20","10.74",,"47","56","37","  130"
"USW00012960","HOUSTON INTERCONTINENTAL AIRPORT, TX US","2023-03-21","14.76",,"61","73","53","  160"
"USW00012960","HOUSTON INTERCONTINENTAL AIRPORT, TX US","2023-03-22","11.41",,"73","83","68","  150"
"USW00012960","HOUSTON INTERCONTINENTAL AIRPORT, TX US","2023-03-23","13.42",,"75","85","71","  150"
"USW00012960","HOUSTON INTERCONTINENTAL AIRPORT, TX US","2023-03-24","9.62",,"74","83","70","  170"
"USW00012960","HOUSTON INTERCONTINENTAL AIRPORT, TX US","2023-03-25","3.80",,"74","85","60","   10"
"USW00012960","HOUSTON INTERCONTINENTAL AIRPORT, TX US","2023-03-26","4.92",,"66","82","54","  310"
"USW00012960","HOUSTON INTERCONTINENTAL AIRPORT, TX US","2023-03-27","6.93",,"68","77","63","  120"
"USW00012960","HOUSTON INTERCONTINENTAL AIRPORT, TX US","2023-03-28","13.20",,"71","77","62","   30"
"USW00012960","HOUSTON INTERCONTINENTAL AIRPORT, TX US","2023-03-29","9.17",,"63","68","56","   70"
"USW00012960","HOUSTON INTERCONTINENTAL AIRPORT, TX US","2023-03-30","12.97",,"65","76","58","  130"
"USW00012960","HOUSTON INTERCONTINENTAL AIRPORT, TX US","2023-03-31","11.41",,"76","84","73","  140"
"USW00012960","HOUSTON INTERCONTINENTAL AIRPORT, TX US","2023-04-01","6.26",,"78","89","65","   20"
"USW00012960","HOUSTON INTERCONTINENTAL AIRPORT, TX US","2023-04-02","8.72",,"73","83","63","  150"
"USW00012960","HOUSTON INTERCONTINENTAL AIRPORT, TX US","2023-04-03","10.29",,"78","87","74","  140"
"USW00012960","HOUSTON INTERCONTINENTAL AIRPORT, TX US","2023-04-04","13.42",,"77","83","73","  160"
"USW00012960","HOUSTON INTERCONTINENTAL AIRPORT, TX US","2023-04-05","12.97",,"75","81","55","  150"
"USW00012960","HOUSTON INTERCONTINENTAL AIRPORT, TX US","2023-04-06","12.30",,"59","64","55","   50"
"USW00012960","HOUSTON INTERCONTINENTAL AIRPORT, TX US","2023-04-07","10.74",,"58","59","54","   80"
"USW00012960","HOUSTON INTERCONTINENTAL AIRPORT, TX US","2023-04-08","8.05",,"57","72","54","  350"
"USW00012960","HOUSTON INTERCONTINENTAL AIRPORT, TX US","2023-04-09","6.04",,"65","72","57","   60"
"USW00012960","HOUSTON INTERCONTINENTAL AIRPORT, TX US","2023-04-10","6.49",,"63","68","57","   70"
"USW00012960","HOUSTON INTERCONTINENTAL AIRPORT, TX US","2023-04-11","8.28",,"65","77","58","   30"
"USW00012960","HOUSTON INTERCONTINENTAL AIRPORT, TX US","2023-04-12","5.59",,"65","76","55","   50"
"USW00012960","HOUSTON INTERCONTINENTAL AIRPORT, TX US","2023-04-13","4.03",,"65","79","53","  140"
"USW00012960","HOUSTON INTERCONTINENTAL AIRPORT, TX US","2023-04-14","8.50",,"69","78","57","  160"
"USW00012960","HOUSTON INTERCONTINENTAL AIRPORT, TX US","2023-04-15","8.95",,"77","90","69","   10"
"USW00012960","HOUSTON INTERCONTINENTAL AIRPORT, TX US","2023-04-16","11.18",,"70","76","55","   20"
"USW00012960","HOUSTON INTERCONTINENTAL AIRPORT, TX US","2023-04-17","6.71",,"64","76","50","  150"
"USW00012960","HOUSTON INTERCONTINENTAL AIRPORT, TX US","2023-04-18","8.50",,"66","78","60","  170"
"USW00012960","HOUSTON INTERCONTINENTAL AIRPORT, TX US","2023-04-19","12.53",,"72","84","65","  130"
"USW00012960","HOUSTON INTERCONTINENTAL AIRPORT, TX US","2023-04-20","12.08",,"74","78","64","  340"
"USW00012960","HOUSTON INTERCONTINENTAL AIRPORT, TX US","2023-04-21","7.83",,"70","78","63","  110"
"USW00012960","HOUSTON INTERCONTINENTAL AIRPORT, TX US","2023-04-22","10.96",,"68","77","56","  120"
"USW00012960","HOUSTON INTERCONTINENTAL AIRPORT, TX US","2023-04-23","12.75",,"63","65","56","   50"
"USW00012960","HOUSTON INTERCONTINENTAL AIRPORT, TX US","2023-04-24","10.07",,"61","74","54","   70"
"USW00012960","HOUSTON INTERCONTINENTAL AIRPORT, TX US","2023-04-25","11.41",,"67","78","60","  150"
"USW00012960","HOUSTON INTERCONTINENTAL AIRPORT, TX US","2023-04-26","13.20",,"71","81","65","  140"
"USW00012960","HOUSTON INTERCONTINENTAL AIRPORT, TX US","2023-04-27","8.28",,"69","76","60","  110"
"USW00012960","HOUSTON INTERCONTINENTAL AIRPORT, TX US","2023-04-28","9.84",,"69","82","56","  110"
"USW00012960","HOUSTON INTERCONTINENTAL AIRPORT, TX US","2023-04-29","12.30",,"64","70","56","  330"
"USW00012960","HOUSTON INTERCONTINENTAL AIRPORT, TX US","2023-04-30","6.49",,"67","85","53","  250"
"USW00012960","HOUSTON INTERCONTINENTAL AIRPORT, TX US","2023-05-01","5.37",,"71","83","55","   60"
"USW00012960","HOUSTON INTERCONTINENTAL AIRPORT, TX US","2023-05-02","5.14",,"71","81","63","  110"
"USW00012960","HOUSTON INTERCONTINENTAL AIRPORT, TX US","2023-05-03","5.82",,"73","85","63","  110"
"USW00012960","HOUSTON INTERCONTINENTAL AIRPORT, TX US","2023-05-04","8.05",,"73","82","63","  150"
"USW00012960","HOUSTON INTERCONTINENTAL AIRPORT, TX US","2023-05-05","8.05",,"80","92","74","  150"
"USW00012960","HOUSTON INTERCONTINENTAL AIRPORT, TX US","2023-05-06","12.75",,"78","90","67","  320"
"USW00012960","HOUSTON INTERCONTINENTAL AIRPORT, TX US","2023-05-07","9.40",,"76","79","74","  140"
"USW00012960","HOUSTON INTERCONTINENTAL AIRPORT, TX US","2023-05-08","9.84",,"77","84","63","  350"
"USW00012960","HOUSTON INTERCONTINENTAL AIRPORT, TX US","2023-05-09","7.38",,"70","78","67","  230"
"USW00012960","HOUSTON INTERCONTINENTAL AIRPORT, TX US","2023-05-10","5.82",,"70","74","66","   40"
"USW00012960","HOUSTON INTERCONTINENTAL AIRPORT, TX US","2023-05-11","11.63",,"77","86","71","  150"
"USW00012960","HOUSTON INTERCONTINENTAL AIRPORT, TX US","2023-05-12","13.65",,"80","88","77","  140"
"USW00012960","HOUSTON INTERCONTINENTAL AIRPORT, TX US","2023-05-13","8.50",,"76","79","68","  140"
"USW00012960","HOUSTON INTERCONTINENTAL AIRPORT, TX US","2023-05-14","7.83",,"74","83","69","  150"
"USW00012960","HOUSTON INTERCONTINENTAL AIRPORT, TX US","2023-05-15","5.14",,"75","86","69","  310"
"USW00012960","HOUSTON INTERCONTINENTAL AIRPORT, TX US","2023-05-16","5.82",,"75","88","67","  140"
"USW00012960","HOUSTON INTERCONTINENTAL AIRPORT, TX US","2023-05-17","4.47",,"74","86","67","  350"
"USW00012960","HOUSTON INTERCONTINENTAL AIRPORT, TX US","2023-05-18","4.03",,"76","90","65","   30"
"USW00012960","HOUSTON INTERCONTINENTAL AIRPORT, TX US","2023-05-19","5.82",,"81","92","70","  140"
"USW00012960","HOUSTON INTERCONTINENTAL AIRPORT, TX US","2023-05-20","8.05",,"81","90","72","   10"
"USW00012960","HOUSTON INTERCONTINENTAL AIRPORT, TX US","2023-05-21","5.59",,"74","80","68","   30"
"USW00012960","HOUSTON INTERCONTINENTAL AIRPORT, TX US","2023-05-22","4.92",,"75","86","69","   20"
"USW00012960","HOUSTON INTERCONTINENTAL AIRPORT, TX US","2023-05-23","4.03",,"76","88","68","   20"
"USW00012960","HOUSTON INTERCONTINENTAL AIRPORT, TX US","2023-05-24","5.82",,"77","87","67","   50"
"USW00012960","HOUSTON INTERCONTINENTAL AIRPORT, TX US","2023-05-25","6.04",,"77","86","68","   30"
"USW00012960","HOUSTON INTERCONTINENTAL AIRPORT, TX US","2023-05-26","5.82",,"78","90","69","   30"
"USW00012960","HOUSTON INTERCONTINENTAL AIRPORT, TX US","2023-05-27","4.47",,"79","89","68","   50"
"USW00012960","HOUSTON INTERCONTINENTAL AIRPORT, TX US","2023-05-28","4.47",,"78","88","68","  110"
"USW00012960","HOUSTON INTERCONTINENTAL AIRPORT, TX US","2023-05-29","5.82",,"78","86","69","   30"
"USW00012960","HOUSTON INTERCONTINENTAL AIRPORT, TX US","2023-05-30","4.92",,"77","90","67","  340"
"USW00012960","HOUSTON INTERCONTINENTAL AIRPORT, TX US","2023-05-31","5.59",,"77","89","69","  150"
"USW00012960","HOUSTON INTERCONTINENTAL AIRPORT, TX US","2023-06-01","5.37",,"79","89","67","  140"
"USW00012960","HOUSTON INTERCONTINENTAL AIRPORT, TX US","2023-06-02","4.25",,"80","91","69","  170"
"USW00012960","HOUSTON INTERCONTINENTAL AIRPORT, TX US","2023-06-03","5.37",,"82","94","72","   50"
"USW00012960","HOUSTON INTERCONTINENTAL AIRPORT, TX US","2023-06-04","4.70",,"77","84","66","  320"
"USW00012960","HOUSTON INTERCONTINENTAL AIRPORT, TX US","2023-06-05",,,"76","89","68",
"USW00012960","HOUSTON INTERCONTINENTAL AIRPORT, TX US","2023-06-06","4.70",,"74","86","68","  160"
"USW00012960","HOUSTON INTERCONTINENTAL AIRPORT, TX US","2023-06-07","2.46",,"76","90","68","  310"
"USW00012960","HOUSTON INTERCONTINENTAL AIRPORT, TX US","2023-06-08","5.59",,"78","91","69","  290"
"USW00012960","HOUSTON INTERCONTINENTAL AIRPORT, TX US","2023-06-09","3.58",,"77","95","67","  160"
"USW00012960","HOUSTON INTERCONTINENTAL AIRPORT, TX US","2023-06-10","7.38",,"83","93","69","   40"
"USW00012960","HOUSTON INTERCONTINENTAL AIRPORT, TX US","2023-06-11","6.71",,"81","94","69","  160"
"USW00012960","HOUSTON INTERCONTINENTAL AIRPORT, TX US","2023-06-12","6.93",,"85","95","73","  120"
"USW00012960","HOUSTON INTERCONTINENTAL AIRPORT, TX US","2023-06-13","8.72",,"84","94","74","  160"
"USW00012960","HOUSTON INTERCONTINENTAL AIRPORT, TX US","2023-06-14","8.05",,"85","95","80","  160"
"USW00012960","HOUSTON INTERCONTINENTAL AIRPORT, TX US","2023-06-15","8.50",,"88","98","81","  190"
"USW00012960","HOUSTON INTERCONTINENTAL AIRPORT, TX US","2023-06-16","8.95",,"87","97","80","  190"
"USW00012960","HOUSTON INTERCONTINENTAL AIRPORT, TX US","2023-06-17","6.04",,"88","97","82","  170"
"USW00012960","HOUSTON INTERCONTINENTAL AIRPORT, TX US","2023-06-18","9.17",,"88","99","80","  160"
"USW00012960","HOUSTON INTERCONTINENTAL AIRPORT, TX US","2023-06-19","8.05",,"89","100","81","  200"
"USW00012960","HOUSTON INTERCONTINENTAL AIRPORT, TX US","2023-06-20","8.28",,"89","100","83","  150"
"USW00012960","HOUSTON INTERCONTINENTAL AIRPORT, TX US","2023-06-21","8.72",,"89","100","72","  320"
"USW00012960","HOUSTON INTERCONTINENTAL AIRPORT, TX US","2023-06-22","5.82",,"84","97","74","  110"
"USW00012960","HOUSTON INTERCONTINENTAL AIRPORT, TX US","2023-06-23","5.82",,"88","98","77","  140"
"USW00012960","HOUSTON INTERCONTINENTAL AIRPORT, TX US","2023-06-24","7.83",,"87","96","79","  170"
"USW00012960","HOUSTON INTERCONTINENTAL AIRPORT, TX US","2023-06-25","8.05",,"88","98","81","  160"
"USW00012960","HOUSTON INTERCONTINENTAL AIRPORT, TX US","2023-06-26","8.05",,"88","97","81","  160"
"USW00012960","HOUSTON INTERCONTINENTAL AIRPORT, TX US","2023-06-27","7.38",,"88","99","81","  210"
"USW00012960","HOUSTON INTERCONTINENTAL AIRPORT, TX US","2023-06-28","7.61",,"88","98","81","  150"
"USW00012960","HOUSTON INTERCONTINENTAL AIRPORT, TX US","2023-06-29","6.71",,"88","98","80","  160"
"USW00012960","HOUSTON INTERCONTINENTAL AIRPORT, TX US","2023-06-30","8.05",,"88","99","80","  160"
"USW00012960","HOUSTON INTERCONTINENTAL AIRPORT, TX US","2023-07-01","6.04",,"88","100","79","  110"
"USW00012960","HOUSTON INTERCONTINENTAL AIRPORT, TX US","2023-07-02","5.37",,"87","97","76","  140"
"USW00012960","HOUSTON INTERCONTINENTAL AIRPORT, TX US","2023-07-03","4.70",,"84","98","77","  150"
"USW00012960","HOUSTON INTERCONTINENTAL AIRPORT, TX US","2023-07-04","6.26",,"85","92","78","  170"
"USW00012960","HOUSTON INTERCONTINENTAL AIRPORT, TX US","2023-07-05","6.04",,"85","94","77","  140"
"USW00012960","HOUSTON INTERCONTINENTAL AIRPORT, TX US","2023-07-06","4.70",,"80","89","74","  240"
"USW00012960","HOUSTON INTERCONTINENTAL AIRPORT, TX US","2023-07-07","4.70",,"78","91","73","  150"
"USW00012960","HOUSTON INTERCONTINENTAL AIRPORT, TX US","2023-07-08","5.37",,"83","94","74","  160"
"USW00012960","HOUSTON INTERCONTINENTAL AIRPORT, TX US","2023-07-09","7.61",,"87","96","80","  230"
"USW00012960","HOUSTON INTERCONTINENTAL AIRPORT, TX US","2023-07-10","7.16",,"87","98","79","  160"
"USW00012960","HOUSTON INTERCONTINENTAL AIRPORT, TX US","2023-07-11","7.38",,"88","98","81","  220"
"USW00012960","HOUSTON INTERCONTINENTAL AIRPORT, TX US","2023-07-12","9.17",,"88","98","82","  170"
"USW00012960","HOUSTON INTERCONTINENTAL AIRPORT, TX US","2023-07-13","7.83",,"88","99","82","  170"
"USW00012960","HOUSTON INTERCONTINENTAL AIRPORT, TX US","2023-07-14","8.50",,"88","98","81","  170"
"USW00012960","HOUSTON INTERCONTINENTAL AIRPORT, TX US","2023-07-15","7.38",,"88","99","81","  230"
"USW00012960","HOUSTON INTERCONTINENTAL AIRPORT, TX US","2023-07-16","6.04",,"88","99","80","  150"
"USW00012960","HOUSTON INTERCONTINENTAL AIRPORT, TX US","2023-07-17","6.71",,"89","99","81","  140"
"USW00012960","HOUSTON INTERCONTINENTAL AIRPORT, TX US","2023-07-18","8.05",,"89","100","81","  230"
"USW00012960","HOUSTON INTERCONTINENTAL AIRPORT, TX US","2023-07-19","8.05",,"88","100","80","  150"
"USW00012960","HOUSTON INTERCONTINENTAL AIRPORT, TX US","2023-07-20","7.16",,"88","99","79","  150"
"USW00012960","HOUSTON INTERCONTINENTAL AIRPORT, TX US","2023-07-21","5.14",,"87","99","78","  160"
"USW00012960","HOUSTON INTERCONTINENTAL AIRPORT, TX US","2023-07-22","6.93",,"89","101","78","  120"
"USW00012960","HOUSTON INTERCONTINENTAL AIRPORT, TX US","2023-07-23","4.03",,"87","100","75","   60"
"USW00012960","HOUSTON INTERCONTINENTAL AIRPORT, TX US","2023-07-24","5.14",,"86","99","74","  130"
"USW00012960","HOUSTON INTERCONTINENTAL AIRPORT, TX US","2023-07-25","5.82",,"87","98","75","  140"
"USW00012960","HOUSTON INTERCONTINENTAL AIRPORT, TX US","2023-07-26","6.04",,"87","99","76","  130"
"USW00012960","HOUSTON INTERCONTINENTAL AIRPORT, TX US","2023-07-27","6.49",,"86","97","75","  160"
"USW00012960","HOUSTON INTERCONTINENTAL AIRPORT, TX US","2023-07-28","5.14",,"86","97","74","  160"
"USW00012960","HOUSTON INTERCONTINENTAL AIRPORT, TX US","2023-07-29","4.25",,"86","98","75","  150"
"USW00012960","HOUSTON INTERCONTINENTAL AIRPORT, TX US","2023-07-30","5.59",,"88","101","77","  150"
"USW00012960","HOUSTON INTERCONTINENTAL AIRPORT, TX US","2023-07-31","6.26",,"90","103","80","  100"
"USW00012960","HOUSTON INTERCONTINENTAL AIRPORT, TX US","2023-08-01","4.92",,"91","102","82","  160"
"USW00012960","HOUSTON INTERCONTINENTAL AIRPORT, TX US","2023-08-02","6.04",,"90","102","78","  130"
"USW00012960","HOUSTON INTERCONTINENTAL AIRPORT, TX US","2023-08-03","6.93",,"89","102","78","  120"
"USW00012960","HOUSTON INTERCONTINENTAL AIRPORT, TX US","2023-08-04","6.93",,"89","102","82","  150"
"USW00012960","HOUSTON INTERCONTINENTAL AIRPORT, TX US","2023-08-05","6.93",,"90","103","81","  140"
"USW00012960","HOUSTON INTERCONTINENTAL AIRPORT, TX US","2023-08-06","7.16",,"90","102","82","  160"
"USW00012960","HOUSTON INTERCONTINENTAL AIRPORT, TX US","2023-08-07","8.95",,"90","101","82","  160"
"USW00012960","HOUSTON INTERCONTINENTAL AIRPORT, TX US","2023-08-08","9.40",,"89","102","82","  150"
"USW00012960","HOUSTON INTERCONTINENTAL AIRPORT, TX US","2023-08-09","9.84",,"90","101","83","  180"
"USW00012960","HOUSTON INTERCONTINENTAL AIRPORT, TX US","2023-08-10","9.40",,"90","103","82","  180"
"USW00012960","HOUSTON INTERCONTINENTAL AIRPORT, TX US","2023-08-11","9.84",,"91","103","83","  160"
"USW00012960","HOUSTON INTERCONTINENTAL AIRPORT, TX US","2023-08-12","8.50",,"91","103","83","  220"
"USW00012960","HOUSTON INTERCONTINENTAL AIRPORT, TX US","2023-08-13","7.38",,"90","103","81","  170"
"USW00012960","HOUSTON INTERCONTINENTAL AIRPORT, TX US","2023-08-14","5.59",,"90","104","81","  160"
"USW00012960","HOUSTON INTERCONTINENTAL AIRPORT, TX US","2023-08-15","7.83",,"92","105","83","  340"
"USW00012960","HOUSTON INTERCONTINENTAL AIRPORT, TX US","2023-08-16","7.16",,"90","101","73","   40"
"USW00012960","HOUSTON INTERCONTINENTAL AIRPORT, TX US","2023-08-17","5.82",,"88","105","72","  140"
"USW00012960","HOUSTON INTERCONTINENTAL AIRPORT, TX US","2023-08-18","6.71",,"90","103","81","  170"
"USW00012960","HOUSTON INTERCONTINENTAL AIRPORT, TX US","2023-08-19","6.26",,"90","103","81","  130"
"USW00012960","HOUSTON INTERCONTINENTAL AIRPORT, TX US","2023-08-20","6.04",,"92","108","82","  360"
"USW00012960","HOUSTON INTERCONTINENTAL AIRPORT, TX US","2023-08-21","8.50",,"92","102","78","  120"
"USW00012960","HOUSTON INTERCONTINENTAL AIRPORT, TX US","2023-08-22","13.42",,"89","97","82","  140"
"USW00012960","HOUSTON INTERCONTINENTAL AIRPORT, TX US","2023-08-23","5.82",,"89","103","78","  110"
"USW00012960","HOUSTON INTERCONTINENTAL AIRPORT, TX US","2023-08-24","5.82",,"93","109","80","  140"
"USW00012960","HOUSTON INTERCONTINENTAL AIRPORT, TX US","2023-08-25","5.59",,"88","102","77","  120"
"USW00012960","HOUSTON INTERCONTINENTAL AIRPORT, TX US","2023-08-26","4.47",,"89","104","78","  130"
"USW00012960","HOUSTON INTERCONTINENTAL AIRPORT, TX US","2023-08-27","7.61",,"93","109","78","  360"
"USW00012960","HOUSTON INTERCONTINENTAL AIRPORT, TX US","2023-08-28","6.71",,"87","99","77","   20"
"USW00012960","HOUSTON INTERCONTINENTAL AIRPORT, TX US","2023-08-29","10.07",,"88","99","78","  360"
"USW00012960","HOUSTON INTERCONTINENTAL AIRPORT, TX US","2023-08-30","7.38",,"86","101","72","  360"
"USW00012960","HOUSTON INTERCONTINENTAL AIRPORT, TX US","2023-08-31","4.92",,"86","100","70","   10"
"USW00012960","HOUSTON INTERCONTINENTAL AIRPORT, TX US","2023-09-01","4.70",,"86","102","72","   60"
"USW00012960","HOUSTON INTERCONTINENTAL AIRPORT, TX US","2023-09-02","6.49",,"86","103","75","  130"
"USW00012960","HOUSTON INTERCONTINENTAL AIRPORT, TX US","2023-09-03","5.82",,"88","100","79","  150"
"USW00012960","HOUSTON INTERCONTINENTAL AIRPORT, TX US","2023-09-04","8.72",,"87","96","79","  160"
"USW00012960","HOUSTON INTERCONTINENTAL AIRPORT, TX US","2023-09-05","9.17",,"89","101","83","  140"
"USW00012960","HOUSTON INTERCONTINENTAL AIRPORT, TX US","2023-09-06","5.14",,"88","103","77","  130"
"USW00012960","HOUSTON INTERCONTINENTAL AIRPORT, TX US","2023-09-07",,,"90","104","81",
"USW00012960","HOUSTON INTERCONTINENTAL AIRPORT, TX US","2023-09-08","8.05",,"91","106","80","   60"
"USW00012960","HOUSTON INTERCONTINENTAL AIRPORT, TX US","2023-09-09","8.95",,"84","97","71","   30"
"USW00012960","HOUSTON INTERCONTINENTAL AIRPORT, TX US","2023-09-10","7.83",,"86","97","70","   90"
"USW00012960","HOUSTON INTERCONTINENTAL AIRPORT, TX US","2023-09-11","5.59",,"81","96","67","  120"
"USW00012960","HOUSTON INTERCONTINENTAL AIRPORT, TX US","2023-09-12",,,"84","97","72",
"USW00012960","HOUSTON INTERCONTINENTAL AIRPORT, TX US","2023-09-13","6.49",,"86","95","76","  100"
"USW00012960","HOUSTON INTERCONTINENTAL AIRPORT, TX US","2023-09-14","8.50",,"79","86","71","  340"
"USW00012960","HOUSTON INTERCONTINENTAL AIRPORT, TX US","2023-09-15","6.71",,"78","91","71","   20"
"USW00012960","HOUSTON INTERCONTINENTAL AIRPORT, TX US","2023-09-16","3.80",,"78","92","73","  310"
"USW00012960","HOUSTON INTERCONTINENTAL AIRPORT, TX US","2023-09-17","4.25",,"80","95","73","   50"
"USW00012960","HOUSTON INTERCONTINENTAL AIRPORT, TX US","2023-09-18","4.25",,"81","94","69","  130"
"USW00012960","HOUSTON INTERCONTINENTAL AIRPORT, TX US","2023-09-19","5.82",,"79","93","68","  130"
"USW00012960","HOUSTON INTERCONTINENTAL AIRPORT, TX US","2023-09-20","6.49",,"82","93","71","  120"
"USW00012960","HOUSTON INTERCONTINENTAL AIRPORT, TX US","2023-09-21","7.16",,"83","97","75","  120"
"USW00012960","HOUSTON INTERCONTINENTAL AIRPORT, TX US","2023-09-22","6.71",,"85","97","75","  150"
"USW00012960","HOUSTON INTERCONTINENTAL AIRPORT, TX US","2023-09-23","7.38",,"85","97","75","  140"
"USW00012960","HOUSTON INTERCONTINENTAL AIRPORT, TX US","2023-09-24","8.72",,"86","98","77","  120"
"USW00012960","HOUSTON INTERCONTINENTAL AIRPORT, TX US","2023-09-25","5.37",,"85","97","73","  310"
"USW00012960","HOUSTON INTERCONTINENTAL AIRPORT, TX US","2023-09-26","4.92",,"79","93","71","   80"
"USW00012960","HOUSTON INTERCONTINENTAL AIRPORT, TX US","2023-09-27","4.25",,"81","96","72","  130"
"USW00012960","HOUSTON INTERCONTINENTAL AIRPORT, TX US","2023-09-28","4.70",,"84","95","74","  110"
"USW00012960","HOUSTON INTERCONTINENTAL AIRPORT, TX US","2023-09-29","6.93",,"83","94","74","  110"
"USW00012960","HOUSTON INTERCONTINENTAL AIRPORT, TX US","2023-09-30","7.61",,"83","95","73","  100"
"USW00012960","HOUSTON INTERCONTINENTAL AIRPORT, TX US","2023-10-01","7.61",,"82","96","71","  130"
"USW00012960","HOUSTON INTERCONTINENTAL AIRPORT, TX US","2023-10-02","8.50",,"82","94","71","   30"
"USW00012960","HOUSTON INTERCONTINENTAL AIRPORT, TX US","2023-10-03","8.95",,"77","80","73","  100"
"USW00012960","HOUSTON INTERCONTINENTAL AIRPORT, TX US","2023-10-04","8.28",,"79","87","77","  140"
"USW00012960","HOUSTON INTERCONTINENTAL AIRPORT, TX US","2023-10-05","6.71",,"77","81","71","  360"
"USW00012960","HOUSTON INTERCONTINENTAL AIRPORT, TX US","2023-10-06","9.40",,"76","87","68","   40"
"USW00012960","HOUSTON INTERCONTINENTAL AIRPORT, TX US","2023-10-07","9.62",,"72","76","61","   30"
"USW00012960","HOUSTON INTERCONTINENTAL AIRPORT, TX US","2023-10-08","4.25",,"65","76","53","  110"
"USW00012960","HOUSTON INTERCONTINENTAL AIRPORT, TX US","2023-10-09","3.58",,"67","83","55","  170"
"USW00012960","HOUSTON INTERCONTINENTAL AIRPORT, TX US","2023-10-10","4.03",,"71","82","63","  130"
"USW00012960","HOUSTON INTERCONTINENTAL AIRPORT, TX US","2023-10-11","7.61",,"69","72","60","  110"
"USW00012960","HOUSTON INTERCONTINENTAL AIRPORT, TX US","2023-10-12","8.95",,"67","81","59","  130"
"USW00012960","HOUSTON INTERCONTINENTAL AIRPORT, TX US","2023-10-13","5.59",,"74","90","65","  350"
"USW00012960","HOUSTON INTERCONTINENTAL AIRPORT, TX US","2023-10-14","10.96",,"73","77","60","  350"
"USW00012960","HOUSTON INTERCONTINENTAL AIRPORT, TX US","2023-10-15","11.18",,"65","74","55","   10"
"USW00012960","HOUSTON INTERCONTINENTAL AIRPORT, TX US","2023-10-16","9.84",,"62","71","51","   10"
"USW00012960","HOUSTON INTERCONTINENTAL AIRPORT, TX US","2023-10-17","3.13",,"60","74","47","  140"
"USW00012960","HOUSTON INTERCONTINENTAL AIRPORT, TX US","2023-10-18","6.49",,"65","83","50","  150"
"USW00012960","HOUSTON INTERCONTINENTAL AIRPORT, TX US","2023-10-19","3.36",,"72","87","59","  270"
"USW00012960","HOUSTON INTERCONTINENTAL AIRPORT, TX US","2023-10-20","4.03",,"74","92","59","  260"
"USW00012960","HOUSTON INTERCONTINENTAL AIRPORT, TX US","2023-10-21","3.36",,"74","93","60","  250"
"USW00012960","HOUSTON INTERCONTINENTAL AIRPORT, TX US","2023-10-22","7.61",,"77","87","67","  150"
"USW00012960","HOUSTON INTERCONTINENTAL AIRPORT, TX US","2023-10-23","12.75",,"78","87","71","  140"
"USW00012960","HOUSTON INTERCONTINENTAL AIRPORT, TX US","2023-10-24","13.87",,"78","87","71","  140"
"USW00012960","HOUSTON INTERCONTINENTAL AIRPORT, TX US","2023-10-25","13.87",,"78","86","71","  120"
"USW00012960","HOUSTON INTERCONTINENTAL AIRPORT, TX US","2023-10-26","8.95",,"78","84","73","  180"
"USW00012960","HOUSTON INTERCONTINENTAL AIRPORT, TX US","2023-10-27","7.16",,"78","87","74","  140"
"USW00012960","HOUSTON INTERCONTINENTAL AIRPORT, TX US","2023-10-28","8.28",,"78","87","72","  130"
"USW00012960","HOUSTON INTERCONTINENTAL AIRPORT, TX US","2023-10-29","10.51",,"78","89","53","  350"
"USW00012960","HOUSTON INTERCONTINENTAL AIRPORT, TX US","2023-10-30","16.11",,"51","53","46","   10"
"USW00012960","HOUSTON INTERCONTINENTAL AIRPORT, TX US","2023-10-31","11.63",,"50","62","46","   20"
"USW00012960","HOUSTON INTERCONTINENTAL AIRPORT, TX US","2023-11-01","6.49",,"50","62","40","   60"
"USW00012960","HOUSTON INTERCONTINENTAL AIRPORT, TX US","2023-11-02","4.70",,"50","67","37","  120"
"USW00012960","HOUSTON INTERCONTINENTAL AIRPORT, TX US","2023-11-03","4.70",,"58","76","44","  130"
"USW00012960","HOUSTON INTERCONTINENTAL AIRPORT, TX US","2023-11-04","5.82",,"65","80","54","  130"
"USW00012960","HOUSTON INTERCONTINENTAL AIRPORT, TX US","2023-11-05","4.92",,"68","83","58","  140"
"USW00012960","HOUSTON INTERCONTINENTAL AIRPORT, TX US","2023-11-06","4.70",,"72","83","58","  160"
"USW00012960","HOUSTON INTERCONTINENTAL AIRPORT, TX US","2023-11-07","6.71",,"74","87","62","  170"
"USW00012960","HOUSTON INTERCONTINENTAL AIRPORT, TX US","2023-11-08","6.93",,"75","85","66","  160"
"USW00012960","HOUSTON INTERCONTINENTAL AIRPORT, TX US","2023-11-09","5.14",,"73","85","63","  160"
"USW00012960","HOUSTON INTERCONTINENTAL AIRPORT, TX US","2023-11-10","10.74",,"63","69","54","  330"
"USW00012960","HOUSTON INTERCONTINENTAL AIRPORT, TX US","2023-11-11","7.61",,"56","59","55","   40"
"USW00012960","HOUSTON INTERCONTINENTAL AIRPORT, TX US","2023-11-12","7.61",,"60","68","58","   40"
"USW00012960","HOUSTON INTERCONTINENTAL AIRPORT, TX US","2023-11-13","8.95",,"61","62","59","   50"
"USW00012960","HOUSTON INTERCONTINENTAL AIRPORT, TX US","2023-11-14","7.16",,"63","73","58","   20"
"USW00012960","HOUSTON INTERCONTINENTAL AIRPORT, TX US","2023-11-15","8.28",,"63","75","54","  100"
"USW00012960","HOUSTON INTERCONTINENTAL AIRPORT, TX US","2023-11-16","4.25",,"62","66","58","  130"
"USW00012960","HOUSTON INTERCONTINENTAL AIRPORT, TX US","2023-11-17","4.03",,"66","78","57","   30"
"USW00012960","HOUSTON INTERCONTINENTAL AIRPORT, TX US","2023-11-18","5.82",,"68","75","57","   50"
"USW00012960","HOUSTON INTERCONTINENTAL AIRPORT, TX US","2023-11-19","7.83",,"62","73","53","  130"
"USW00012960","HOUSTON INTERCONTINENTAL AIRPORT, TX US","2023-11-20","8.72",,"71","82","65","  330"
"USW00012960","HOUSTON INTERCONTINENTAL AIRPORT, TX US","2023-11-21","14.54",,"62","65","47","  360"
"USW00012960","HOUSTON INTERCONTINENTAL AIRPORT, TX US","2023-11-22","5.59",,"51","60","43","  350"
"USW00012960","HOUSTON INTERCONTINENTAL AIRPORT, TX US","2023-11-23","2.24",,"48","56","40","  110"
"USW00012960","HOUSTON INTERCONTINENTAL AIRPORT, TX US","2023-11-24","5.82",,"54","68","45","   80"
"USW00012960","HOUSTON INTERCONTINENTAL AIRPORT, TX US","2023-11-25","6.71",,"54","67","44","  100"
"USW00012960","HOUSTON INTERCONTINENTAL AIRPORT, TX US","2023-11-26","12.75",,"58","61","45","  340"
"USW00012960","HOUSTON INTERCONTINENTAL AIRPORT, TX US","2023-11-27","5.82",,"48","60","39","   30"
"USW00012960","HOUSTON INTERCONTINENTAL AIRPORT, TX US","2023-11-28","4.25",,"52","63","43","   80"
"USW00012960","HOUSTON INTERCONTINENTAL AIRPORT, TX US","2023-11-29","7.83",,"51","67","40","  110"
"USW00012960","HOUSTON INTERCONTINENTAL AIRPORT, TX US","2023-11-30","10.07",,"62","70","58","  150"
"USW00012960","HOUSTON INTERCONTINENTAL AIRPORT, TX US","2023-12-01","6.71",,"69","74","62","  260"
"USW00012960","HOUSTON INTERCONTINENTAL AIRPORT, TX US","2023-12-02","5.37",,"62","65","54","   40"
"USW00012960","HOUSTON INTERCONTINENTAL AIRPORT, TX US","2023-12-03","4.47",,"60","73","49","  220"
"USW00012960","HOUSTON INTERCONTINENTAL AIRPORT, TX US","2023-12-04","5.82",,"61","71","48","  340"
"USW00012960","HOUSTON INTERCONTINENTAL AIRPORT, TX US","2023-12-05","1.79",,"55","72","44","   60"
"USW00012960","HOUSTON INTERCONTINENTAL AIRPORT, TX US","2023-12-06","4.92",,"55","68","44","   80"
"USW00012960","HOUSTON INTERCONTINENTAL AIRPORT, TX US","2023-12-07","6.71",,"54","72","42","  150"
"USW00012960","HOUSTON INTERCONTINENTAL AIRPORT, TX US","2023-12-08","8.95",,"67","78","61","  210"
"USW00012960","HOUSTON INTERCONTINENTAL AIRPORT, TX US","2023-12-09","8.72",,"74","81","59","  340"
"USW00012960","HOUSTON INTERCONTINENTAL AIRPORT, TX US","2023-12-10","12.30",,"56","60","39","  320"
"USW00012960","HOUSTON INTERCONTINENTAL AIRPORT, TX US","2023-12-11","4.70",,"47","64","33","  130"
"USW00012960","HOUSTON INTERCONTINENTAL AIRPORT, TX US","2023-12-12","7.83",,"52","67","41","  110"
"USW00012960","HOUSTON INTERCONTINENTAL AIRPORT, TX US","2023-12-13","8.05",,"52","57","45","   70"
"USW00012960","HOUSTON INTERCONTINENTAL AIRPORT, TX US","2023-12-14","9.84",,"58","73","52","  130"
"USW00012960","HOUSTON INTERCONTINENTAL AIRPORT, TX US","2023-12-15","8.05",,"61","68","57","  100"
"USW00012960","HOUSTON INTERCONTINENTAL AIRPORT, TX US","2023-12-16","11.18",,"60","63","49","  340"
"USW00012960","HOUSTON INTERCONTINENTAL AIRPORT, TX US","2023-12-17","2.46",,"53","68","40","   60"
"USW00012960","HOUSTON INTERCONTINENTAL AIRPORT, TX US","2023-12-18","4.47",,"55","74","43","  360"
"USW00012960","HOUSTON INTERCONTINENTAL AIRPORT, TX US","2023-12-19","8.50",,"53","65","41","  130"
"USW00012960","HOUSTON INTERCONTINENTAL AIRPORT, TX US","2023-12-20","9.62",,"56","70","48","  140"
"USW00012960","HOUSTON INTERCONTINENTAL AIRPORT, TX US","2023-12-21","7.16",,"60","65","55","  120"
"USW00012960","HOUSTON INTERCONTINENTAL AIRPORT, TX US","2023-12-22","6.71",,"62","72","56","  120"
"USW00012960","HOUSTON INTERCONTINENTAL AIRPORT, TX US","2023-12-23","10.96",,"67","75","64","  140"
"USW00012960","HOUSTON INTERCONTINENTAL AIRPORT, TX US","2023-12-24","6.93",,"65","68","54","  130"
"USW00012960","HOUSTON INTERCONTINENTAL AIRPORT, TX US","2023-12-25","10.29",,"53","58","46","  330"
"USW00012960","HOUSTON INTERCONTINENTAL AIRPORT, TX US","2023-12-26","4.92",,"48","58","39","  150"
"USW00012960","HOUSTON INTERCONTINENTAL AIRPORT, TX US","2023-12-27","6.49",,"52","66","43","  330"
"USW00012960","HOUSTON INTERCONTINENTAL AIRPORT, TX US","2023-12-28","6.04",,"49","58","39","  320"
"USW00012960","HOUSTON INTERCONTINENTAL AIRPORT, TX US","2023-12-29","6.93",,"46","56","37","  280"
"USW00012960","HOUSTON INTERCONTINENTAL AIRPORT, TX US","2023-12-30","2.24",,"48","66","35","  270"
"USW00012960","HOUSTON INTERCONTINENTAL AIRPORT, TX US","2023-12-31","4.25",,"52","73","38","  210"
"USW00012960","HOUSTON INTERCONTINENTAL AIRPORT, TX US","2024-01-01","7.38",,"60","65","47","   20"
"USW00012960","HOUSTON INTERCONTINENTAL AIRPORT, TX US","2024-01-02","9.17",,"47","53","40","  360"
"USW00012960","HOUSTON INTERCONTINENTAL AIRPORT, TX US","2024-01-03","8.28",,"50","60","43","   50"
"USW00012960","HOUSTON INTERCONTINENTAL AIRPORT, TX US","2024-01-04","9.40",,"50","63","38","  130"
"USW00012960","HOUSTON INTERCONTINENTAL AIRPORT, TX US","2024-01-05","8.95",,"54","62","43","  310"
"USW00012960","HOUSTON INTERCONTINENTAL AIRPORT, TX US","2024-01-06","3.13",,"49","64","40","  350"
"USW00012960","HOUSTON INTERCONTINENTAL AIRPORT, TX US","2024-01-07","7.83",,"51","62","38","  150"
"USW00012960","HOUSTON INTERCONTINENTAL AIRPORT, TX US","2024-01-08","12.75",,"60","76","50","  320"
"USW00012960","HOUSTON INTERCONTINENTAL AIRPORT, TX US","2024-01-09","13.65",,"50","56","40","  280"
"USW00012960","HOUSTON INTERCONTINENTAL AIRPORT, TX US","2024-01-10","6.26",,"49","69","33","  220"
"USW00012960","HOUSTON INTERCONTINENTAL AIRPORT, TX US","2024-01-11","10.07",,"62","78","47","  180"
"USW00012960","HOUSTON INTERCONTINENTAL AIRPORT, TX US","2024-01-12","13.87",,"63","72","35","  310"
"USW00012960","HOUSTON INTERCONTINENTAL AIRPORT, TX US","2024-01-13","5.59",,"45","65","32","  160"
"USW00012960","HOUSTON INTERCONTINENTAL AIRPORT, TX US","2024-01-14","11.86",,"47","51","33","   10"
"USW00012960","HOUSTON INTERCONTINENTAL AIRPORT, TX US","2024-01-15","14.99",,"31","33","25","   10"
"USW00012960","HOUSTON INTERCONTINENTAL AIRPORT, TX US","2024-01-16","13.87",,"25","34","18","  350"
"USW00012960","HOUSTON INTERCONTINENTAL AIRPORT, TX US","2024-01-17","6.71",,"30","45","20","  150"
"USW00012960","HOUSTON INTERCONTINENTAL AIRPORT, TX US","2024-01-18","4.70",,"49","66","40","  200"
"USW00012960","HOUSTON INTERCONTINENTAL AIRPORT, TX US","2024-01-19","12.75",,"51","56","36","  350"
"USW00012960","HOUSTON INTERCONTINENTAL AIRPORT, TX US","2024-01-20","8.95",,"39","49","29","   50"
"USW00012960","HOUSTON INTERCONTINENTAL AIRPORT, TX US","2024-01-21","12.30",,"40","43","36","  110"
"USW00012960","HOUSTON INTERCONTINENTAL AIRPORT, TX US","2024-01-22","9.40",,"49","65","42","  250"
"USW00012960","HOUSTON INTERCONTINENTAL AIRPORT, TX US","2024-01-23","8.72",,"64","69","62","  140"
"USW00012960","HOUSTON INTERCONTINENTAL AIRPORT, TX US","2024-01-24","8.05",,"64","64","61","  340"
"USW00012960","HOUSTON INTERCONTINENTAL AIRPORT, TX US","2024-01-25","6.93",,"62","71","52","  320"
"USW00012960","HOUSTON INTERCONTINENTAL AIRPORT, TX US","2024-01-26","6.93",,"57","64","53","  120"
"USW00012960","HOUSTON INTERCONTINENTAL AIRPORT, TX US","2024-01-27","10.29",,"58","61","47","  320"
"USW00012960","HOUSTON INTERCONTINENTAL AIRPORT, TX US","2024-01-28","7.16",,"51","64","42","  350"
"USW00012960","HOUSTON INTERCONTINENTAL AIRPORT, TX US","2024-01-29","2.91",,"52","69","37","  240"
"USW00012960","HOUSTON INTERCONTINENTAL AIRPORT, TX US","2024-01-30","5.14",,"58","73","46","  260"
"USW00012960","HOUSTON INTERCONTINENTAL AIRPORT, TX US","2024-01-31","3.58",,"61","76","46","  140"
"USW00012960","HOUSTON INTERCONTINENTAL AIRPORT, TX US","2024-02-01","4.70",,"60","72","47","  130"
"USW00012960","HOUSTON INTERCONTINENTAL AIRPORT, TX US","2024-02-02","10.29",,"61","73","51","  130"
"USW00012960","HOUSTON INTERCONTINENTAL AIRPORT, TX US","2024-02-03","6.49",,"63","72","52","  270"
"USW00012960","HOUSTON INTERCONTINENTAL AIRPORT, TX US","2024-02-04","10.96",,"60","68","51","  310"
"USW00012960","HOUSTON INTERCONTINENTAL AIRPORT, TX US","2024-02-05","12.75",,"58","66","52","  340"
"USW00012960","HOUSTON INTERCONTINENTAL AIRPORT, TX US","2024-02-06","3.58",,"58","73","46","  270"
"USW00012960","HOUSTON INTERCONTINENTAL AIRPORT, TX US","2024-02-07","10.51",,"56","72","43","  140"
"USW00012960","HOUSTON INTERCONTINENTAL AIRPORT, TX US","2024-02-08","7.16",,"67","76","61","  150"
"USW00012960","HOUSTON INTERCONTINENTAL AIRPORT, TX US","2024-02-09","6.71",,"70","79","64","  170"
"USW00012960","HOUSTON INTERCONTINENTAL AIRPORT, TX US","2024-02-10","6.93",,"70","76","66","  190"
"USW00012960","HOUSTON INTERCONTINENTAL AIRPORT, TX US","2024-02-11","10.51",,"71","78","52","  300"
"USW00012960","HOUSTON INTERCONTINENTAL AIRPORT, TX US","2024-02-12","12.75",,"53","61","45","  290"
"USW00012960","HOUSTON INTERCONTINENTAL AIRPORT, TX US","2024-02-13","2.46",,"52","66","37","  300"
"USW00012960","HOUSTON INTERCONTINENTAL AIRPORT, TX US","2024-02-14","6.49",,"53","68","40","  140"
"USW00012960","HOUSTON INTERCONTINENTAL AIRPORT, TX US","2024-02-15","5.59",,"62","74","54","  130"
"USW00012960","HOUSTON INTERCONTINENTAL AIRPORT, TX US","2024-02-16","6.71",,"65","70","62","  180"
"USW00012960","HOUSTON INTERCONTINENTAL AIRPORT, TX US","2024-02-17","16.33",,"54","63","39","  360"
"USW00012960","HOUSTON INTERCONTINENTAL AIRPORT, TX US","2024-02-18","5.59",,"44","58","35","   20"
"USW00012960","HOUSTON INTERCONTINENTAL AIRPORT, TX US","2024-02-19","3.80",,"47","66","33","  210"
"USW00012960","HOUSTON INTERCONTINENTAL AIRPORT, TX US","2024-02-20","4.92",,"58","78","43","  250"
"USW00012960","HOUSTON INTERCONTINENTAL AIRPORT, TX US","2024-02-21","9.84",,"67","79","55","  170"
"USW00012960","HOUSTON INTERCONTINENTAL AIRPORT, TX US","2024-02-22","7.16",,"69","78","65","  190"
"USW00012960","HOUSTON INTERCONTINENTAL AIRPORT, TX US","2024-02-23","10.07",,"68","79","59","  340"
"USW00012960","HOUSTON INTERCONTINENTAL AIRPORT, TX US","2024-02-24","2.68",,"65","80","46","  350"
"USW00012960","HOUSTON INTERCONTINENTAL AIRPORT, TX US","2024-02-25","8.28",,"66","82","49","  160"
"USW00012960","HOUSTON INTERCONTINENTAL AIRPORT, TX US","2024-02-26","10.51",,"72","82","68","  210"
"USW00012960","HOUSTON INTERCONTINENTAL AIRPORT, TX US","2024-02-27","11.41",,"75","86","70","  170"
"USW00012960","HOUSTON INTERCONTINENTAL AIRPORT, TX US","2024-02-28","15.21",,"71","74","50","  360"
"USW00012960","HOUSTON INTERCONTINENTAL AIRPORT, TX US","2024-02-29","10.51",,"53","55","50","   60"
"USW00012960","HOUSTON INTERCONTINENTAL AIRPORT, TX US","2024-03-01","5.37",,"56","74","49","   30"
"USW00012960","HOUSTON INTERCONTINENTAL AIRPORT, TX US","2024-03-02","4.92",,"62","73","52","  150"
"USW00012960","HOUSTON INTERCONTINENTAL AIRPORT, TX US","2024-03-03","9.17",,"68","79","62","  120"
"USW00012960","HOUSTON INTERCONTINENTAL AIRPORT, TX US","2024-03-04","7.16",,"72","83","67","  150"
"USW00012960","HOUSTON INTERCONTINENTAL AIRPORT, TX US","2024-03-05","7.16",,"76","89","66","  100"
"USW00012960","HOUSTON INTERCONTINENTAL AIRPORT, TX US","2024-03-06","5.14",,"71","83","64","  120"
"USW00012960","HOUSTON INTERCONTINENTAL AIRPORT, TX US","2024-03-07","10.51",,"70","80","60","  140"
"USW00012960","HOUSTON INTERCONTINENTAL AIRPORT, TX US","2024-03-08","7.83",,"74","83","66","   40"
"USW00012960","HOUSTON INTERCONTINENTAL AIRPORT, TX US","2024-03-09","13.65",,"61","66","50","  340"
"USW00012960","HOUSTON INTERCONTINENTAL AIRPORT, TX US","2024-03-10","4.47",,"56","70","44","   70"
"USW00012960","HOUSTON INTERCONTINENTAL AIRPORT, TX US","2024-03-11","5.37",,"61","73","51","  110"
"USW00012960","HOUSTON INTERCONTINENTAL AIRPORT, TX US","2024-03-12","7.61",,"63","77","52","  150"
"USW00012960","HOUSTON INTERCONTINENTAL AIRPORT, TX US","2024-03-13","9.62",,"71","82","62","  160"
"USW00012960","HOUSTON INTERCONTINENTAL AIRPORT, TX US","2024-03-14","13.20",,"76","83","73","  160"
"USW00012960","HOUSTON INTERCONTINENTAL AIRPORT, TX US","2024-03-15","8.05",,"76","83","64","   30"
"USW00012960","HOUSTON INTERCONTINENTAL AIRPORT, TX US","2024-03-16","8.95",,"66","71","63","   70"
"USW00012960","HOUSTON INTERCONTINENTAL AIRPORT, TX US","2024-03-17","7.61",,"70","78","62","  250"
"USW00012960","HOUSTON INTERCONTINENTAL AIRPORT, TX US","2024-03-18","12.97",,"65","71","53","  360"
"USW00012960","HOUSTON INTERCONTINENTAL AIRPORT, TX US","2024-03-19","5.59",,"57","68","43","  140"
"USW00012960","HOUSTON INTERCONTINENTAL AIRPORT, TX US","2024-03-20","4.92",,"61","70","53","  140"
"USW00012960","HOUSTON INTERCONTINENTAL AIRPORT, TX US","2024-03-21","12.30",,"63","68","59","  280"
"USW00012960","HOUSTON INTERCONTINENTAL AIRPORT, TX US","2024-03-22","10.07",,"64","76","55","  340"
"USW00012960","HOUSTON INTERCONTINENTAL AIRPORT, TX US","2024-03-23","4.47",,"64","79","54","   50"
"USW00012960","HOUSTON INTERCONTINENTAL AIRPORT, TX US","2024-03-24","14.76",,"66","71","60","  140"
"USW00012960","HOUSTON INTERCONTINENTAL AIRPORT, TX US","2024-03-25","9.84",,"70","78","56","  270"
"USW00012960","HOUSTON INTERCONTINENTAL AIRPORT, TX US","2024-03-26","8.05",,"61","71","52","   20"
"USW00012960","HOUSTON INTERCONTINENTAL AIRPORT, TX US","2024-03-27","5.37",,"58","67","49","   80"
"USW00012960","HOUSTON INTERCONTINENTAL AIRPORT, TX US","2024-03-28","5.59",,"61","76","47","  140"
"USW00012960","HOUSTON INTERCONTINENTAL AIRPORT, TX US","2024-03-29","9.84",,"66","78","54","  150"
"USW00012960","HOUSTON INTERCONTINENTAL AIRPORT, TX US","2024-03-30","8.50",,"69","77","61","  160"
"USW00012960","HOUSTON INTERCONTINENTAL AIRPORT, TX US","2024-03-31","9.62",,"73","82","66","  160"
"USW00012960","HOUSTON INTERCONTINENTAL AIRPORT, TX US","2024-04-01","12.53",,"76","82","73","  160"
"USW00012960","HOUSTON INTERCONTINENTAL AIRPORT, TX US","2024-04-02","11.86",,"77","85","60","  340"
"USW00012960","HOUSTON INTERCONTINENTAL AIRPORT, TX US","2024-04-03","8.50",,"65","78","52","  280"
"USW00012960","HOUSTON INTERCONTINENTAL AIRPORT, TX US","2024-04-04","4.25",,"67","84","48","  220"
"USW00012960","HOUSTON INTERCONTINENTAL AIRPORT, TX US","2024-04-05","7.16",,"72","87","61","  180"
"USW00012960","HOUSTON INTERCONTINENTAL AIRPORT, TX US","2024-04-06","12.75",,"71","79","60","  160"
"USW00012960","HOUSTON INTERCONTINENTAL AIRPORT, TX US","2024-04-07","8.50",,"76","87","71","  150"
"USW00012960","HOUSTON INTERCONTINENTAL AIRPORT, TX US","2024-04-08","9.40",,"76","81","72","  140"
"USW00012960","HOUSTON INTERCONTINENTAL AIRPORT, TX US","2024-04-09","10.07",,"76","81","73","  150"
"USW00012960","HOUSTON INTERCONTINENTAL AIRPORT, TX US","2024-04-10","11.63",,"71","75","62","  270"
"USW00012960","HOUSTON INTERCONTINENTAL AIRPORT, TX US","2024-04-11","10.74",,"68","82","59","  320"
"USW00012960","HOUSTON INTERCONTINENTAL AIRPORT, TX US","2024-04-12","5.14",,"68","83","52","  130"
"USW00012960","HOUSTON INTERCONTINENTAL AIRPORT, TX US","2024-04-13","9.17",,"69","84","53","  180"
"USW00012960","HOUSTON INTERCONTINENTAL AIRPORT, TX US","2024-04-14","10.29",,"73","83","63","  140"
"USW00012960","HOUSTON INTERCONTINENTAL AIRPORT, TX US","2024-04-15","12.30",,"74","80","70","  120"
"USW00012960","HOUSTON INTERCONTINENTAL AIRPORT, TX US","2024-04-16","13.87",,"76","82","72","  130"
"USW00012960","HOUSTON INTERCONTINENTAL AIRPORT, TX US","2024-04-17","9.84",,"77","81","73","  140"
"USW00012960","HOUSTON INTERCONTINENTAL AIRPORT, TX US","2024-04-18","9.62",,"78","88","72","  150"
"USW00012960","HOUSTON INTERCONTINENTAL AIRPORT, TX US","2024-04-19","5.82",,"76","84","69","  140"
"USW00012960","HOUSTON INTERCONTINENTAL AIRPORT, TX US","2024-04-20","9.84",,"74","81","60","   30"
"USW00012960","HOUSTON INTERCONTINENTAL AIRPORT, TX US","2024-04-21","13.87",,"62","71","54","  340"
"USW00012960","HOUSTON INTERCONTINENTAL AIRPORT, TX US","2024-04-22","5.82",,"62","73","53","  110"
"USW00012960","HOUSTON INTERCONTINENTAL AIRPORT, TX US","2024-04-23","8.50",,"65","77","52","  120"
"USW00012960","HOUSTON INTERCONTINENTAL AIRPORT, TX US","2024-04-24","7.61",,"74","84","66","  150"
"USW00012960","HOUSTON INTERCONTINENTAL AIRPORT, TX US","2024-04-25","11.63",,"73","82","65","  170"
"USW00012960","HOUSTON INTERCONTINENTAL AIRPORT, TX US","2024-04-26","15.21",,"77","82","74","  160"
"USW00012960","HOUSTON INTERCONTINENTAL AIRPORT, TX US","2024-04-27","20.80",,"78","82","75","  150"
"USW00012960","HOUSTON INTERCONTINENTAL AIRPORT, TX US","2024-04-28","17.00",,"78","83","75","  140"
"USW00012960","HOUSTON INTERCONTINENTAL AIRPORT, TX US","2024-04-29","9.17",,"75","82","66","  180"
"USW00012960","HOUSTON INTERCONTINENTAL AIRPORT, TX US","2024-04-30","7.16",,"73","86","63","  140"
"USW00012960","HOUSTON INTERCONTINENTAL AIRPORT, TX US","2024-05-01","11.63",,"76","83","67","  130"
"USW00012960","HOUSTON INTERCONTINENTAL AIRPORT, TX US","2024-05-02","11.41",,"75","81","68","   10"
"USW00012960","HOUSTON INTERCONTINENTAL AIRPORT, TX US","2024-05-03","9.62",,"73","77","68","  120"
"USW00012960","HOUSTON INTERCONTINENTAL AIRPORT, TX US","2024-05-04","12.97",,"75","84","68","  150"
"USW00012960","HOUSTON INTERCONTINENTAL AIRPORT, TX US","2024-05-05","9.17",,"76","81","71","  160"
"USW00012960","HOUSTON INTERCONTINENTAL AIRPORT, TX US","2024-05-06","11.63",,"77","85","72","  150"
"USW00012960","HOUSTON INTERCONTINENTAL AIRPORT, TX US","2024-05-07","9.17",,"81","88","77","  140"
"USW00012960","HOUSTON INTERCONTINENTAL AIRPORT, TX US","2024-05-08","9.84",,"82","89","75","  160"
"USW00012960","HOUSTON INTERCONTINENTAL AIRPORT, TX US","2024-05-09","8.50",,"81","88","75","  170"
"USW00012960","HOUSTON INTERCONTINENTAL AIRPORT, TX US","2024-05-10","9.40",,"79","88","71","   50"
"USW00012960","HOUSTON INTERCONTINENTAL AIRPORT, TX US","2024-05-11","10.29",,"77","82","70","  130"
"USW00012960","HOUSTON INTERCONTINENTAL AIRPORT, TX US","2024-05-12","9.17",,"73","84","68","  150"
"USW00012960","HOUSTON INTERCONTINENTAL AIRPORT, TX US","2024-05-13","4.03",,"78","88","67","  300"
"USW00012960","HOUSTON INTERCONTINENTAL AIRPORT, TX US","2024-05-14","5.59",,"73","89","64","  360"
"USW00012960","HOUSTON INTERCONTINENTAL AIRPORT, TX US","2024-05-15","4.70",,"77","91","64","  130"
"USW00012960","HOUSTON INTERCONTINENTAL AIRPORT, TX US","2024-05-16","11.86",,"78","84","68","   40"
"USW00012960","HOUSTON INTERCONTINENTAL AIRPORT, TX US","2024-05-17","6.93",,"71","74","66","  330"
"USW00012960","HOUSTON INTERCONTINENTAL AIRPORT, TX US","2024-05-18","3.58",,"74","91","65","  110"
"USW00012960","HOUSTON INTERCONTINENTAL AIRPORT, TX US","2024-05-19","5.82",,"81","91","71","  170"
"USW00012960","HOUSTON INTERCONTINENTAL AIRPORT, TX US","2024-05-20","8.50",,"80","90","70","  140"
"USW00012960","HOUSTON INTERCONTINENTAL AIRPORT, TX US","2024-05-21","12.30",,"83","89","79","  130"
"USW00012960","HOUSTON INTERCONTINENTAL AIRPORT, TX US","2024-05-22","12.53",,"83","90","78","  140"
"USW00012960","HOUSTON INTERCONTINENTAL AIRPORT, TX US","2024-05-23","13.87",,"84","92","79","  150"
"USW00012960","HOUSTON INTERCONTINENTAL AIRPORT, TX US","2024-05-24","11.41",,"85","93","78","  160"
"USW00012960","HOUSTON INTERCONTINENTAL AIRPORT, TX US","2024-05-25","9.62",,"85","94","78","  150"
"USW00012960","HOUSTON INTERCONTINENTAL AIRPORT, TX US","2024-05-26","8.28",,"85","93","81","  160"
"USW00012960","HOUSTON INTERCONTINENTAL AIRPORT, TX US","2024-05-27","5.82",,"85","96","77","  120"
"USW00012960","HOUSTON INTERCONTINENTAL AIRPORT, TX US","2024-05-28","8.28",,"81","90","68","  360"
"USW00012960","HOUSTON INTERCONTINENTAL AIRPORT, TX US","2024-05-29","7.83",,"76","89","70","  240"
"USW00012960","HOUSTON INTERCONTINENTAL AIRPORT, TX US","2024-05-30","10.96",,"80","91","67","   10"
"USW00012960","HOUSTON INTERCONTINENTAL AIRPORT, TX US","2024-05-31","9.17",,"73","84","66","  320"
"USW00012960","HOUSTON INTERCONTINENTAL AIRPORT, TX US","2024-06-01","5.59",,"78","89","72","  210"
"USW00012960","HOUSTON INTERCONTINENTAL AIRPORT, TX US","2024-06-02","8.72",,"82","92","75","  130"
"USW00012960","HOUSTON INTERCONTINENTAL AIRPORT, TX US","2024-06-03","13.20",,"85","92","79","  170"
"USW00012960","HOUSTON INTERCONTINENTAL AIRPORT, TX US","2024-06-04","13.42",,"85","93","82","  140"
"USW00012960","HOUSTON INTERCONTINENTAL AIRPORT, TX US","2024-06-05","7.16",,"80","85","70","   20"
"USW00012960","HOUSTON INTERCONTINENTAL AIRPORT, TX US","2024-06-06","4.92",,"81","96","71","   20"
"USW00012960","HOUSTON INTERCONTINENTAL AIRPORT, TX US","2024-06-07","3.80",,"84","94","73","  120"
"USW00012960","HOUSTON INTERCONTINENTAL AIRPORT, TX US","2024-06-08","7.38",,"85","94","75","  150"
"USW00012960","HOUSTON INTERCONTINENTAL AIRPORT, TX US","2024-06-09","6.71",,"84","92","74","  150"
"USW00012960","HOUSTON INTERCONTINENTAL AIRPORT, TX US","2024-06-10","5.59",,"85","93","73","   50"
"USW00012960","HOUSTON INTERCONTINENTAL AIRPORT, TX US","2024-06-11","6.49",,"82","93","73","  140"
"USW00012960","HOUSTON INTERCONTINENTAL AIRPORT, TX US","2024-06-12","5.82",,"80","92","74","   50"
"USW00012960","HOUSTON INTERCONTINENTAL AIRPORT, TX US","2024-06-13","5.14",,"83","94","76","   80"
"USW00012960","HOUSTON INTERCONTINENTAL AIRPORT, TX US","2024-06-14","4.92",,"85","95","76","   80"
"USW00012960","HOUSTON INTERCONTINENTAL AIRPORT, TX US","2024-06-15","6.93",,"85","93","75","  130"
"USW00012960","HOUSTON INTERCONTINENTAL AIRPORT, TX US","2024-06-16","7.83",,"84","94","75","  140"
"USW00012960","HOUSTON INTERCONTINENTAL AIRPORT, TX US","2024-06-17","14.09",,"85","92","77","  130"
"USW00012960","HOUSTON INTERCONTINENTAL AIRPORT, TX US","2024-06-18","14.09",,"82","90","76","  130"
"USW00012960","HOUSTON INTERCONTINENTAL AIRPORT, TX US","2024-06-19","11.86",,"80","87","76","   90"
"USW00012960","HOUSTON INTERCONTINENTAL AIRPORT, TX US","2024-06-20","12.53",,"81","91","77","  110"
"USW00012960","HOUSTON INTERCONTINENTAL AIRPORT, TX US","2024-06-21","7.83",,"82","91","76","  150"
"USW00012960","HOUSTON INTERCONTINENTAL AIRPORT, TX US","2024-06-22","5.82",,"83","92","76","  150"
"USW00012960","HOUSTON INTERCONTINENTAL AIRPORT, TX US","2024-06-23","6.26",,"83","93","74","  110"
"USW00012960","HOUSTON INTERCONTINENTAL AIRPORT, TX US","2024-06-24","6.93",,"85","94","77","  150"
"USW00012960","HOUSTON INTERCONTINENTAL AIRPORT, TX US","2024-06-25","7.61",,"86","95","78","  160"
"USW00012960","HOUSTON INTERCONTINENTAL AIRPORT, TX US","2024-06-26","5.59",,"87","97","81","  160"
"USW00012960","HOUSTON INTERCONTINENTAL AIRPORT, TX US","2024-06-27","5.59",,"87","98","80","  260"
"USW00012960","HOUSTON INTERCONTINENTAL AIRPORT, TX US","2024-06-28","6.93",,"87","97","82","  170"
"USW00012960","HOUSTON INTERCONTINENTAL AIRPORT, TX US","2024-06-29","9.17",,"88","98","80","  140"
"USW00012960","HOUSTON INTERCONTINENTAL AIRPORT, TX US","2024-06-30","5.14",,"86","97","79","  100"
"USW00012960","HOUSTON INTERCONTINENTAL AIRPORT, TX US","2024-07-01","4.70",,"89","100","80","  100"
"USW00012960","HOUSTON INTERCONTINENTAL AIRPORT, TX US","2024-07-02","6.04",,"88","97","81","  130"
"USW00012960","HOUSTON INTERCONTINENTAL AIRPORT, TX US","2024-07-03","5.82",,"88","94","80","  140"
"USW00012960","HOUSTON INTERCONTINENTAL AIRPORT, TX US","2024-07-04","6.71",,"88","98","82","  170"
"USW00012960","HOUSTON INTERCONTINENTAL AIRPORT, TX US","2024-07-05","4.92",,"88","99","79","  150"
"USW00012960","HOUSTON INTERCONTINENTAL AIRPORT, TX US","2024-07-06","5.14",,"86","98","76","  150"
"USW00012960","HOUSTON INTERCONTINENTAL AIRPORT, TX US","2024-07-07","10.51",,"80","90","76","  140"
"USW00012960","HOUSTON INTERCONTINENTAL AIRPORT, TX US","2024-07-08","22.15",,"78","84","74","  130"
"USW00012960","HOUSTON INTERCONTINENTAL AIRPORT, TX US","2024-07-09","4.03",,"82","95","74","   10"
"USW00012960","HOUSTON INTERCONTINENTAL AIRPORT, TX US","2024-07-10","4.92",,"85","95","76","   70"
"USW00012960","HOUSTON INTERCONTINENTAL AIRPORT, TX US","2024-07-11","4.25",,"83","92","77","  160"
"USW00012960","HOUSTON INTERCONTINENTAL AIRPORT, TX US","2024-07-12","3.36",,"80","89","72","  160"
"USW00012960","HOUSTON INTERCONTINENTAL AIRPORT, TX US","2024-07-13","4.47",,"80","90","75","  140"
"USW00012960","HOUSTON INTERCONTINENTAL AIRPORT, TX US","2024-07-14","2.91",,"81","93","75","  140"
"USW00012960","HOUSTON INTERCONTINENTAL AIRPORT, TX US","2024-07-15","4.70",,"85","94","78","  150"
"USW00012960","HOUSTON INTERCONTINENTAL AIRPORT, TX US","2024-07-16","6.49",,"86","96","76","  140"
"USW00012960","HOUSTON INTERCONTINENTAL AIRPORT, TX US","2024-07-17","4.25",,"85","94","78","  150"
"USW00012960","HOUSTON INTERCONTINENTAL AIRPORT, TX US","2024-07-18","4.25",,"81","87","74","  330"
"USW00012960","HOUSTON INTERCONTINENTAL AIRPORT, TX US","2024-07-19","5.59",,"82","92","76","   50"
"USW00012960","HOUSTON INTERCONTINENTAL AIRPORT, TX US","2024-07-20","3.80",,"84","94","76","  160"
"USW00012960","HOUSTON INTERCONTINENTAL AIRPORT, TX US","2024-07-21","4.25",,"85","95","77","  140"
"USW00012960","HOUSTON INTERCONTINENTAL AIRPORT, TX US","2024-07-22","4.92",,"83","92","75","   30"
"USW00012960","HOUSTON INTERCONTINENTAL AIRPORT, TX US","2024-07-23","6.26",,"78","87","75","  170"
"USW00012960","HOUSTON INTERCONTINENTAL AIRPORT, TX US","2024-07-24","4.92",,"79","85","75","  170"
"USW00012960","HOUSTON INTERCONTINENTAL AIRPORT, TX US","2024-07-25","7.38",,"76","78","73","  160"
"USW00012960","HOUSTON INTERCONTINENTAL AIRPORT, TX US","2024-07-26","4.47",,"76","80","72","  210"
"USW00012960","HOUSTON INTERCONTINENTAL AIRPORT, TX US","2024-07-27","5.82",,"77","82","76","  140"
"USW00012960","HOUSTON INTERCONTINENTAL AIRPORT, TX US","2024-07-28","3.80",,"80","87","76","  140"
"USW00012960","HOUSTON INTERCONTINENTAL AIRPORT, TX US","2024-07-29","7.61",,"85","95","79","  150"
"USW00012960","HOUSTON INTERCONTINENTAL AIRPORT, TX US","2024-07-30","6.93",,"86","96","79","  160"
"USW00012960","HOUSTON INTERCONTINENTAL AIRPORT, TX US","2024-07-31","7.83",,"87","96","79","  180"
"USW00012960","HOUSTON INTERCONTINENTAL AIRPORT, TX US","2024-08-01","5.37",,"86","97","76","  150"
"USW00012960","HOUSTON INTERCONTINENTAL AIRPORT, TX US","2024-08-02","2.91",,"87","97","79","  210"
"USW00012960","HOUSTON INTERCONTINENTAL AIRPORT, TX US","2024-08-03","5.37",,"89","99","80","  340"
"USW00012960","HOUSTON INTERCONTINENTAL AIRPORT, TX US","2024-08-04","4.70",,"86","95","77","   80"
"USW00012960","HOUSTON INTERCONTINENTAL AIRPORT, TX US","2024-08-05","4.25",,"87","97","80","   30"
"USW00012960","HOUSTON INTERCONTINENTAL AIRPORT, TX US","2024-08-06","3.58",,"87","98","78","  160"
"USW00012960","HOUSTON INTERCONTINENTAL AIRPORT, TX US","2024-08-07","5.14",,"89","100","81","  130"
"USW00012960","HOUSTON INTERCONTINENTAL AIRPORT, TX US","2024-08-08","4.70",,"89","99","80","   80"
"USW00012960","HOUSTON INTERCONTINENTAL AIRPORT, TX US","2024-08-09","6.71",,"89","98","82","   80"
"USW00012960","HOUSTON INTERCONTINENTAL AIRPORT, TX US","2024-08-10","7.38",,"87","96","79","   80"
"USW00012960","HOUSTON INTERCONTINENTAL AIRPORT, TX US","2024-08-11","6.49",,"86","96","76","   80"
"USW00012960","HOUSTON INTERCONTINENTAL AIRPORT, TX US","2024-08-12","3.80",,"87","99","76","  160"
"USW00012960","HOUSTON INTERCONTINENTAL AIRPORT, TX US","2024-08-13","4.47",,"87","94","79","  180"
"USW00012960","HOUSTON INTERCONTINENTAL AIRPORT, TX US","2024-08-14","4.03",,"87","99","78","  160"
"USW00012960","HOUSTON INTERCONTINENTAL AIRPORT, TX US","2024-08-15","5.59",,"87","98","77","  150"
"USW00012960","HOUSTON INTERCONTINENTAL AIRPORT, TX US","2024-08-16","4.92",,"89","100","78","  150"
"USW00012960","HOUSTON INTERCONTINENTAL AIRPORT, TX US","2024-08-17","3.36",,"89","100","78","  180"
"USW00012960","HOUSTON INTERCONTINENTAL AIRPORT, TX US","2024-08-18","3.58",,"89","100","80","   80"
"USW00012960","HOUSTON INTERCONTINENTAL AIRPORT, TX US","2024-08-19","4.92",,"90","101","79","  140"
"USW00012960","HOUSTON INTERCONTINENTAL AIRPORT, TX US","2024-08-20","4.25",,"90","102","82","  270"
"USW00012960","HOUSTON INTERCONTINENTAL AIRPORT, TX US","2024-08-21","7.61",,"90","102","80","  130"
"USW00012960","HOUSTON INTERCONTINENTAL AIRPORT, TX US","2024-08-22","7.16",,"90","100","81","  140"
"USW00012960","HOUSTON INTERCONTINENTAL AIRPORT, TX US","2024-08-23","7.61",,"89","98","81","  130"
"USW00012960","HOUSTON INTERCONTINENTAL AIRPORT, TX US","2024-08-24","6.04",,"86","98","76","  100"
"USW00012960","HOUSTON INTERCONTINENTAL AIRPORT, TX US","2024-08-25","7.83",,"86","99","76","   50"
"USW00012960","HOUSTON INTERCONTINENTAL AIRPORT, TX US","2024-08-26","7.61",,"83","89","76","  200"
"USW00012960","HOUSTON INTERCONTINENTAL AIRPORT, TX US","2024-08-27","5.14",,"81","91","76","  190"
"USW00012960","HOUSTON INTERCONTINENTAL AIRPORT, TX US","2024-08-28","6.71",,"82","95","76","  150"
"USW00012960","HOUSTON INTERCONTINENTAL AIRPORT, TX US","2024-08-29","6.71",,"81","90","75","  140"
"USW00012960","HOUSTON INTERCONTINENTAL AIRPORT, TX US","2024-08-30","8.50",,"79","90","77","   60"
"USW00012960","HOUSTON INTERCONTINENTAL AIRPORT, TX US","2024-08-31","8.50",,"81","91","76","   70"
"USW00012960","HOUSTON INTERCONTINENTAL AIRPORT, TX US","2024-09-01","8.05",,"81","92","77","   50"
"USW00012960","HOUSTON INTERCONTINENTAL AIRPORT, TX US","2024-09-02","10.74",,"82","91","76","  110"
"USW00012960","HOUSTON INTERCONTINENTAL AIRPORT, TX US","2024-09-03","7.83",,"83","93","77","  130"
"USW00012960","HOUSTON INTERCONTINENTAL AIRPORT, TX US","2024-09-04","9.40",,"83","90","77","   70"
"USW00012960","HOUSTON INTERCONTINENTAL AIRPORT, TX US","2024-09-05","12.30",,"80","87","76","   40"
"USW00012960","HOUSTON INTERCONTINENTAL AIRPORT, TX US","2024-09-06","12.75",,"77","83","73","   20"
"USW00012960","HOUSTON INTERCONTINENTAL AIRPORT, TX US","2024-09-07","14.99",,"78","91","70","   40"
"USW00012960","HOUSTON INTERCONTINENTAL AIRPORT, TX US","2024-09-08","12.08",,"78","88","70","   20"
"USW00012960","HOUSTON INTERCONTINENTAL AIRPORT, TX US","2024-09-09","10.07",,"78","91","67","  360"
"USW00012960","HOUSTON INTERCONTINENTAL AIRPORT, TX US","2024-09-10","11.41",,"80","89","73","   80"
"USW00012960","HOUSTON INTERCONTINENTAL AIRPORT, TX US","2024-09-11","9.17",,"78","86","74","   10"
"USW00012960","HOUSTON INTERCONTINENTAL AIRPORT, TX US","2024-09-12","5.14",,"78","89","71","  230"
"USW00012960","HOUSTON INTERCONTINENTAL AIRPORT, TX US","2024-09-13","3.36",,"80","97","68","  130"
"USW00012960","HOUSTON INTERCONTINENTAL AIRPORT, TX US","2024-09-14","5.14",,"86","97","80","  210"
"USW00012960","HOUSTON INTERCONTINENTAL AIRPORT, TX US","2024-09-15","4.47",,"86","96","77","  340"
"USW00012960","HOUSTON INTERCONTINENTAL AIRPORT, TX US","2024-09-16","5.59",,"84","96","74","   60"
"USW00012960","HOUSTON INTERCONTINENTAL AIRPORT, TX US","2024-09-17","5.14",,"83","96","73","   50"
"USW00012960","HOUSTON INTERCONTINENTAL AIRPORT, TX US","2024-09-18","4.92",,"84","97","74","  120"
"USW00012960","HOUSTON INTERCONTINENTAL AIRPORT, TX US","2024-09-19","3.80",,"85","98","74","  130"
"USW00012960","HOUSTON INTERCONTINENTAL AIRPORT, TX US","2024-09-20","3.80",,"86","98","75","  110"
"USW00012960","HOUSTON INTERCONTINENTAL AIRPORT, TX US","2024-09-21","5.59",,"85","96","75","  150"
"USW00012960","HOUSTON INTERCONTINENTAL AIRPORT, TX US","2024-09-22","5.37",,"83","96","74","   70"
"USW00012960","HOUSTON INTERCONTINENTAL AIRPORT, TX US","2024-09-23","4.92",,"83","95","73","  160"
"USW00012960","HOUSTON INTERCONTINENTAL AIRPORT, TX US","2024-09-24","3.58",,"83","95","74","  140"
"USW00012960","HOUSTON INTERCONTINENTAL AIRPORT, TX US","2024-09-25","7.61",,"82","95","75","   40"
"USW00012960","HOUSTON INTERCONTINENTAL AIRPORT, TX US","2024-09-26","8.95",,"80","89","67","   20"
"USW00012960","HOUSTON INTERCONTINENTAL AIRPORT, TX US","2024-09-27","4.70",,"78","92","64","  340"
"USW00012960","HOUSTON INTERCONTINENTAL AIRPORT, TX US","2024-09-28","4.70",,"78","94","65","  350"
"USW00012960","HOUSTON INTERCONTINENTAL AIRPORT, TX US","2024-09-29","2.01",,"79","95","65","   60"
"USW00012960","HOUSTON INTERCONTINENTAL AIRPORT, TX US","2024-09-30","3.58",,"80","95","67","  110"
"USW00012960","HOUSTON INTERCONTINENTAL AIRPORT, TX US","2024-10-01","6.04",,"82","96","70","   40"
"USW00012960","HOUSTON INTERCONTINENTAL AIRPORT, TX US","2024-10-02","6.26",,"82","94","70","   60"
"USW00012960","HOUSTON INTERCONTINENTAL AIRPORT, TX US","2024-10-03","6.49",,"80","93","69","   80"
"USW00012960","HOUSTON INTERCONTINENTAL AIRPORT, TX US","2024-10-04","9.62",,"81","94","72","   90"
"USW00012960","HOUSTON INTERCONTINENTAL AIRPORT, TX US","2024-10-05","6.93",,"80","88","74","   50"
"USW00012960","HOUSTON INTERCONTINENTAL AIRPORT, TX US","2024-10-06","8.28",,"82","94","74","  360"
"USW00012960","HOUSTON INTERCONTINENTAL AIRPORT, TX US","2024-10-07","6.71",,"81","94","69","   50"
"USW00012960","HOUSTON INTERCONTINENTAL AIRPORT, TX US","2024-10-08","8.28",,"79","90","63","   10"
"USW00012960","HOUSTON INTERCONTINENTAL AIRPORT, TX US","2024-10-09","5.59",,"73","92","57","   30"
"USW00012960","HOUSTON INTERCONTINENTAL AIRPORT, TX US","2024-10-10","4.47",,"76","92","60","   50"
"USW00012960","HOUSTON INTERCONTINENTAL AIRPORT, TX US","2024-10-11","3.36",,"74","93","59","  150"
"USW00012960","HOUSTON INTERCONTINENTAL AIRPORT, TX US","2024-10-12","4.70",,"75","91","61","  170"
"USW00012960","HOUSTON INTERCONTINENTAL AIRPORT, TX US","2024-10-13","5.82",,"80","94","66","  200"
"USW00012960","HOUSTON INTERCONTINENTAL AIRPORT, TX US","2024-10-14","7.61",,"82","99","72","  360"
"USW00012960","HOUSTON INTERCONTINENTAL AIRPORT, TX US","2024-10-15","5.37",,"80","98","62","   60"
"USW00012960","HOUSTON INTERCONTINENTAL AIRPORT, TX US","2024-10-16","13.87",,"71","77","52","   50"
"USW00012960","HOUSTON INTERCONTINENTAL AIRPORT, TX US","2024-10-17","7.83",,"61","76","47","  120"
"USW00012960","HOUSTON INTERCONTINENTAL AIRPORT, TX US","2024-10-18","10.51",,"65","83","52","  140"
"USW00012960","HOUSTON INTERCONTINENTAL AIRPORT, TX US","2024-10-19","7.16",,"69","85","56","   80"
"USW00012960","HOUSTON INTERCONTINENTAL AIRPORT, TX US","2024-10-20","5.82",,"72","86","59","  110"
"USW00012960","HOUSTON INTERCONTINENTAL AIRPORT, TX US","2024-10-21","4.70",,"70","86","56","  130"
"USW00012960","HOUSTON INTERCONTINENTAL AIRPORT, TX US","2024-10-22","4.70",,"70","87","56","  140"
"USW00012960","HOUSTON INTERCONTINENTAL AIRPORT, TX US","2024-10-23","4.25",,"74","91","61","  140"
"USW00012960","HOUSTON INTERCONTINENTAL AIRPORT, TX US","2024-10-24","5.82",,"74","89","58","  120"
"USW00012960","HOUSTON INTERCONTINENTAL AIRPORT, TX US","2024-10-25","5.82",,"75","92","62","  150"
"USW00012960","HOUSTON INTERCONTINENTAL AIRPORT, TX US","2024-10-26","3.80",,"77","91","66","  140"
"USW00012960","HOUSTON INTERCONTINENTAL AIRPORT, TX US","2024-10-27","4.92",,"77","90","64","  170"
"USW00012960","HOUSTON INTERCONTINENTAL AIRPORT, TX US","2024-10-28","10.07",,"75","89","63","  140"
"USW00012960","HOUSTON INTERCONTINENTAL AIRPORT, TX US","2024-10-29","14.99",,"80","88","72","  140"
"USW00012960","HOUSTON INTERCONTINENTAL AIRPORT, TX US","2024-10-30","13.42",,"78","86","72","  200"
"USW00012960","HOUSTON INTERCONTINENTAL AIRPORT, TX US","2024-10-31","6.26",,"79","87","71","   90"
"USW00012960","HOUSTON INTERCONTINENTAL AIRPORT, TX US","2024-11-01","8.50",,"76","84","72","   60"
"USW00012960","HOUSTON INTERCONTINENTAL AIRPORT, TX US","2024-11-02","9.84",,"75","84","72","  140"
"USW00012960","HOUSTON INTERCONTINENTAL AIRPORT, TX US","2024-11-03","12.75",,"78","85","75","  160"
"USW00012960","HOUSTON INTERCONTINENTAL AIRPORT, TX US","2024-11-04","15.66",,"80","86","78","  170"
"USW00012960","HOUSTON INTERCONTINENTAL AIRPORT, TX US","2024-11-05","8.72",,"77","82","66","  150"
"USW00012960","HOUSTON INTERCONTINENTAL AIRPORT, TX US","2024-11-06","5.37",,"73","86","64","  110"
"USW00012960","HOUSTON INTERCONTINENTAL AIRPORT, TX US","2024-11-07","8.72",,"79","89","74","  100"
"USW00012960","HOUSTON INTERCONTINENTAL AIRPORT, TX US","2024-11-08","11.18",,"79","87","73","  130"
"USW00012960","HOUSTON INTERCONTINENTAL AIRPORT, TX US","2024-11-09","9.17",,"74","83","66","  300"
"USW00012960","HOUSTON INTERCONTINENTAL AIRPORT, TX US","2024-11-10","6.04",,"74","81","69","   20"
"USW00012960","HOUSTON INTERCONTINENTAL AIRPORT, TX US","2024-11-11","4.70",,"72","86","63","   10"
"USW00012960","HOUSTON INTERCONTINENTAL AIRPORT, TX US","2024-11-12","4.03",,"69","81","60","   60"
"USW00012960","HOUSTON INTERCONTINENTAL AIRPORT, TX US","2024-11-13","5.59",,"68","85","56","  340"
"USW00012960","HOUSTON INTERCONTINENTAL AIRPORT, TX US","2024-11-14","7.83",,"68","78","52","   50"
"USW00012960","HOUSTON INTERCONTINENTAL AIRPORT, TX US","2024-11-15","4.25",,"60","76","48","  100"
"USW00012960","HOUSTON INTERCONTINENTAL AIRPORT, TX US","2024-11-16","7.83",,"63","79","51","  130"
"USW00012960","HOUSTON INTERCONTINENTAL AIRPORT, TX US","2024-11-17","10.74",,"75","82","71","  150"
"USW00012960","HOUSTON INTERCONTINENTAL AIRPORT, TX US","2024-11-18","10.29",,"77","86","62","  180"
"USW00012960","HOUSTON INTERCONTINENTAL AIRPORT, TX US","2024-11-19","3.13",,"67","82","53","  280"
"USW00012960","HOUSTON INTERCONTINENTAL AIRPORT, TX US","2024-11-20","12.30",,"63","70","51","   10"
"USW00012960","HOUSTON INTERCONTINENTAL AIRPORT, TX US","2024-11-21","3.36",,"58","72","43","  250"
"USW00012960","HOUSTON INTERCONTINENTAL AIRPORT, TX US","2024-11-22","2.91",,"58","76","45","   70"
"USW00012960","HOUSTON INTERCONTINENTAL AIRPORT, TX US","2024-11-23","5.59",,"59","76","46","  130"
"USW00012960","HOUSTON INTERCONTINENTAL AIRPORT, TX US","2024-11-24","6.04",,"67","83","53","  150"
"USW00012960","HOUSTON INTERCONTINENTAL AIRPORT, TX US","2024-11-25","9.17",,"74","86","56","  330"
"USW00012960","HOUSTON INTERCONTINENTAL AIRPORT, TX US","2024-11-26","5.82",,"59","70","48","  350"
"USW00012960","HOUSTON INTERCONTINENTAL AIRPORT, TX US","2024-11-27","6.71",,"66","81","58","  240"
"USW00012960","HOUSTON INTERCONTINENTAL AIRPORT, TX US","2024-11-28","12.97",,"67","73","51","  350"
"USW00012960","HOUSTON INTERCONTINENTAL AIRPORT, TX US","2024-11-29","12.08",,"53","62","45","   30"
"USW00012960","HOUSTON INTERCONTINENTAL AIRPORT, TX US","2024-11-30","5.82",,"50","64","39","  120"
"USW00012960","HOUSTON INTERCONTINENTAL AIRPORT, TX US","2024-12-01","6.04",,"59","70","50","   40"
"USW00012960","HOUSTON INTERCONTINENTAL AIRPORT, TX US","2024-12-02","5.82",,"55","68","41","   80"
"USW00012960","HOUSTON INTERCONTINENTAL AIRPORT, TX US","2024-12-03","7.61",,"55","68","42","  110"
"USW00012960","HOUSTON INTERCONTINENTAL AIRPORT, TX US","2024-12-04","7.61",,"62","74","54","  140"
"USW00012960","HOUSTON INTERCONTINENTAL AIRPORT, TX US","2024-12-05","10.51",,"64","69","54","   40"
"USW00012960","HOUSTON INTERCONTINENTAL AIRPORT, TX US","2024-12-06","11.18",,"53","60","43","   50"
"USW00012960","HOUSTON INTERCONTINENTAL AIRPORT, TX US","2024-12-07","9.62",,"48","54","44","  100"
"USW00012960","HOUSTON INTERCONTINENTAL AIRPORT, TX US","2024-12-08","4.25",,"55","63","52","  300"
"USW00012960","HOUSTON INTERCONTINENTAL AIRPORT, TX US","2024-12-09","6.26",,"64","76","60","  210"
"USW00012960","HOUSTON INTERCONTINENTAL AIRPORT, TX US","2024-12-10","14.54",,"63","68","47","  330"
"USW00012960","HOUSTON INTERCONTINENTAL AIRPORT, TX US","2024-12-11","6.04",,"51","64","39","  360"
"USW00012960","HOUSTON INTERCONTINENTAL AIRPORT, TX US","2024-12-12","7.61",,"48","64","35","  110"
"USW00012960","HOUSTON INTERCONTINENTAL AIRPORT, TX US","2024-12-13","12.30",,"59","66","57","  120"
"USW00012960","HOUSTON INTERCONTINENTAL AIRPORT, TX US","2024-12-14","6.71",,"67","77","64","  160"
"USW00012960","HOUSTON INTERCONTINENTAL AIRPORT, TX US","2024-12-15","7.83",,"72","82","66","  160"
"USW00012960","HOUSTON INTERCONTINENTAL AIRPORT, TX US","2024-12-16","6.93",,"72","81","65","  130"
"USW00012960","HOUSTON INTERCONTINENTAL AIRPORT, TX US","2024-12-17","6.04",,"71","81","64","  130"
"USW00012960","HOUSTON INTERCONTINENTAL AIRPORT, TX US","2024-12-18","7.16",,"68","77","54","  340"
"USW00012960","HOUSTON INTERCONTINENTAL AIRPORT, TX US","2024-12-19","4.03",,"55","66","47","  350"
"USW00012960","HOUSTON INTERCONTINENTAL AIRPORT, TX US","2024-12-20","6.93",,"57","72","46","  340"
"USW00012960","HOUSTON INTERCONTINENTAL AIRPORT, TX US","2024-12-21","6.49",,"51","61","39","   70"
"USW00012960","HOUSTON INTERCONTINENTAL AIRPORT, TX US","2024-12-22","7.83",,"49","65","37","  110"
"USW00012960","HOUSTON INTERCONTINENTAL AIRPORT, TX US","2024-12-23","11.41",,"58","74","46","  140"
"USW00012960","HOUSTON INTERCONTINENTAL AIRPORT, TX US","2024-12-24","10.07",,"67","77","63","  160"
"USW00012960","HOUSTON INTERCONTINENTAL AIRPORT, TX US","2024-12-25","8.28",,"64","69","57","  300"
"USW00012960","HOUSTON INTERCONTINENTAL AIRPORT, TX US","2024-12-26","7.61",,"67","75","58","  170"
"USW00012960","HOUSTON INTERCONTINENTAL AIRPORT, TX US","2024-12-27","4.70",,"65","79","51","  240"
"USW00012960","HOUSTON INTERCONTINENTAL AIRPORT, TX US","2024-12-28","7.83",,"72","80","53","  200"
"USW00012960","HOUSTON INTERCONTINENTAL AIRPORT, TX US","2024-12-29","3.36",,"57","67","52","   40"
"USW00012960","HOUSTON INTERCONTINENTAL AIRPORT, TX US","2024-12-30","7.16",,"64","82","57","  210"
"USW00012960","HOUSTON INTERCONTINENTAL AIRPORT, TX US","2024-12-31","8.50",,"67","73","51","  360"
"USW00012918","HOUSTON WILLIAM P HOBBY AIRPORT, TX US","2014-01-01","2.68",,"53","66","47","  170"
"USW00012918","HOUSTON WILLIAM P HOBBY AIRPORT, TX US","2014-01-02","14.32",,"53","59","40","  350"
"USW00012918","HOUSTON WILLIAM P HOBBY AIRPORT, TX US","2014-01-03","6.49",,"42","52","34","  120"
"USW00012918","HOUSTON WILLIAM P HOBBY AIRPORT, TX US","2014-01-04","9.17",,"51","67","39","  150"
"USW00012918","HOUSTON WILLIAM P HOBBY AIRPORT, TX US","2014-01-05","14.99",,"58","65","37","  350"
"USW00012918","HOUSTON WILLIAM P HOBBY AIRPORT, TX US","2014-01-06","14.54",,"34","37","28","  350"
"USW00012918","HOUSTON WILLIAM P HOBBY AIRPORT, TX US","2014-01-07","6.71",,"33","45","25","  100"
"USW00012918","HOUSTON WILLIAM P HOBBY AIRPORT, TX US","2014-01-08","10.29",,"50","57","45","  120"
"USW00012918","HOUSTON WILLIAM P HOBBY AIRPORT, TX US","2014-01-09","8.50",,"60","70","55","  160"
"USW00012918","HOUSTON WILLIAM P HOBBY AIRPORT, TX US","2014-01-10","7.83",,"62","70","56","  240"
"USW00012918","HOUSTON WILLIAM P HOBBY AIRPORT, TX US","2014-01-11","8.05",,"67","75","47","  310"
"USW00012918","HOUSTON WILLIAM P HOBBY AIRPORT, TX US","2014-01-12","7.16",,"56","73","40","  120"
"USW00012918","HOUSTON WILLIAM P HOBBY AIRPORT, TX US","2014-01-13","11.86",,"66","72","49","  300"
"USW00012918","HOUSTON WILLIAM P HOBBY AIRPORT, TX US","2014-01-14","6.26",,"56","71","38","  360"
"USW00012918","HOUSTON WILLIAM P HOBBY AIRPORT, TX US","2014-01-15","10.07",,"53","60","40","  340"
"USW00012918","HOUSTON WILLIAM P HOBBY AIRPORT, TX US","2014-01-16","6.93",,"52","70","40","  200"
"USW00012918","HOUSTON WILLIAM P HOBBY AIRPORT, TX US","2014-01-17","8.28",,"56","64","41","  350"
"USW00012918","HOUSTON WILLIAM P HOBBY AIRPORT, TX US","2014-01-18","5.14",,"51","68","36","  170"
"USW00012918","HOUSTON WILLIAM P HOBBY AIRPORT, TX US","2014-01-19","5.37",,"58","70","47","  330"
"USW00012918","HOUSTON WILLIAM P HOBBY AIRPORT, TX US","2014-01-20","7.38",,"58","77","44","  210"
"USW00012918","HOUSTON WILLIAM P HOBBY AIRPORT, TX US","2014-01-21","14.54",,"59","63","42","   10"
"USW00012918","HOUSTON WILLIAM P HOBBY AIRPORT, TX US","2014-01-22","5.14",,"51","69","35","  200"
"USW00012918","HOUSTON WILLIAM P HOBBY AIRPORT, TX US","2014-01-23","14.54",,"54","61","35","   10"
"USW00012918","HOUSTON WILLIAM P HOBBY AIRPORT, TX US","2014-01-24","11.86",,"33","36","29","   40"
"USW00012918","HOUSTON WILLIAM P HOBBY AIRPORT, TX US","2014-01-25","6.26",,"40","60","28","  260"
"USW00012918","HOUSTON WILLIAM P HOBBY AIRPORT, TX US","2014-01-26","7.38",,"55","71","44","  210"
"USW00012918","HOUSTON WILLIAM P HOBBY AIRPORT, TX US","2014-01-27","11.86",,"58","66","50","  360"
"USW00012918","HOUSTON WILLIAM P HOBBY AIRPORT, TX US","2014-01-28","14.09",,"41","50","30","   10"
"USW00012918","HOUSTON WILLIAM P HOBBY AIRPORT, TX US","2014-01-29","7.38",,"35","42","27","   40"
"USW00012918","HOUSTON WILLIAM P HOBBY AIRPORT, TX US","2014-01-30","8.05",,"41","60","26","  190"
"USW00012918","HOUSTON WILLIAM P HOBBY AIRPORT, TX US","2014-01-31","11.41",,"62","71","58","  180"
"USW00012918","HOUSTON WILLIAM P HOBBY AIRPORT, TX US","2014-02-01","10.96",,"67","74","62","  180"
"USW00012918","HOUSTON WILLIAM P HOBBY AIRPORT, TX US","2014-02-02","13.20",,"61","69","41","  340"
"USW00012918","HOUSTON WILLIAM P HOBBY AIRPORT, TX US","2014-02-03","10.07",,"43","52","40","  360"
"USW00012918","HOUSTON WILLIAM P HOBBY AIRPORT, TX US","2014-02-04","8.95",,"48","52","45","  340"
"USW00012918","HOUSTON WILLIAM P HOBBY AIRPORT, TX US","2014-02-05","14.32",,"46","52","39","  350"
"USW00012918","HOUSTON WILLIAM P HOBBY AIRPORT, TX US","2014-02-06","13.20",,"38","41","34","   10"
"USW00012918","HOUSTON WILLIAM P HOBBY AIRPORT, TX US","2014-02-07","9.17",,"37","40","36","   30"
"USW00012918","HOUSTON WILLIAM P HOBBY AIRPORT, TX US","2014-02-08","3.58",,"45","57","40","  210"
"USW00012918","HOUSTON WILLIAM P HOBBY AIRPORT, TX US","2014-02-09","4.47",,"53","67","49","  270"
"USW00012918","HOUSTON WILLIAM P HOBBY AIRPORT, TX US","2014-02-10","10.07",,"56","63","40","   10"
"USW00012918","HOUSTON WILLIAM P HOBBY AIRPORT, TX US","2014-02-11","14.54",,"40","42","35","   40"
"USW00012918","HOUSTON WILLIAM P HOBBY AIRPORT, TX US","2014-02-12","9.84",,"40","52","35","  340"
"USW00012918","HOUSTON WILLIAM P HOBBY AIRPORT, TX US","2014-02-13","3.58",,"46","62","31","  220"
"USW00012918","HOUSTON WILLIAM P HOBBY AIRPORT, TX US","2014-02-14","9.62",,"56","78","42","  220"
"USW00012918","HOUSTON WILLIAM P HOBBY AIRPORT, TX US","2014-02-15","8.72",,"59","65","47","  110"
"USW00012918","HOUSTON WILLIAM P HOBBY AIRPORT, TX US","2014-02-16","7.61",,"62","76","55","  170"
"USW00012918","HOUSTON WILLIAM P HOBBY AIRPORT, TX US","2014-02-17","7.16",,"70","81","65","  230"
"USW00012918","HOUSTON WILLIAM P HOBBY AIRPORT, TX US","2014-02-18","9.62",,"69","80","64","  150"
"USW00012918","HOUSTON WILLIAM P HOBBY AIRPORT, TX US","2014-02-19","9.84",,"69","77","63","  170"
"USW00012918","HOUSTON WILLIAM P HOBBY AIRPORT, TX US","2014-02-20","12.75",,"71","78","59","  340"
"USW00012918","HOUSTON WILLIAM P HOBBY AIRPORT, TX US","2014-02-21","8.05",,"60","66","48","   30"
"USW00012918","HOUSTON WILLIAM P HOBBY AIRPORT, TX US","2014-02-22","6.71",,"57","69","49","  150"
"USW00012918","HOUSTON WILLIAM P HOBBY AIRPORT, TX US","2014-02-23","3.58",,"66","79","61","  290"
"USW00012918","HOUSTON WILLIAM P HOBBY AIRPORT, TX US","2014-02-24","6.26",,"66","67","63","  110"
"USW00012918","HOUSTON WILLIAM P HOBBY AIRPORT, TX US","2014-02-25","5.14",,"67","79","62","  360"
"USW00012918","HOUSTON WILLIAM P HOBBY AIRPORT, TX US","2014-02-26","16.11",,"55","62","40","   20"
"USW00012918","HOUSTON WILLIAM P HOBBY AIRPORT, TX US","2014-02-27","5.82",,"44","56","36","   60"
"USW00012918","HOUSTON WILLIAM P HOBBY AIRPORT, TX US","2014-02-28","8.28",,"55","71","42","  190"
"USW00012918","HOUSTON WILLIAM P HOBBY AIRPORT, TX US","2014-03-01","9.40",,"70","82","64","  160"
"USW00012918","HOUSTON WILLIAM P HOBBY AIRPORT, TX US","2014-03-02","13.87",,"71","77","36","  310"
"USW00012918","HOUSTON WILLIAM P HOBBY AIRPORT, TX US","2014-03-03","17.45",,"37","46","28","  360"
"USW00012918","HOUSTON WILLIAM P HOBBY AIRPORT, TX US","2014-03-04","7.61",,"35","39","32","   30"
"USW00012918","HOUSTON WILLIAM P HOBBY AIRPORT, TX US","2014-03-05","5.82",,"44","57","39","  110"
"USW00012918","HOUSTON WILLIAM P HOBBY AIRPORT, TX US","2014-03-06","10.29",,"52","61","46","   10"
"USW00012918","HOUSTON WILLIAM P HOBBY AIRPORT, TX US","2014-03-07","5.59",,"53","66","40","  170"
"USW00012918","HOUSTON WILLIAM P HOBBY AIRPORT, TX US","2014-03-08","7.61",,"60","67","55","  340"
"USW00012918","HOUSTON WILLIAM P HOBBY AIRPORT, TX US","2014-03-09","9.40",,"55","60","47","  350"
"USW00012918","HOUSTON WILLIAM P HOBBY AIRPORT, TX US","2014-03-10","4.92",,"58","71","49","  130"
"USW00012918","HOUSTON WILLIAM P HOBBY AIRPORT, TX US","2014-03-11","7.61",,"64","75","58","  240"
"USW00012918","HOUSTON WILLIAM P HOBBY AIRPORT, TX US","2014-03-12","17.00",,"62","69","52","  350"
"USW00012918","HOUSTON WILLIAM P HOBBY AIRPORT, TX US","2014-03-13","6.71",,"56","65","44","  100"
"USW00012918","HOUSTON WILLIAM P HOBBY AIRPORT, TX US","2014-03-14","8.05",,"60","73","51","  150"
"USW00012918","HOUSTON WILLIAM P HOBBY AIRPORT, TX US","2014-03-15","7.38",,"66","70","63","  120"
"USW00012918","HOUSTON WILLIAM P HOBBY AIRPORT, TX US","2014-03-16","14.76",,"66","70","46","  320"
"USW00012918","HOUSTON WILLIAM P HOBBY AIRPORT, TX US","2014-03-17","10.51",,"51","63","44","  360"
"USW00012918","HOUSTON WILLIAM P HOBBY AIRPORT, TX US","2014-03-18","10.74",,"59","75","47","  180"
"USW00012918","HOUSTON WILLIAM P HOBBY AIRPORT, TX US","2014-03-19","4.70",,"66","74","59","  350"
"USW00012918","HOUSTON WILLIAM P HOBBY AIRPORT, TX US","2014-03-20","6.71",,"66","76","56","   50"
"USW00012918","HOUSTON WILLIAM P HOBBY AIRPORT, TX US","2014-03-21","8.28",,"64","76","54","  150"
"USW00012918","HOUSTON WILLIAM P HOBBY AIRPORT, TX US","2014-03-22","4.92",,"70","81","66","  160"
"USW00012918","HOUSTON WILLIAM P HOBBY AIRPORT, TX US","2014-03-23","11.86",,"65","70","55","   10"
"USW00012918","HOUSTON WILLIAM P HOBBY AIRPORT, TX US","2014-03-24","5.82",,"56","61","51","   50"
"USW00012918","HOUSTON WILLIAM P HOBBY AIRPORT, TX US","2014-03-25","6.49",,"58","70","49","   10"
"USW00012918","HOUSTON WILLIAM P HOBBY AIRPORT, TX US","2014-03-26","9.62",,"58","67","52","  120"
"USW00012918","HOUSTON WILLIAM P HOBBY AIRPORT, TX US","2014-03-27","10.51",,"66","71","63","  150"
"USW00012918","HOUSTON WILLIAM P HOBBY AIRPORT, TX US","2014-03-28","7.61",,"73","84","62","  160"
"USW00012918","HOUSTON WILLIAM P HOBBY AIRPORT, TX US","2014-03-29","10.51",,"67","79","56","   10"
"USW00012918","HOUSTON WILLIAM P HOBBY AIRPORT, TX US","2014-03-30","7.16",,"64","71","54","  100"
"USW00012918","HOUSTON WILLIAM P HOBBY AIRPORT, TX US","2014-03-31","9.40",,"64","76","55","  160"
"USW00012918","HOUSTON WILLIAM P HOBBY AIRPORT, TX US","2014-04-01","8.72",,"71","81","67","  150"
"USW00012918","HOUSTON WILLIAM P HOBBY AIRPORT, TX US","2014-04-02","12.30",,"73","80","71","  170"
"USW00012918","HOUSTON WILLIAM P HOBBY AIRPORT, TX US","2014-04-03","10.29",,"73","74","71","  160"
"USW00012918","HOUSTON WILLIAM P HOBBY AIRPORT, TX US","2014-04-04","13.42",,"71","76","63","  340"
"USW00012918","HOUSTON WILLIAM P HOBBY AIRPORT, TX US","2014-04-05","11.63",,"65","73","59","   90"
"USW00012918","HOUSTON WILLIAM P HOBBY AIRPORT, TX US","2014-04-06","9.62",,"62","66","55","  310"
"USW00012918","HOUSTON WILLIAM P HOBBY AIRPORT, TX US","2014-04-07","9.17",,"60","75","53","  340"
"USW00012918","HOUSTON WILLIAM P HOBBY AIRPORT, TX US","2014-04-08","13.42",,"65","74","53","  320"
"USW00012918","HOUSTON WILLIAM P HOBBY AIRPORT, TX US","2014-04-09","6.04",,"63","79","47","  160"
"USW00012918","HOUSTON WILLIAM P HOBBY AIRPORT, TX US","2014-04-10","11.41",,"68","80","58","  160"
"USW00012918","HOUSTON WILLIAM P HOBBY AIRPORT, TX US","2014-04-11","8.50",,"69","80","62","  150"
"USW00012918","HOUSTON WILLIAM P HOBBY AIRPORT, TX US","2014-04-12","10.51",,"71","81","65","  160"
"USW00012918","HOUSTON WILLIAM P HOBBY AIRPORT, TX US","2014-04-13","11.18",,"72","78","70","  180"
"USW00012918","HOUSTON WILLIAM P HOBBY AIRPORT, TX US","2014-04-14","14.09",,"67","77","47","  340"
"USW00012918","HOUSTON WILLIAM P HOBBY AIRPORT, TX US","2014-04-15","11.63",,"52","64","43","   10"
"USW00012918","HOUSTON WILLIAM P HOBBY AIRPORT, TX US","2014-04-16","8.28",,"56","68","44","  110"
"USW00012918","HOUSTON WILLIAM P HOBBY AIRPORT, TX US","2014-04-17","8.50",,"63","70","59","  110"
"USW00012918","HOUSTON WILLIAM P HOBBY AIRPORT, TX US","2014-04-18","6.49",,"67","79","58","   20"
"USW00012918","HOUSTON WILLIAM P HOBBY AIRPORT, TX US","2014-04-19","5.14",,"68","79","58","  160"
"USW00012918","HOUSTON WILLIAM P HOBBY AIRPORT, TX US","2014-04-20","4.92",,"68","79","60","  160"
"USW00012918","HOUSTON WILLIAM P HOBBY AIRPORT, TX US","2014-04-21","6.26",,"69","79","60","  160"
"USW00012918","HOUSTON WILLIAM P HOBBY AIRPORT, TX US","2014-04-22","4.03",,"72","84","64",
"USW00012918","HOUSTON WILLIAM P HOBBY AIRPORT, TX US","2014-04-23","7.16",,"72","83","64","  150"
"USW00012918","HOUSTON WILLIAM P HOBBY AIRPORT, TX US","2014-04-24","7.83",,"74","83","68","  170"
"USW00012918","HOUSTON WILLIAM P HOBBY AIRPORT, TX US","2014-04-25","5.37",,"76","86","68","  130"
"USW00012918","HOUSTON WILLIAM P HOBBY AIRPORT, TX US","2014-04-26","9.84",,"74","83","69","  150"
"USW00012918","HOUSTON WILLIAM P HOBBY AIRPORT, TX US","2014-04-27","14.99",,"78","86","74","  190"
"USW00012918","HOUSTON WILLIAM P HOBBY AIRPORT, TX US","2014-04-28","8.50",,"81","93","71","  190"
"USW00012918","HOUSTON WILLIAM P HOBBY AIRPORT, TX US","2014-04-29","11.63",,"77","87","67","  260"
"USW00012918","HOUSTON WILLIAM P HOBBY AIRPORT, TX US","2014-04-30","11.18",,"69","75","59","  350"
"USW00012918","HOUSTON WILLIAM P HOBBY AIRPORT, TX US","2014-05-01","4.92",,"64","73","54","  360"
"USW00012918","HOUSTON WILLIAM P HOBBY AIRPORT, TX US","2014-05-02","6.71",,"66","80","52","  310"
"USW00012918","HOUSTON WILLIAM P HOBBY AIRPORT, TX US","2014-05-03","9.40",,"71","88","55","  240"
"USW00012918","HOUSTON WILLIAM P HOBBY AIRPORT, TX US","2014-05-04","7.83",,"72","87","56","  210"
"USW00012918","HOUSTON WILLIAM P HOBBY AIRPORT, TX US","2014-05-05","9.40",,"71","83","60","  200"
"USW00012918","HOUSTON WILLIAM P HOBBY AIRPORT, TX US","2014-05-06","10.07",,"73","83","65","  170"
"USW00012918","HOUSTON WILLIAM P HOBBY AIRPORT, TX US","2014-05-07","10.51",,"73","84","64","  160"
"USW00012918","HOUSTON WILLIAM P HOBBY AIRPORT, TX US","2014-05-08","12.30",,"76","79","74","  170"
"USW00012918","HOUSTON WILLIAM P HOBBY AIRPORT, TX US","2014-05-09","7.83",,"77","84","67","  330"
"USW00012918","HOUSTON WILLIAM P HOBBY AIRPORT, TX US","2014-05-10","8.28",,"75","87","67","  110"
"USW00012918","HOUSTON WILLIAM P HOBBY AIRPORT, TX US","2014-05-11","12.75",,"79","86","75","  150"
"USW00012918","HOUSTON WILLIAM P HOBBY AIRPORT, TX US","2014-05-12","12.30",,"78","83","76","  170"
"USW00012918","HOUSTON WILLIAM P HOBBY AIRPORT, TX US","2014-05-13","13.87",,"72","77","62","   10"
"USW00012918","HOUSTON WILLIAM P HOBBY AIRPORT, TX US","2014-05-14","17.00",,"65","72","56","  340"
"USW00012918","HOUSTON WILLIAM P HOBBY AIRPORT, TX US","2014-05-15","5.37",,"65","78","50","  180"
"USW00012918","HOUSTON WILLIAM P HOBBY AIRPORT, TX US","2014-05-16","10.74",,"71","84","58","  190"
"USW00012918","HOUSTON WILLIAM P HOBBY AIRPORT, TX US","2014-05-17","10.74",,"72","86","61","  180"
"USW00012918","HOUSTON WILLIAM P HOBBY AIRPORT, TX US","2014-05-18","5.82",,"73","83","64","  150"
"USW00012918","HOUSTON WILLIAM P HOBBY AIRPORT, TX US","2014-05-19","9.17",,"74","84","67","  180"
"USW00012918","HOUSTON WILLIAM P HOBBY AIRPORT, TX US","2014-05-20","9.62",,"76","85","70","  140"
"USW00012918","HOUSTON WILLIAM P HOBBY AIRPORT, TX US","2014-05-21","8.05",,"77","86","69","  170"
"USW00012918","HOUSTON WILLIAM P HOBBY AIRPORT, TX US","2014-05-22","6.26",,"78","87","70","  150"
"USW00012918","HOUSTON WILLIAM P HOBBY AIRPORT, TX US","2014-05-23","6.71",,"76","86","69","  150"
"USW00012918","HOUSTON WILLIAM P HOBBY AIRPORT, TX US","2014-05-24","7.38",,"77","87","69","  160"
"USW00012918","HOUSTON WILLIAM P HOBBY AIRPORT, TX US","2014-05-25","6.49",,"78","87","71","  160"
"USW00012918","HOUSTON WILLIAM P HOBBY AIRPORT, TX US","2014-05-26","6.71",,"76","80","71","  200"
"USW00012918","HOUSTON WILLIAM P HOBBY AIRPORT, TX US","2014-05-27","5.82",,"72","77","65","  230"
"USW00012918","HOUSTON WILLIAM P HOBBY AIRPORT, TX US","2014-05-28","3.13",,"75","83","69","  330"
"USW00012918","HOUSTON WILLIAM P HOBBY AIRPORT, TX US","2014-05-29","3.80",,"78","88","69","  340"
"USW00012918","HOUSTON WILLIAM P HOBBY AIRPORT, TX US","2014-05-30","5.82",,"79","88","72","  160"
"USW00012918","HOUSTON WILLIAM P HOBBY AIRPORT, TX US","2014-05-31","3.80",,"78","85","73","  150"
"USW00012918","HOUSTON WILLIAM P HOBBY AIRPORT, TX US","2014-06-01","5.37",,"80","88","73","  140"
"USW00012918","HOUSTON WILLIAM P HOBBY AIRPORT, TX US","2014-06-02","7.61",,"80","88","75","  130"
"USW00012918","HOUSTON WILLIAM P HOBBY AIRPORT, TX US","2014-06-03","5.82",,"80","88","75","  110"
"USW00012918","HOUSTON WILLIAM P HOBBY AIRPORT, TX US","2014-06-04","5.59",,"80","89","73","  150"
"USW00012918","HOUSTON WILLIAM P HOBBY AIRPORT, TX US","2014-06-05","8.28",,"81","90","75","  210"
"USW00012918","HOUSTON WILLIAM P HOBBY AIRPORT, TX US","2014-06-06","6.71",,"82","90","75","  180"
"USW00012918","HOUSTON WILLIAM P HOBBY AIRPORT, TX US","2014-06-07","6.04",,"82","92","74","  190"
"USW00012918","HOUSTON WILLIAM P HOBBY AIRPORT, TX US","2014-06-08","7.61",,"82","91","75","  170"
"USW00012918","HOUSTON WILLIAM P HOBBY AIRPORT, TX US","2014-06-09","9.17",,"80","88","75","  200"
"USW00012918","HOUSTON WILLIAM P HOBBY AIRPORT, TX US","2014-06-10","9.62",,"82","91","72","  280"
"USW00012918","HOUSTON WILLIAM P HOBBY AIRPORT, TX US","2014-06-11","4.70",,"81","93","69","  160"
"USW00012918","HOUSTON WILLIAM P HOBBY AIRPORT, TX US","2014-06-12","8.28",,"84","93","77","  160"
"USW00012918","HOUSTON WILLIAM P HOBBY AIRPORT, TX US","2014-06-13","5.82",,"83","89","76","  170"
"USW00012918","HOUSTON WILLIAM P HOBBY AIRPORT, TX US","2014-06-14","5.82",,"81","90","73","  150"
"USW00012918","HOUSTON WILLIAM P HOBBY AIRPORT, TX US","2014-06-15","8.50",,"82","91","75","  180"
"USW00012918","HOUSTON WILLIAM P HOBBY AIRPORT, TX US","2014-06-16","9.17",,"83","91","78","  150"
"USW00012918","HOUSTON WILLIAM P HOBBY AIRPORT, TX US","2014-06-17","9.62",,"84","91","79","  160"
"USW00012918","HOUSTON WILLIAM P HOBBY AIRPORT, TX US","2014-06-18","8.28",,"82","89","78","  190"
"USW00012918","HOUSTON WILLIAM P HOBBY AIRPORT, TX US","2014-06-19","7.38",,"83","91","76","  150"
"USW00012918","HOUSTON WILLIAM P HOBBY AIRPORT, TX US","2014-06-20","5.82",,"82","90","76","  220"
"USW00012918","HOUSTON WILLIAM P HOBBY AIRPORT, TX US","2014-06-21","5.37",,"81","91","73","  190"
"USW00012918","HOUSTON WILLIAM P HOBBY AIRPORT, TX US","2014-06-22","7.16",,"83","91","78","  200"
"USW00012918","HOUSTON WILLIAM P HOBBY AIRPORT, TX US","2014-06-23","7.16",,"81","90","75","  270"
"USW00012918","HOUSTON WILLIAM P HOBBY AIRPORT, TX US","2014-06-24","4.03",,"79","92","71","  200"
"USW00012918","HOUSTON WILLIAM P HOBBY AIRPORT, TX US","2014-06-25","4.92",,"76","81","73","  200"
"USW00012918","HOUSTON WILLIAM P HOBBY AIRPORT, TX US","2014-06-26","5.82",,"76","84","73","  150"
"USW00012918","HOUSTON WILLIAM P HOBBY AIRPORT, TX US","2014-06-27","11.41",,"80","89","75","  170"
"USW00012918","HOUSTON WILLIAM P HOBBY AIRPORT, TX US","2014-06-28","10.07",,"82","87","78","  150"
"USW00012918","HOUSTON WILLIAM P HOBBY AIRPORT, TX US","2014-06-29","9.40",,"84","91","78","  160"
"USW00012918","HOUSTON WILLIAM P HOBBY AIRPORT, TX US","2014-06-30","8.95",,"83","91","77","  190"
"USW00012918","HOUSTON WILLIAM P HOBBY AIRPORT, TX US","2014-07-01","6.71",,"83","93","76","  150"
"USW00012918","HOUSTON WILLIAM P HOBBY AIRPORT, TX US","2014-07-02","2.68",,"83","94","74","  120"
"USW00012918","HOUSTON WILLIAM P HOBBY AIRPORT, TX US","2014-07-03","4.92",,"83","93","75","   50"
"USW00012918","HOUSTON WILLIAM P HOBBY AIRPORT, TX US","2014-07-04","6.26",,"81","91","75","   40"
"USW00012918","HOUSTON WILLIAM P HOBBY AIRPORT, TX US","2014-07-05","3.80",,"78","88","75","  230"
"USW00012918","HOUSTON WILLIAM P HOBBY AIRPORT, TX US","2014-07-06","5.82",,"81","89","73","  210"
"USW00012918","HOUSTON WILLIAM P HOBBY AIRPORT, TX US","2014-07-07","6.04",,"83","93","75","  170"
"USW00012918","HOUSTON WILLIAM P HOBBY AIRPORT, TX US","2014-07-08","6.26",,"84","92","75","  290"
"USW00012918","HOUSTON WILLIAM P HOBBY AIRPORT, TX US","2014-07-09","6.26",,"83","94","75","  210"
"USW00012918","HOUSTON WILLIAM P HOBBY AIRPORT, TX US","2014-07-10","5.59",,"83","93","75","  180"
"USW00012918","HOUSTON WILLIAM P HOBBY AIRPORT, TX US","2014-07-11","5.14",,"84","94","74","  150"
"USW00012918","HOUSTON WILLIAM P HOBBY AIRPORT, TX US","2014-07-12","3.36",,"84","93","75","  330"
"USW00012918","HOUSTON WILLIAM P HOBBY AIRPORT, TX US","2014-07-13","4.47",,"84","94","77","  130"
"USW00012918","HOUSTON WILLIAM P HOBBY AIRPORT, TX US","2014-07-14","6.93",,"83","93","77","  140"
"USW00012918","HOUSTON WILLIAM P HOBBY AIRPORT, TX US","2014-07-15","5.82",,"82","89","76","  350"
"USW00012918","HOUSTON WILLIAM P HOBBY AIRPORT, TX US","2014-07-16","3.80",,"81","91","75","  110"
"USW00012918","HOUSTON WILLIAM P HOBBY AIRPORT, TX US","2014-07-17","6.04",,"81","87","76","  170"
"USW00012918","HOUSTON WILLIAM P HOBBY AIRPORT, TX US","2014-07-18","6.26",,"82","85","76","  140"
"USW00012918","HOUSTON WILLIAM P HOBBY AIRPORT, TX US","2014-07-19","7.38",,"79","87","74","   40"
"USW00012918","HOUSTON WILLIAM P HOBBY AIRPORT, TX US","2014-07-20","4.92",,"83","92","76","  120"
"USW00012918","HOUSTON WILLIAM P HOBBY AIRPORT, TX US","2014-07-21","4.47",,"85","96","78","  140"
"USW00012918","HOUSTON WILLIAM P HOBBY AIRPORT, TX US","2014-07-22","3.36",,"85","96","77","  170"
"USW00012918","HOUSTON WILLIAM P HOBBY AIRPORT, TX US","2014-07-23","4.70",,"83","92","76","   40"
"USW00012918","HOUSTON WILLIAM P HOBBY AIRPORT, TX US","2014-07-24","4.25",,"82","92","75","  200"
"USW00012918","HOUSTON WILLIAM P HOBBY AIRPORT, TX US","2014-07-25","4.92",,"83","93","76","  180"
"USW00012918","HOUSTON WILLIAM P HOBBY AIRPORT, TX US","2014-07-26","6.93",,"84","93","76","  200"
"USW00012918","HOUSTON WILLIAM P HOBBY AIRPORT, TX US","2014-07-27","7.16",,"85","95","77","  190"
"USW00012918","HOUSTON WILLIAM P HOBBY AIRPORT, TX US","2014-07-28","6.04",,"85","97","76","  200"
"USW00012918","HOUSTON WILLIAM P HOBBY AIRPORT, TX US","2014-07-29","4.92",,"84","94","77","  360"
"USW00012918","HOUSTON WILLIAM P HOBBY AIRPORT, TX US","2014-07-30","5.59",,"82","93","75","   80"
"USW00012918","HOUSTON WILLIAM P HOBBY AIRPORT, TX US","2014-07-31","6.71",,"84","93","78","  230"
"USW00012918","HOUSTON WILLIAM P HOBBY AIRPORT, TX US","2014-08-01","8.50",,"81","89","74","  230"
"USW00012918","HOUSTON WILLIAM P HOBBY AIRPORT, TX US","2014-08-02","6.93",,"78","83","72",
"USW00012918","HOUSTON WILLIAM P HOBBY AIRPORT, TX US","2014-08-03","4.92",,"80","90","73","   10"
"USW00012918","HOUSTON WILLIAM P HOBBY AIRPORT, TX US","2014-08-04","5.37",,"83","93","77","   50"
"USW00012918","HOUSTON WILLIAM P HOBBY AIRPORT, TX US","2014-08-05","4.70",,"84","94","78","  140"
"USW00012918","HOUSTON WILLIAM P HOBBY AIRPORT, TX US","2014-08-06","5.59",,"84","93","77","  160"
"USW00012918","HOUSTON WILLIAM P HOBBY AIRPORT, TX US","2014-08-07","7.38",,"85","95","77","  170"
"USW00012918","HOUSTON WILLIAM P HOBBY AIRPORT, TX US","2014-08-08","7.61",,"86","97","77","  180"
"USW00012918","HOUSTON WILLIAM P HOBBY AIRPORT, TX US","2014-08-09","4.92",,"83","94","78","  240"
"USW00012918","HOUSTON WILLIAM P HOBBY AIRPORT, TX US","2014-08-10","4.70",,"85","93","78","  180"
"USW00012918","HOUSTON WILLIAM P HOBBY AIRPORT, TX US","2014-08-11","3.80",,"86","98","75","  300"
"USW00012918","HOUSTON WILLIAM P HOBBY AIRPORT, TX US","2014-08-12","5.59",,"84","97","75","  330"
"USW00012918","HOUSTON WILLIAM P HOBBY AIRPORT, TX US","2014-08-13","2.91",,"86","95","77","   10"
"USW00012918","HOUSTON WILLIAM P HOBBY AIRPORT, TX US","2014-08-14","6.93",,"85","93","77","  130"
"USW00012918","HOUSTON WILLIAM P HOBBY AIRPORT, TX US","2014-08-15","5.37",,"85","94","77","  150"
"USW00012918","HOUSTON WILLIAM P HOBBY AIRPORT, TX US","2014-08-16","8.95",,"85","97","78","  180"
"USW00012918","HOUSTON WILLIAM P HOBBY AIRPORT, TX US","2014-08-17","9.84",,"86","97","78","  210"
"USW00012918","HOUSTON WILLIAM P HOBBY AIRPORT, TX US","2014-08-18","6.26",,"85","95","78","  250"
"USW00012918","HOUSTON WILLIAM P HOBBY AIRPORT, TX US","2014-08-19","6.93",,"84","95","77","  150"
"USW00012918","HOUSTON WILLIAM P HOBBY AIRPORT, TX US","2014-08-20","5.59",,"83","94","77","  230"
"USW00012918","HOUSTON WILLIAM P HOBBY AIRPORT, TX US","2014-08-21","7.61",,"86","96","79","  210"
"USW00012918","HOUSTON WILLIAM P HOBBY AIRPORT, TX US","2014-08-22","5.37",,"85","97","77","  150"
"USW00012918","HOUSTON WILLIAM P HOBBY AIRPORT, TX US","2014-08-23","4.03",,"84","95","76","  160"
"USW00012918","HOUSTON WILLIAM P HOBBY AIRPORT, TX US","2014-08-24","3.36",,"85","97","76","  120"
"USW00012918","HOUSTON WILLIAM P HOBBY AIRPORT, TX US","2014-08-25","4.25",,"86","98","77","   80"
"USW00012918","HOUSTON WILLIAM P HOBBY AIRPORT, TX US","2014-08-26","5.14",,"84","94","78","   70"
"USW00012918","HOUSTON WILLIAM P HOBBY AIRPORT, TX US","2014-08-27","8.28",,"84","92","79","   80"
"USW00012918","HOUSTON WILLIAM P HOBBY AIRPORT, TX US","2014-08-28","5.37",,"81","86","77","  120"
"USW00012918","HOUSTON WILLIAM P HOBBY AIRPORT, TX US","2014-08-29","6.71",,"82","89","77","  110"
"USW00012918","HOUSTON WILLIAM P HOBBY AIRPORT, TX US","2014-08-30","4.25",,"81","88","77","  160"
"USW00012918","HOUSTON WILLIAM P HOBBY AIRPORT, TX US","2014-08-31","4.25",,"78","84","75","  260"
"USW00012918","HOUSTON WILLIAM P HOBBY AIRPORT, TX US","2014-09-01","6.04",,"83","93","77","  170"
"USW00012918","HOUSTON WILLIAM P HOBBY AIRPORT, TX US","2014-09-02","7.61",,"85","92","79","  160"
"USW00012918","HOUSTON WILLIAM P HOBBY AIRPORT, TX US","2014-09-03","6.04",,"84","93","79","  120"
"USW00012918","HOUSTON WILLIAM P HOBBY AIRPORT, TX US","2014-09-04","4.70",,"85","94","79","  110"
"USW00012918","HOUSTON WILLIAM P HOBBY AIRPORT, TX US","2014-09-05","4.03",,"84","94","78","   60"
"USW00012918","HOUSTON WILLIAM P HOBBY AIRPORT, TX US","2014-09-06","2.91",,"83","92","77","  160"
"USW00012918","HOUSTON WILLIAM P HOBBY AIRPORT, TX US","2014-09-07","4.47",,"80","90","74","  160"
"USW00012918","HOUSTON WILLIAM P HOBBY AIRPORT, TX US","2014-09-08","3.58",,"80","92","74","  120"
"USW00012918","HOUSTON WILLIAM P HOBBY AIRPORT, TX US","2014-09-09","5.37",,"83","93","74","  160"
"USW00012918","HOUSTON WILLIAM P HOBBY AIRPORT, TX US","2014-09-10","7.38",,"84","95","77","  190"
"USW00012918","HOUSTON WILLIAM P HOBBY AIRPORT, TX US","2014-09-11","5.14",,"85","96","77","  160"
"USW00012918","HOUSTON WILLIAM P HOBBY AIRPORT, TX US","2014-09-12","4.92",,"81","88","76","  110"
"USW00012918","HOUSTON WILLIAM P HOBBY AIRPORT, TX US","2014-09-13","12.30",,"76","78","68","   40"
"USW00012918","HOUSTON WILLIAM P HOBBY AIRPORT, TX US","2014-09-14","7.83",,"71","77","66","   40"
"USW00012918","HOUSTON WILLIAM P HOBBY AIRPORT, TX US","2014-09-15","5.37",,"79","91","71","  100"
"USW00012918","HOUSTON WILLIAM P HOBBY AIRPORT, TX US","2014-09-16","4.03",,"81","89","76","  150"
"USW00012918","HOUSTON WILLIAM P HOBBY AIRPORT, TX US","2014-09-17","2.24",,"79","89","75","  270"
"USW00012918","HOUSTON WILLIAM P HOBBY AIRPORT, TX US","2014-09-18","4.70",,"77","79","75","  140"
"USW00012918","HOUSTON WILLIAM P HOBBY AIRPORT, TX US","2014-09-19","3.13",,"77","82","74","  100"
"USW00012918","HOUSTON WILLIAM P HOBBY AIRPORT, TX US","2014-09-20","6.49",,"80","89","74","  110"
"USW00012918","HOUSTON WILLIAM P HOBBY AIRPORT, TX US","2014-09-21","5.59",,"82","91","75","   50"
"USW00012918","HOUSTON WILLIAM P HOBBY AIRPORT, TX US","2014-09-22","6.26",,"82","93","73","   40"
"USW00012918","HOUSTON WILLIAM P HOBBY AIRPORT, TX US","2014-09-23","8.50",,"76","84","66","   30"
"USW00012918","HOUSTON WILLIAM P HOBBY AIRPORT, TX US","2014-09-24","6.04",,"75","85","67","   70"
"USW00012918","HOUSTON WILLIAM P HOBBY AIRPORT, TX US","2014-09-25","8.50",,"75","80","72","   70"
"USW00012918","HOUSTON WILLIAM P HOBBY AIRPORT, TX US","2014-09-26","5.82",,"76","84","70","   70"
"USW00012918","HOUSTON WILLIAM P HOBBY AIRPORT, TX US","2014-09-27","5.37",,"77","84","72","   80"
"USW00012918","HOUSTON WILLIAM P HOBBY AIRPORT, TX US","2014-09-28","6.04",,"78","86","73","   40"
"USW00012918","HOUSTON WILLIAM P HOBBY AIRPORT, TX US","2014-09-29","4.25",,"78","88","72","   50"
"USW00012918","HOUSTON WILLIAM P HOBBY AIRPORT, TX US","2014-09-30","3.58",,"79","88","73","  150"
"USW00012918","HOUSTON WILLIAM P HOBBY AIRPORT, TX US","2014-10-01","5.14",,"81","92","75","  160"
"USW00012918","HOUSTON WILLIAM P HOBBY AIRPORT, TX US","2014-10-02","9.40",,"83","92","79","  200"
"USW00012918","HOUSTON WILLIAM P HOBBY AIRPORT, TX US","2014-10-03","8.50",,"77","84","66","  350"
"USW00012918","HOUSTON WILLIAM P HOBBY AIRPORT, TX US","2014-10-04","7.83",,"69","77","60","   30"
"USW00012918","HOUSTON WILLIAM P HOBBY AIRPORT, TX US","2014-10-05","5.59",,"69","85","57","  150"
"USW00012918","HOUSTON WILLIAM P HOBBY AIRPORT, TX US","2014-10-06","6.04",,"73","82","67","   50"
"USW00012918","HOUSTON WILLIAM P HOBBY AIRPORT, TX US","2014-10-07","4.47",,"76","91","67","  150"
"USW00012918","HOUSTON WILLIAM P HOBBY AIRPORT, TX US","2014-10-08","5.82",,"80","90","73","  150"
"USW00012918","HOUSTON WILLIAM P HOBBY AIRPORT, TX US","2014-10-09","5.14",,"80","90","72","  160"
"USW00012918","HOUSTON WILLIAM P HOBBY AIRPORT, TX US","2014-10-10","7.61",,"81","90","75","  180"
"USW00012918","HOUSTON WILLIAM P HOBBY AIRPORT, TX US","2014-10-11","4.47",,"77","84","67","  320"
"USW00012918","HOUSTON WILLIAM P HOBBY AIRPORT, TX US","2014-10-12","6.71",,"73","87","67","  160"
"USW00012918","HOUSTON WILLIAM P HOBBY AIRPORT, TX US","2014-10-13","11.63",,"76","86","63","  210"
"USW00012918","HOUSTON WILLIAM P HOBBY AIRPORT, TX US","2014-10-14","8.50",,"67","78","55","  300"
"USW00012918","HOUSTON WILLIAM P HOBBY AIRPORT, TX US","2014-10-15","3.80",,"67","84","53","  260"
"USW00012918","HOUSTON WILLIAM P HOBBY AIRPORT, TX US","2014-10-16","6.49",,"71","86","60","  220"
"USW00012918","HOUSTON WILLIAM P HOBBY AIRPORT, TX US","2014-10-17","5.82",,"73","86","63","  240"
"USW00012918","HOUSTON WILLIAM P HOBBY AIRPORT, TX US","2014-10-18","2.91",,"74","86","65","   50"
"USW00012918","HOUSTON WILLIAM P HOBBY AIRPORT, TX US","2014-10-19","5.82",,"72","80","66","  110"
"USW00012918","HOUSTON WILLIAM P HOBBY AIRPORT, TX US","2014-10-20","4.92",,"72","82","63","   10"
"USW00012918","HOUSTON WILLIAM P HOBBY AIRPORT, TX US","2014-10-21","4.70",,"71","82","60","   80"
"USW00012918","HOUSTON WILLIAM P HOBBY AIRPORT, TX US","2014-10-22","4.70",,"72","81","64","   60"
"USW00012918","HOUSTON WILLIAM P HOBBY AIRPORT, TX US","2014-10-23","4.92",,"69","79","61","  350"
"USW00012918","HOUSTON WILLIAM P HOBBY AIRPORT, TX US","2014-10-24","3.80",,"68","81","57","  330"
"USW00012918","HOUSTON WILLIAM P HOBBY AIRPORT, TX US","2014-10-25","1.79",,"69","84","58","  310"
"USW00012918","HOUSTON WILLIAM P HOBBY AIRPORT, TX US","2014-10-26","4.47",,"69","84","57","  180"
"USW00012918","HOUSTON WILLIAM P HOBBY AIRPORT, TX US","2014-10-27","7.38",,"73","85","62","  220"
"USW00012918","HOUSTON WILLIAM P HOBBY AIRPORT, TX US","2014-10-28","4.47",,"74","86","65","  150"
"USW00012918","HOUSTON WILLIAM P HOBBY AIRPORT, TX US","2014-10-29","5.82",,"74","86","66","  220"
"USW00012918","HOUSTON WILLIAM P HOBBY AIRPORT, TX US","2014-10-30","3.80",,"69","80","60","   80"
"USW00012918","HOUSTON WILLIAM P HOBBY AIRPORT, TX US","2014-10-31","10.07",,"69","78","58","  350"
"USW00012918","HOUSTON WILLIAM P HOBBY AIRPORT, TX US","2014-11-01","6.49",,"58","65","48","   30"
"USW00012918","HOUSTON WILLIAM P HOBBY AIRPORT, TX US","2014-11-02","7.83",,"58","71","48","  110"
"USW00012918","HOUSTON WILLIAM P HOBBY AIRPORT, TX US","2014-11-03","6.71",,"69","80","59","  150"
"USW00012918","HOUSTON WILLIAM P HOBBY AIRPORT, TX US","2014-11-04","7.38",,"73","81","68","  160"
"USW00012918","HOUSTON WILLIAM P HOBBY AIRPORT, TX US","2014-11-05","7.16",,"73","82","66","  280"
"USW00012918","HOUSTON WILLIAM P HOBBY AIRPORT, TX US","2014-11-06","10.07",,"66","67","59","  340"
"USW00012918","HOUSTON WILLIAM P HOBBY AIRPORT, TX US","2014-11-07","6.26",,"60","66","52","   40"
"USW00012918","HOUSTON WILLIAM P HOBBY AIRPORT, TX US","2014-11-08","3.80",,"61","75","52","  360"
"USW00012918","HOUSTON WILLIAM P HOBBY AIRPORT, TX US","2014-11-09","4.47",,"60","72","49",
"USW00012918","HOUSTON WILLIAM P HOBBY AIRPORT, TX US","2014-11-10","8.50",,"63","79","49","  180"
"USW00012918","HOUSTON WILLIAM P HOBBY AIRPORT, TX US","2014-11-11","9.84",,"65","73","51","  340"
"USW00012918","HOUSTON WILLIAM P HOBBY AIRPORT, TX US","2014-11-12","15.43",,"51","56","45","   10"
"USW00012918","HOUSTON WILLIAM P HOBBY AIRPORT, TX US","2014-11-13","16.11",,"43","47","37","  340"
"USW00012918","HOUSTON WILLIAM P HOBBY AIRPORT, TX US","2014-11-14","6.71",,"41","47","37","   20"
"USW00012918","HOUSTON WILLIAM P HOBBY AIRPORT, TX US","2014-11-15","9.62",,"48","54","45","   90"
"USW00012918","HOUSTON WILLIAM P HOBBY AIRPORT, TX US","2014-11-16","7.61",,"57","60","45","  340"
"USW00012918","HOUSTON WILLIAM P HOBBY AIRPORT, TX US","2014-11-17","15.66",,"44","51","37","  330"
"USW00012918","HOUSTON WILLIAM P HOBBY AIRPORT, TX US","2014-11-18","6.04",,"44","54","34","   60"
"USW00012918","HOUSTON WILLIAM P HOBBY AIRPORT, TX US","2014-11-19","5.14",,"50","69","34","  160"
"USW00012918","HOUSTON WILLIAM P HOBBY AIRPORT, TX US","2014-11-20","6.49",,"60","74","50","  160"
"USW00012918","HOUSTON WILLIAM P HOBBY AIRPORT, TX US","2014-11-21","7.38",,"64","67","63","  110"
"USW00012918","HOUSTON WILLIAM P HOBBY AIRPORT, TX US","2014-11-22","10.29",,"64","67","62","  100"
"USW00012918","HOUSTON WILLIAM P HOBBY AIRPORT, TX US","2014-11-23","10.51",,"67","80","59","  320"
"USW00012918","HOUSTON WILLIAM P HOBBY AIRPORT, TX US","2014-11-24","11.86",,"61","66","49","  330"
"USW00012918","HOUSTON WILLIAM P HOBBY AIRPORT, TX US","2014-11-25","5.82",,"55","66","46","  340"
"USW00012918","HOUSTON WILLIAM P HOBBY AIRPORT, TX US","2014-11-26","8.72",,"56","72","45","  240"
"USW00012918","HOUSTON WILLIAM P HOBBY AIRPORT, TX US","2014-11-27","4.47",,"56","66","45","   70"
"USW00012918","HOUSTON WILLIAM P HOBBY AIRPORT, TX US","2014-11-28","6.04",,"55","71","43","  170"
"USW00012918","HOUSTON WILLIAM P HOBBY AIRPORT, TX US","2014-11-29","8.95",,"65","78","57","  200"
"USW00012918","HOUSTON WILLIAM P HOBBY AIRPORT, TX US","2014-11-30","8.28",,"69","79","62","  200"
"USW00012918","HOUSTON WILLIAM P HOBBY AIRPORT, TX US","2014-12-01","8.05",,"64","69","47","  340"
"USW00012918","HOUSTON WILLIAM P HOBBY AIRPORT, TX US","2014-12-02","7.16",,"49","56","44","   10"
"USW00012918","HOUSTON WILLIAM P HOBBY AIRPORT, TX US","2014-12-03","3.80",,"58","68","53","   60"
"USW00012918","HOUSTON WILLIAM P HOBBY AIRPORT, TX US","2014-12-04","6.26",,"63","69","58","  110"
"USW00012918","HOUSTON WILLIAM P HOBBY AIRPORT, TX US","2014-12-05","7.61",,"69","78","64","  210"
"USW00012918","HOUSTON WILLIAM P HOBBY AIRPORT, TX US","2014-12-06","8.28",,"68","73","61","   20"
"USW00012918","HOUSTON WILLIAM P HOBBY AIRPORT, TX US","2014-12-07","8.05",,"59","61","55","   30"
"USW00012918","HOUSTON WILLIAM P HOBBY AIRPORT, TX US","2014-12-08","5.82",,"57","67","48","  290"
"USW00012918","HOUSTON WILLIAM P HOBBY AIRPORT, TX US","2014-12-09","2.68",,"57","69","46","   90"
"USW00012918","HOUSTON WILLIAM P HOBBY AIRPORT, TX US","2014-12-10","3.36",,"55","66","46","   90"
"USW00012918","HOUSTON WILLIAM P HOBBY AIRPORT, TX US","2014-12-11","5.59",,"63","72","59","  190"
"USW00012918","HOUSTON WILLIAM P HOBBY AIRPORT, TX US","2014-12-12","6.71",,"65","74","59","  180"
"USW00012918","HOUSTON WILLIAM P HOBBY AIRPORT, TX US","2014-12-13","7.38",,"64","72","59","  110"
"USW00012918","HOUSTON WILLIAM P HOBBY AIRPORT, TX US","2014-12-14","8.95",,"66","75","58","  150"
"USW00012918","HOUSTON WILLIAM P HOBBY AIRPORT, TX US","2014-12-15","9.84",,"71","79","61","  250"
"USW00012918","HOUSTON WILLIAM P HOBBY AIRPORT, TX US","2014-12-16","8.50",,"61","67","51","  360"
"USW00012918","HOUSTON WILLIAM P HOBBY AIRPORT, TX US","2014-12-17","8.72",,"55","65","48","  110"
"USW00012918","HOUSTON WILLIAM P HOBBY AIRPORT, TX US","2014-12-18","6.71",,"65","71","60","   80"
"USW00012918","HOUSTON WILLIAM P HOBBY AIRPORT, TX US","2014-12-19","12.75",,"59","61","53","   10"
"USW00012918","HOUSTON WILLIAM P HOBBY AIRPORT, TX US","2014-12-20","8.72",,"53","55","51","   10"
"USW00012918","HOUSTON WILLIAM P HOBBY AIRPORT, TX US","2014-12-21","5.37",,"54","63","49","   50"
"USW00012918","HOUSTON WILLIAM P HOBBY AIRPORT, TX US","2014-12-22","7.61",,"61","75","54","  260"
"USW00012918","HOUSTON WILLIAM P HOBBY AIRPORT, TX US","2014-12-23","11.86",,"58","60","50","  340"
"USW00012918","HOUSTON WILLIAM P HOBBY AIRPORT, TX US","2014-12-24","8.95",,"49","54","40","  280"
"USW00012918","HOUSTON WILLIAM P HOBBY AIRPORT, TX US","2014-12-25","6.71",,"49","65","36","  160"
"USW00012918","HOUSTON WILLIAM P HOBBY AIRPORT, TX US","2014-12-26","8.50",,"63","72","56","  160"
"USW00012918","HOUSTON WILLIAM P HOBBY AIRPORT, TX US","2014-12-27","11.63",,"68","77","48","  270"
"USW00012918","HOUSTON WILLIAM P HOBBY AIRPORT, TX US","2014-12-28","10.07",,"45","48","42","  360"
"USW00012918","HOUSTON WILLIAM P HOBBY AIRPORT, TX US","2014-12-29","3.36",,"44","50","41","  110"
"USW00012918","HOUSTON WILLIAM P HOBBY AIRPORT, TX US","2014-12-30","10.51",,"50","54","40","   50"
"USW00012918","HOUSTON WILLIAM P HOBBY AIRPORT, TX US","2014-12-31","13.42",,"43","46","40","   40"
"USW00012918","HOUSTON WILLIAM P HOBBY AIRPORT, TX US","2015-01-01","10.29",,"44","47","42","   50"
"USW00012918","HOUSTON WILLIAM P HOBBY AIRPORT, TX US","2015-01-02","5.82",,"50","56","47","  360"
"USW00012918","HOUSTON WILLIAM P HOBBY AIRPORT, TX US","2015-01-03","5.82",,"52","55","42","  290"
"USW00012918","HOUSTON WILLIAM P HOBBY AIRPORT, TX US","2015-01-04","11.41",,"47","55","38","  350"
"USW00012918","HOUSTON WILLIAM P HOBBY AIRPORT, TX US","2015-01-05","6.49",,"40","51","34","   20"
"USW00012918","HOUSTON WILLIAM P HOBBY AIRPORT, TX US","2015-01-06","2.01",,"46","65","35","  160"
"USW00012918","HOUSTON WILLIAM P HOBBY AIRPORT, TX US","2015-01-07","11.41",,"52","62","41","   20"
"USW00012918","HOUSTON WILLIAM P HOBBY AIRPORT, TX US","2015-01-08","7.38",,"39","43","30","   40"
"USW00012918","HOUSTON WILLIAM P HOBBY AIRPORT, TX US","2015-01-09","11.41",,"39","42","37","   30"
"USW00012918","HOUSTON WILLIAM P HOBBY AIRPORT, TX US","2015-01-10","10.96",,"39","41","38","   50"
"USW00012918","HOUSTON WILLIAM P HOBBY AIRPORT, TX US","2015-01-11","5.82",,"44","50","40","  270"
"USW00012918","HOUSTON WILLIAM P HOBBY AIRPORT, TX US","2015-01-12","10.74",,"47","49","44","   20"
"USW00012918","HOUSTON WILLIAM P HOBBY AIRPORT, TX US","2015-01-13","11.41",,"45","46","43","   20"
"USW00012918","HOUSTON WILLIAM P HOBBY AIRPORT, TX US","2015-01-14","8.95",,"43","45","41","   20"
"USW00012918","HOUSTON WILLIAM P HOBBY AIRPORT, TX US","2015-01-15","7.83",,"45","53","40","   10"
"USW00012918","HOUSTON WILLIAM P HOBBY AIRPORT, TX US","2015-01-16","2.24",,"47","60","35","  170"
"USW00012918","HOUSTON WILLIAM P HOBBY AIRPORT, TX US","2015-01-17","4.92",,"52","68","41","  220"
"USW00012918","HOUSTON WILLIAM P HOBBY AIRPORT, TX US","2015-01-18","5.14",,"56","68","45","  130"
"USW00012918","HOUSTON WILLIAM P HOBBY AIRPORT, TX US","2015-01-19","5.37",,"53","72","38","  150"
"USW00012918","HOUSTON WILLIAM P HOBBY AIRPORT, TX US","2015-01-20","3.13",,"60","74","50","  150"
"USW00012918","HOUSTON WILLIAM P HOBBY AIRPORT, TX US","2015-01-21","7.83",,"60","63","56","   80"
"USW00012918","HOUSTON WILLIAM P HOBBY AIRPORT, TX US","2015-01-22","16.33",,"58","61","46","   20"
"USW00012918","HOUSTON WILLIAM P HOBBY AIRPORT, TX US","2015-01-23","12.53",,"44","46","40","  320"
"USW00012918","HOUSTON WILLIAM P HOBBY AIRPORT, TX US","2015-01-24","7.61",,"46","61","35","  270"
"USW00012918","HOUSTON WILLIAM P HOBBY AIRPORT, TX US","2015-01-25","8.95",,"53","70","41","  280"
"USW00012918","HOUSTON WILLIAM P HOBBY AIRPORT, TX US","2015-01-26","6.49",,"58","68","43","  270"
"USW00012918","HOUSTON WILLIAM P HOBBY AIRPORT, TX US","2015-01-27","4.92",,"60","79","48","  290"
"USW00012918","HOUSTON WILLIAM P HOBBY AIRPORT, TX US","2015-01-28","4.03",,"62","78","48","  180"
"USW00012918","HOUSTON WILLIAM P HOBBY AIRPORT, TX US","2015-01-29","4.47",,"62","75","51","   10"
"USW00012918","HOUSTON WILLIAM P HOBBY AIRPORT, TX US","2015-01-30","10.07",,"60","64","50","   10"
"USW00012918","HOUSTON WILLIAM P HOBBY AIRPORT, TX US","2015-01-31","10.51",,"54","63","49","  130"
"USW00012918","HOUSTON WILLIAM P HOBBY AIRPORT, TX US","2015-02-01","12.08",,"66","77","52","  350"
"USW00012918","HOUSTON WILLIAM P HOBBY AIRPORT, TX US","2015-02-02","13.65",,"49","52","38","  350"
"USW00012918","HOUSTON WILLIAM P HOBBY AIRPORT, TX US","2015-02-03","5.82",,"45","49","44","   60"
"USW00012918","HOUSTON WILLIAM P HOBBY AIRPORT, TX US","2015-02-04","4.03",,"49","60","43","   70"
"USW00012918","HOUSTON WILLIAM P HOBBY AIRPORT, TX US","2015-02-05","10.07",,"52","56","43","  350"
"USW00012918","HOUSTON WILLIAM P HOBBY AIRPORT, TX US","2015-02-06","3.36",,"47","56","42","  350"
"USW00012918","HOUSTON WILLIAM P HOBBY AIRPORT, TX US","2015-02-07","6.93",,"53","69","40","  170"
"USW00012918","HOUSTON WILLIAM P HOBBY AIRPORT, TX US","2015-02-08","7.83",,"62","76","52","  210"
"USW00012918","HOUSTON WILLIAM P HOBBY AIRPORT, TX US","2015-02-09","7.38",,"68","83","58","  340"
"USW00012918","HOUSTON WILLIAM P HOBBY AIRPORT, TX US","2015-02-10","5.14",,"62","73","50","  150"
"USW00012918","HOUSTON WILLIAM P HOBBY AIRPORT, TX US","2015-02-11","4.47",,"60","72","49","  100"
"USW00012918","HOUSTON WILLIAM P HOBBY AIRPORT, TX US","2015-02-12","9.84",,"58","67","50","  360"
"USW00012918","HOUSTON WILLIAM P HOBBY AIRPORT, TX US","2015-02-13","5.59",,"54","65","46","  150"
"USW00012918","HOUSTON WILLIAM P HOBBY AIRPORT, TX US","2015-02-14","6.04",,"60","76","48","  210"
"USW00012918","HOUSTON WILLIAM P HOBBY AIRPORT, TX US","2015-02-15","7.38",,"63","71","53","  160"
"USW00012918","HOUSTON WILLIAM P HOBBY AIRPORT, TX US","2015-02-16","13.42",,"60","69","38","  290"
"USW00012918","HOUSTON WILLIAM P HOBBY AIRPORT, TX US","2015-02-17","10.51",,"42","53","36","  350"
"USW00012918","HOUSTON WILLIAM P HOBBY AIRPORT, TX US","2015-02-18","5.82",,"47","63","36","  260"
"USW00012918","HOUSTON WILLIAM P HOBBY AIRPORT, TX US","2015-02-19","7.16",,"51","64","38","  160"
"USW00012918","HOUSTON WILLIAM P HOBBY AIRPORT, TX US","2015-02-20","14.09",,"63","70","57","  170"
"USW00012918","HOUSTON WILLIAM P HOBBY AIRPORT, TX US","2015-02-21","9.40",,"68","73","65","  150"
"USW00012918","HOUSTON WILLIAM P HOBBY AIRPORT, TX US","2015-02-22","8.72",,"69","78","47","  360"
"USW00012918","HOUSTON WILLIAM P HOBBY AIRPORT, TX US","2015-02-23","15.21",,"45","47","35","   10"
"USW00012918","HOUSTON WILLIAM P HOBBY AIRPORT, TX US","2015-02-24","7.38",,"37","42","34","   10"
"USW00012918","HOUSTON WILLIAM P HOBBY AIRPORT, TX US","2015-02-25","9.40",,"42","52","39","  320"
"USW00012918","HOUSTON WILLIAM P HOBBY AIRPORT, TX US","2015-02-26","11.41",,"43","57","35","   10"
"USW00012918","HOUSTON WILLIAM P HOBBY AIRPORT, TX US","2015-02-27","11.41",,"42","46","39","   60"
"USW00012918","HOUSTON WILLIAM P HOBBY AIRPORT, TX US","2015-02-28","11.41",,"47","57","41","  100"
"USW00012918","HOUSTON WILLIAM P HOBBY AIRPORT, TX US","2015-03-01","7.38",,"60","68","53","   80"
"USW00012918","HOUSTON WILLIAM P HOBBY AIRPORT, TX US","2015-03-02","6.71",,"55","63","49",
"USW00012918","HOUSTON WILLIAM P HOBBY AIRPORT, TX US","2015-03-03","9.17",,"64","80","58","  180"
"USW00012918","HOUSTON WILLIAM P HOBBY AIRPORT, TX US","2015-03-04","10.51",,"72","81","46","  310"
"USW00012918","HOUSTON WILLIAM P HOBBY AIRPORT, TX US","2015-03-05","19.24",,"47","50","39","  350"
"USW00012918","HOUSTON WILLIAM P HOBBY AIRPORT, TX US","2015-03-06","7.83",,"43","55","33","   40"
"USW00012918","HOUSTON WILLIAM P HOBBY AIRPORT, TX US","2015-03-07","4.70",,"50","59","45","  120"
"USW00012918","HOUSTON WILLIAM P HOBBY AIRPORT, TX US","2015-03-08","7.16",,"52","54","49","   80"
"USW00012918","HOUSTON WILLIAM P HOBBY AIRPORT, TX US","2015-03-09","8.95",,"56","67","53","  170"
"USW00012918","HOUSTON WILLIAM P HOBBY AIRPORT, TX US","2015-03-10","7.83",,"58","60","54","  360"
"USW00012918","HOUSTON WILLIAM P HOBBY AIRPORT, TX US","2015-03-11","11.63",,"56","60","54","   10"
"USW00012918","HOUSTON WILLIAM P HOBBY AIRPORT, TX US","2015-03-12","9.17",,"58","61","55","  230"
"USW00012918","HOUSTON WILLIAM P HOBBY AIRPORT, TX US","2015-03-13","7.16",,"60","66","57","  300"
"USW00012918","HOUSTON WILLIAM P HOBBY AIRPORT, TX US","2015-03-14","6.49",,"64","77","55","  280"
"USW00012918","HOUSTON WILLIAM P HOBBY AIRPORT, TX US","2015-03-15","4.03",,"64","74","56","  350"
"USW00012918","HOUSTON WILLIAM P HOBBY AIRPORT, TX US","2015-03-16","4.47",,"66","75","60","  100"
"USW00012918","HOUSTON WILLIAM P HOBBY AIRPORT, TX US","2015-03-17","3.13",,"69","81","60","  160"
"USW00012918","HOUSTON WILLIAM P HOBBY AIRPORT, TX US","2015-03-18","6.26",,"69","80","64","  180"
"USW00012918","HOUSTON WILLIAM P HOBBY AIRPORT, TX US","2015-03-19","6.49",,"71","80","67","  170"
"USW00012918","HOUSTON WILLIAM P HOBBY AIRPORT, TX US","2015-03-20","5.14",,"72","81","68","  140"
"USW00012918","HOUSTON WILLIAM P HOBBY AIRPORT, TX US","2015-03-21","7.16",,"67","69","64","   70"
"USW00012918","HOUSTON WILLIAM P HOBBY AIRPORT, TX US","2015-03-22","8.50",,"67","75","62","  320"
"USW00012918","HOUSTON WILLIAM P HOBBY AIRPORT, TX US","2015-03-23","4.92",,"67","79","56","  170"
"USW00012918","HOUSTON WILLIAM P HOBBY AIRPORT, TX US","2015-03-24","5.82",,"65","77","56","  160"
"USW00012918","HOUSTON WILLIAM P HOBBY AIRPORT, TX US","2015-03-25","5.59",,"67","78","59","  180"
"USW00012918","HOUSTON WILLIAM P HOBBY AIRPORT, TX US","2015-03-26","11.41",,"66","69","58","  350"
"USW00012918","HOUSTON WILLIAM P HOBBY AIRPORT, TX US","2015-03-27","6.26",,"62","79","46","  330"
"USW00012918","HOUSTON WILLIAM P HOBBY AIRPORT, TX US","2015-03-28","7.83",,"67","81","52","  210"
"USW00012918","HOUSTON WILLIAM P HOBBY AIRPORT, TX US","2015-03-29","10.29",,"69","80","59","  180"
"USW00012918","HOUSTON WILLIAM P HOBBY AIRPORT, TX US","2015-03-30","5.82",,"70","82","60","  210"
"USW00012918","HOUSTON WILLIAM P HOBBY AIRPORT, TX US","2015-03-31","7.83",,"71","83","61","  200"
"USW00012918","HOUSTON WILLIAM P HOBBY AIRPORT, TX US","2015-04-01","7.61",,"72","79","66","  170"
"USW00012918","HOUSTON WILLIAM P HOBBY AIRPORT, TX US","2015-04-02","10.74",,"74","82","69","  160"
"USW00012918","HOUSTON WILLIAM P HOBBY AIRPORT, TX US","2015-04-03","8.50",,"76","81","72","  350"
"USW00012918","HOUSTON WILLIAM P HOBBY AIRPORT, TX US","2015-04-04","12.08",,"70","75","65","   30"
"USW00012918","HOUSTON WILLIAM P HOBBY AIRPORT, TX US","2015-04-05","6.49",,"66","71","63","  150"
"USW00012918","HOUSTON WILLIAM P HOBBY AIRPORT, TX US","2015-04-06","8.72",,"73","81","68","  160"
"USW00012918","HOUSTON WILLIAM P HOBBY AIRPORT, TX US","2015-04-07","8.72",,"75","86","69","  170"
"USW00012918","HOUSTON WILLIAM P HOBBY AIRPORT, TX US","2015-04-08","9.40",,"76","83","72","  190"
"USW00012918","HOUSTON WILLIAM P HOBBY AIRPORT, TX US","2015-04-09","11.18",,"77","86","73","  170"
"USW00012918","HOUSTON WILLIAM P HOBBY AIRPORT, TX US","2015-04-10","5.82",,"72","77","64","  330"
"USW00012918","HOUSTON WILLIAM P HOBBY AIRPORT, TX US","2015-04-11","5.59",,"69","74","66","   50"
"USW00012918","HOUSTON WILLIAM P HOBBY AIRPORT, TX US","2015-04-12","6.49",,"72","80","69","  150"
"USW00012918","HOUSTON WILLIAM P HOBBY AIRPORT, TX US","2015-04-13","8.50",,"76","87","69","  250"
"USW00012918","HOUSTON WILLIAM P HOBBY AIRPORT, TX US","2015-04-14","4.92",,"73","76","66","  130"
"USW00012918","HOUSTON WILLIAM P HOBBY AIRPORT, TX US","2015-04-15","4.47",,"70","79","61","   30"
"USW00012918","HOUSTON WILLIAM P HOBBY AIRPORT, TX US","2015-04-16","6.49",,"73","81","67","   60"
"USW00012918","HOUSTON WILLIAM P HOBBY AIRPORT, TX US","2015-04-17","10.29",,"72","81","66","  280"
"USW00012918","HOUSTON WILLIAM P HOBBY AIRPORT, TX US","2015-04-18","7.38",,"71","77","65","  320"
"USW00012918","HOUSTON WILLIAM P HOBBY AIRPORT, TX US","2015-04-19","7.83",,"72","86","60","  330"
"USW00012918","HOUSTON WILLIAM P HOBBY AIRPORT, TX US","2015-04-20","9.40",,"68","74","61","   10"
"USW00012918","HOUSTON WILLIAM P HOBBY AIRPORT, TX US","2015-04-21","7.61",,"69","76","61","  110"
"USW00012918","HOUSTON WILLIAM P HOBBY AIRPORT, TX US","2015-04-22","5.82",,"74","82","70","  160"
"USW00012918","HOUSTON WILLIAM P HOBBY AIRPORT, TX US","2015-04-23","2.91",,"77","88","71","  110"
"USW00012918","HOUSTON WILLIAM P HOBBY AIRPORT, TX US","2015-04-24","7.16",,"78","85","72","  160"
"USW00012918","HOUSTON WILLIAM P HOBBY AIRPORT, TX US","2015-04-25","7.83",,"76","83","67","  300"
"USW00012918","HOUSTON WILLIAM P HOBBY AIRPORT, TX US","2015-04-26","7.16",,"75","84","68","  150"
"USW00012918","HOUSTON WILLIAM P HOBBY AIRPORT, TX US","2015-04-27","8.95",,"74","77","69","  350"
"USW00012918","HOUSTON WILLIAM P HOBBY AIRPORT, TX US","2015-04-28","12.08",,"69","74","58","  330"
"USW00012918","HOUSTON WILLIAM P HOBBY AIRPORT, TX US","2015-04-29","9.17",,"64","77","54","  350"
"USW00012918","HOUSTON WILLIAM P HOBBY AIRPORT, TX US","2015-04-30","4.25",,"69","81","56","  140"
"USW00012918","HOUSTON WILLIAM P HOBBY AIRPORT, TX US","2015-05-01","2.46",,"70","82","57","  280"
"USW00012918","HOUSTON WILLIAM P HOBBY AIRPORT, TX US","2015-05-02","4.03",,"71","83","59","  210"
"USW00012918","HOUSTON WILLIAM P HOBBY AIRPORT, TX US","2015-05-03","6.71",,"71","83","60","  160"
"USW00012918","HOUSTON WILLIAM P HOBBY AIRPORT, TX US","2015-05-04","7.16",,"74","82","66","   90"
"USW00012918","HOUSTON WILLIAM P HOBBY AIRPORT, TX US","2015-05-05","11.41",,"75","83","68","  150"
"USW00012918","HOUSTON WILLIAM P HOBBY AIRPORT, TX US","2015-05-06","11.41",,"78","86","73","  160"
"USW00012918","HOUSTON WILLIAM P HOBBY AIRPORT, TX US","2015-05-07","11.18",,"79","86","75","  150"
"USW00012918","HOUSTON WILLIAM P HOBBY AIRPORT, TX US","2015-05-08","11.86",,"80","87","76","  160"
"USW00012918","HOUSTON WILLIAM P HOBBY AIRPORT, TX US","2015-05-09","11.63",,"80","87","77","  170"
"USW00012918","HOUSTON WILLIAM P HOBBY AIRPORT, TX US","2015-05-10","13.42",,"80","85","77","  150"
"USW00012918","HOUSTON WILLIAM P HOBBY AIRPORT, TX US","2015-05-11","9.40",,"78","84","71","   10"
"USW00012918","HOUSTON WILLIAM P HOBBY AIRPORT, TX US","2015-05-12","7.61",,"74","80","70","   80"
"USW00012918","HOUSTON WILLIAM P HOBBY AIRPORT, TX US","2015-05-13","7.16",,"75","81","69","  180"
"USW00012918","HOUSTON WILLIAM P HOBBY AIRPORT, TX US","2015-05-14","6.93",,"78","87","74","  190"
"USW00012918","HOUSTON WILLIAM P HOBBY AIRPORT, TX US","2015-05-15","5.59",,"77","83","74","  240"
"USW00012918","HOUSTON WILLIAM P HOBBY AIRPORT, TX US","2015-05-16","10.51",,"80","87","76","  160"
"USW00012918","HOUSTON WILLIAM P HOBBY AIRPORT, TX US","2015-05-17","8.05",,"79","86","71","  250"
"USW00012918","HOUSTON WILLIAM P HOBBY AIRPORT, TX US","2015-05-18","6.93",,"81","88","77","   70"
"USW00012918","HOUSTON WILLIAM P HOBBY AIRPORT, TX US","2015-05-19","6.93",,"80","87","76","  140"
"USW00012918","HOUSTON WILLIAM P HOBBY AIRPORT, TX US","2015-05-20","5.37",,"80","87","76","  150"
"USW00012918","HOUSTON WILLIAM P HOBBY AIRPORT, TX US","2015-05-21","6.49",,"78","84","72","   10"
"USW00012918","HOUSTON WILLIAM P HOBBY AIRPORT, TX US","2015-05-22","8.72",,"73","78","67","  120"
"USW00012918","HOUSTON WILLIAM P HOBBY AIRPORT, TX US","2015-05-23","9.40",,"80","87","76","  150"
"USW00012918","HOUSTON WILLIAM P HOBBY AIRPORT, TX US","2015-05-24","8.28",,"77","81","70","  200"
"USW00012918","HOUSTON WILLIAM P HOBBY AIRPORT, TX US","2015-05-25","10.07",,"78","87","66","  330"
"USW00012918","HOUSTON WILLIAM P HOBBY AIRPORT, TX US","2015-05-26","9.17",,"76","83","65","  270"
"USW00012918","HOUSTON WILLIAM P HOBBY AIRPORT, TX US","2015-05-27","7.38",,"78","87","67","   40"
"USW00012918","HOUSTON WILLIAM P HOBBY AIRPORT, TX US","2015-05-28","6.71",,"80","89","73","  150"
"USW00012918","HOUSTON WILLIAM P HOBBY AIRPORT, TX US","2015-05-29","6.93",,"79","87","71","  200"
"USW00012918","HOUSTON WILLIAM P HOBBY AIRPORT, TX US","2015-05-30","5.37",,"80","91","68","   10"
"USW00012918","HOUSTON WILLIAM P HOBBY AIRPORT, TX US","2015-05-31","5.82",,"76","88","70",
"USW00012918","HOUSTON WILLIAM P HOBBY AIRPORT, TX US","2015-06-01","3.80",,"80","89","70","   10"
"USW00012918","HOUSTON WILLIAM P HOBBY AIRPORT, TX US","2015-06-02","2.46",,"80","90","70","  160"
"USW00012918","HOUSTON WILLIAM P HOBBY AIRPORT, TX US","2015-06-03","3.80",,"80","90","71","  150"
"USW00012918","HOUSTON WILLIAM P HOBBY AIRPORT, TX US","2015-06-04","3.80",,"80","90","70","  180"
"USW00012918","HOUSTON WILLIAM P HOBBY AIRPORT, TX US","2015-06-05","3.58",,"82","92","73",
"USW00012918","HOUSTON WILLIAM P HOBBY AIRPORT, TX US","2015-06-06","3.58",,"83","92","73",
"USW00012918","HOUSTON WILLIAM P HOBBY AIRPORT, TX US","2015-06-07","3.36",,"83","92","73","  160"
"USW00012918","HOUSTON WILLIAM P HOBBY AIRPORT, TX US","2015-06-08","4.03",,"82","93","74","  140"
"USW00012918","HOUSTON WILLIAM P HOBBY AIRPORT, TX US","2015-06-09","5.14",,"83","91","76","  110"
"USW00012918","HOUSTON WILLIAM P HOBBY AIRPORT, TX US","2015-06-10","5.59",,"81","92","75","  160"
"USW00012918","HOUSTON WILLIAM P HOBBY AIRPORT, TX US","2015-06-11","6.49",,"83","91","75","  160"
"USW00012918","HOUSTON WILLIAM P HOBBY AIRPORT, TX US","2015-06-12","7.83",,"83","92","77","  150"
"USW00012918","HOUSTON WILLIAM P HOBBY AIRPORT, TX US","2015-06-13","7.38",,"79","86","72","  130"
"USW00012918","HOUSTON WILLIAM P HOBBY AIRPORT, TX US","2015-06-14","8.05",,"82","90","76","  170"
"USW00012918","HOUSTON WILLIAM P HOBBY AIRPORT, TX US","2015-06-15","10.07",,"82","88","78","   80"
"USW00012918","HOUSTON WILLIAM P HOBBY AIRPORT, TX US","2015-06-16","10.51",,"79","81","76","  130"
"USW00012918","HOUSTON WILLIAM P HOBBY AIRPORT, TX US","2015-06-17","10.74",,"79","83","75","  150"
"USW00012918","HOUSTON WILLIAM P HOBBY AIRPORT, TX US","2015-06-18","8.05",,"82","89","79","  170"
"USW00012918","HOUSTON WILLIAM P HOBBY AIRPORT, TX US","2015-06-19","4.92",,"82","92","77","  160"
"USW00012918","HOUSTON WILLIAM P HOBBY AIRPORT, TX US","2015-06-20","7.16",,"82","92","76","  180"
"USW00012918","HOUSTON WILLIAM P HOBBY AIRPORT, TX US","2015-06-21","7.38",,"84","91","80","  150"
"USW00012918","HOUSTON WILLIAM P HOBBY AIRPORT, TX US","2015-06-22","4.70",,"83","89","77","  180"
"USW00012918","HOUSTON WILLIAM P HOBBY AIRPORT, TX US","2015-06-23","4.47",,"83","92","77","  130"
"USW00012918","HOUSTON WILLIAM P HOBBY AIRPORT, TX US","2015-06-24","3.80",,"83","92","75","  110"
"USW00012918","HOUSTON WILLIAM P HOBBY AIRPORT, TX US","2015-06-25","5.37",,"83","93","76","  160"
"USW00012918","HOUSTON WILLIAM P HOBBY AIRPORT, TX US","2015-06-26","7.38",,"85","93","77","  230"
"USW00012918","HOUSTON WILLIAM P HOBBY AIRPORT, TX US","2015-06-27","8.50",,"85","93","78","  270"
"USW00012918","HOUSTON WILLIAM P HOBBY AIRPORT, TX US","2015-06-28","6.26",,"82","91","75","  180"
"USW00012918","HOUSTON WILLIAM P HOBBY AIRPORT, TX US","2015-06-29","6.26",,"82","90","77","  250"
"USW00012918","HOUSTON WILLIAM P HOBBY AIRPORT, TX US","2015-06-30","5.14",,"81","91","73","  130"
"USW00012918","HOUSTON WILLIAM P HOBBY AIRPORT, TX US","2015-07-01","2.68",,"76","87","72","  240"
"USW00012918","HOUSTON WILLIAM P HOBBY AIRPORT, TX US","2015-07-02","5.82",,"79","90","71","  180"
"USW00012918","HOUSTON WILLIAM P HOBBY AIRPORT, TX US","2015-07-03","6.04",,"82","91","77","  150"
"USW00012918","HOUSTON WILLIAM P HOBBY AIRPORT, TX US","2015-07-04","6.71",,"83","92","76","  160"
"USW00012918","HOUSTON WILLIAM P HOBBY AIRPORT, TX US","2015-07-05","8.50",,"84","92","78","  210"
"USW00012918","HOUSTON WILLIAM P HOBBY AIRPORT, TX US","2015-07-06","9.17",,"84","91","79","  170"
"USW00012918","HOUSTON WILLIAM P HOBBY AIRPORT, TX US","2015-07-07","9.84",,"85","92","80","  140"
"USW00012918","HOUSTON WILLIAM P HOBBY AIRPORT, TX US","2015-07-08","9.62",,"85","92","79","  190"
"USW00012918","HOUSTON WILLIAM P HOBBY AIRPORT, TX US","2015-07-09","7.16",,"84","93","76","  150"
"USW00012918","HOUSTON WILLIAM P HOBBY AIRPORT, TX US","2015-07-10","4.70",,"84","93","76","  150"
"USW00012918","HOUSTON WILLIAM P HOBBY AIRPORT, TX US","2015-07-11","5.14",,"85","93","77","  150"
"USW00012918","HOUSTON WILLIAM P HOBBY AIRPORT, TX US","2015-07-12","5.82",,"85","95","77","  200"
"USW00012918","HOUSTON WILLIAM P HOBBY AIRPORT, TX US","2015-07-13","6.49",,"85","95","76","  190"
"USW00012918","HOUSTON WILLIAM P HOBBY AIRPORT, TX US","2015-07-14","6.49",,"84","95","76","  160"
"USW00012918","HOUSTON WILLIAM P HOBBY AIRPORT, TX US","2015-07-15","6.04",,"84","96","76","  170"
"USW00012918","HOUSTON WILLIAM P HOBBY AIRPORT, TX US","2015-07-16","6.49",,"85","95","77","  170"
"USW00012918","HOUSTON WILLIAM P HOBBY AIRPORT, TX US","2015-07-17","6.26",,"85","94","78","  170"
"USW00012918","HOUSTON WILLIAM P HOBBY AIRPORT, TX US","2015-07-18","6.93",,"86","95","78","  170"
"USW00012918","HOUSTON WILLIAM P HOBBY AIRPORT, TX US","2015-07-19","4.70",,"85","97","77","  150"
"USW00012918","HOUSTON WILLIAM P HOBBY AIRPORT, TX US","2015-07-20","5.82",,"85","96","77","  190"
"USW00012918","HOUSTON WILLIAM P HOBBY AIRPORT, TX US","2015-07-21","6.71",,"85","96","78","  170"
"USW00012918","HOUSTON WILLIAM P HOBBY AIRPORT, TX US","2015-07-22","7.61",,"85","96","78","  100"
"USW00012918","HOUSTON WILLIAM P HOBBY AIRPORT, TX US","2015-07-23","8.28",,"85","98","76","  200"
"USW00012918","HOUSTON WILLIAM P HOBBY AIRPORT, TX US","2015-07-24","6.04",,"86","98","77","  190"
"USW00012918","HOUSTON WILLIAM P HOBBY AIRPORT, TX US","2015-07-25","4.70",,"85","97","75","  150"
"USW00012918","HOUSTON WILLIAM P HOBBY AIRPORT, TX US","2015-07-26","5.14",,"86","98","78","  270"
"USW00012918","HOUSTON WILLIAM P HOBBY AIRPORT, TX US","2015-07-27","5.37",,"87","96","79","  190"
"USW00012918","HOUSTON WILLIAM P HOBBY AIRPORT, TX US","2015-07-28","6.04",,"87","98","78","  160"
"USW00012918","HOUSTON WILLIAM P HOBBY AIRPORT, TX US","2015-07-29","3.80",,"87","100","77","  150"
"USW00012918","HOUSTON WILLIAM P HOBBY AIRPORT, TX US","2015-07-30","4.92",,"88","101","81","   70"
"USW00012918","HOUSTON WILLIAM P HOBBY AIRPORT, TX US","2015-07-31","7.16",,"90","99","81","   40"
"USW00012918","HOUSTON WILLIAM P HOBBY AIRPORT, TX US","2015-08-01","6.71",,"87","98","76","   40"
"USW00012918","HOUSTON WILLIAM P HOBBY AIRPORT, TX US","2015-08-02","3.58",,"87","99","75","  160"
"USW00012918","HOUSTON WILLIAM P HOBBY AIRPORT, TX US","2015-08-03","4.70",,"86","98","76","  190"
"USW00012918","HOUSTON WILLIAM P HOBBY AIRPORT, TX US","2015-08-04","6.04",,"85","95","77","  210"
"USW00012918","HOUSTON WILLIAM P HOBBY AIRPORT, TX US","2015-08-05","7.38",,"87","98","79","  260"
"USW00012918","HOUSTON WILLIAM P HOBBY AIRPORT, TX US","2015-08-06","8.50",,"87","98","77","  160"
"USW00012918","HOUSTON WILLIAM P HOBBY AIRPORT, TX US","2015-08-07","6.71",,"87","99","78","  150"
"USW00012918","HOUSTON WILLIAM P HOBBY AIRPORT, TX US","2015-08-08","6.71",,"87","99","78","  190"
"USW00012918","HOUSTON WILLIAM P HOBBY AIRPORT, TX US","2015-08-09","5.37",,"86","101","77","  150"
"USW00012918","HOUSTON WILLIAM P HOBBY AIRPORT, TX US","2015-08-10","5.82",,"87","101","78","  160"
"USW00012918","HOUSTON WILLIAM P HOBBY AIRPORT, TX US","2015-08-11","6.71",,"88","104","73","   30"
"USW00012918","HOUSTON WILLIAM P HOBBY AIRPORT, TX US","2015-08-12","4.47",,"84","98","77","  180"
"USW00012918","HOUSTON WILLIAM P HOBBY AIRPORT, TX US","2015-08-13","3.80",,"86","98","75","  150"
"USW00012918","HOUSTON WILLIAM P HOBBY AIRPORT, TX US","2015-08-14","4.47",,"87","98","80","   40"
"USW00012918","HOUSTON WILLIAM P HOBBY AIRPORT, TX US","2015-08-15","6.26",,"85","97","76","   90"
"USW00012918","HOUSTON WILLIAM P HOBBY AIRPORT, TX US","2015-08-16","4.92",,"84","94","75","  340"
"USW00012918","HOUSTON WILLIAM P HOBBY AIRPORT, TX US","2015-08-17","4.92",,"81","92","75","  130"
"USW00012918","HOUSTON WILLIAM P HOBBY AIRPORT, TX US","2015-08-18","7.38",,"85","95","76","  240"
"USW00012918","HOUSTON WILLIAM P HOBBY AIRPORT, TX US","2015-08-19","4.47",,"81","90","73","  110"
"USW00012918","HOUSTON WILLIAM P HOBBY AIRPORT, TX US","2015-08-20","5.82",,"78","81","74","  110"
"USW00012918","HOUSTON WILLIAM P HOBBY AIRPORT, TX US","2015-08-21","4.03",,"79","90","74","  200"
"USW00012918","HOUSTON WILLIAM P HOBBY AIRPORT, TX US","2015-08-22","5.59",,"82","91","78","  180"
"USW00012918","HOUSTON WILLIAM P HOBBY AIRPORT, TX US","2015-08-23","4.92",,"85","96","77","  110"
"USW00012918","HOUSTON WILLIAM P HOBBY AIRPORT, TX US","2015-08-24","2.68",,"86","97","78","  260"
"USW00012918","HOUSTON WILLIAM P HOBBY AIRPORT, TX US","2015-08-25","4.70",,"82","94","73","   40"
"USW00012918","HOUSTON WILLIAM P HOBBY AIRPORT, TX US","2015-08-26","6.49",,"80","88","73","  110"
"USW00012918","HOUSTON WILLIAM P HOBBY AIRPORT, TX US","2015-08-27","3.58",,"80","92","71","   60"
"USW00012918","HOUSTON WILLIAM P HOBBY AIRPORT, TX US","2015-08-28","2.68",,"81","91","72","  110"
"USW00012918","HOUSTON WILLIAM P HOBBY AIRPORT, TX US","2015-08-29","2.68",,"80","90","71","  130"
"USW00012918","HOUSTON WILLIAM P HOBBY AIRPORT, TX US","2015-08-30","2.24",,"80","90","71","  130"
"USW00012918","HOUSTON WILLIAM P HOBBY AIRPORT, TX US","2015-08-31","3.80",,"79","86","73","  130"
"USW00012918","HOUSTON WILLIAM P HOBBY AIRPORT, TX US","2015-09-01","4.03",,"77","79","73","  190"
"USW00012918","HOUSTON WILLIAM P HOBBY AIRPORT, TX US","2015-09-02","5.82",,"79","87","72","  130"
"USW00012918","HOUSTON WILLIAM P HOBBY AIRPORT, TX US","2015-09-03","3.36",,"82","90","76","  150"
"USW00012918","HOUSTON WILLIAM P HOBBY AIRPORT, TX US","2015-09-04","4.25",,"82","89","76","  170"
"USW00012918","HOUSTON WILLIAM P HOBBY AIRPORT, TX US","2015-09-05","3.58",,"81","88","77","  220"
"USW00012918","HOUSTON WILLIAM P HOBBY AIRPORT, TX US","2015-09-06","2.91",,"84","94","76","  170"
"USW00012918","HOUSTON WILLIAM P HOBBY AIRPORT, TX US","2015-09-07","3.36",,"84","91","77","  300"
"USW00012918","HOUSTON WILLIAM P HOBBY AIRPORT, TX US","2015-09-08","3.58",,"83","92","76","  180"
"USW00012918","HOUSTON WILLIAM P HOBBY AIRPORT, TX US","2015-09-09","2.91",,"81","89","76","  250"
"USW00012918","HOUSTON WILLIAM P HOBBY AIRPORT, TX US","2015-09-10","3.80",,"79","88","74","  270"
"USW00012918","HOUSTON WILLIAM P HOBBY AIRPORT, TX US","2015-09-11","1.57",,"76","78","74","  330"
"USW00012918","HOUSTON WILLIAM P HOBBY AIRPORT, TX US","2015-09-12","8.05",,"78","86","70","   30"
"USW00012918","HOUSTON WILLIAM P HOBBY AIRPORT, TX US","2015-09-13","5.37",,"74","82","62","   90"
"USW00012918","HOUSTON WILLIAM P HOBBY AIRPORT, TX US","2015-09-14","7.61",,"74","84","65","   80"
"USW00012918","HOUSTON WILLIAM P HOBBY AIRPORT, TX US","2015-09-15","6.93",,"82","91","75","  150"
"USW00012918","HOUSTON WILLIAM P HOBBY AIRPORT, TX US","2015-09-16","6.04",,"81","88","75","  100"
"USW00012918","HOUSTON WILLIAM P HOBBY AIRPORT, TX US","2015-09-17","4.03",,"81","90","75","  130"
"USW00012918","HOUSTON WILLIAM P HOBBY AIRPORT, TX US","2015-09-18","4.25",,"81","90","73","  170"
"USW00012918","HOUSTON WILLIAM P HOBBY AIRPORT, TX US","2015-09-19","2.91",,"80","90","71","   70"
"USW00012918","HOUSTON WILLIAM P HOBBY AIRPORT, TX US","2015-09-20","3.13",,"80","91","72","  110"
"USW00012918","HOUSTON WILLIAM P HOBBY AIRPORT, TX US","2015-09-21","3.58",,"81","90","74","   20"
"USW00012918","HOUSTON WILLIAM P HOBBY AIRPORT, TX US","2015-09-22","3.80",,"82","91","73","   70"
"USW00012918","HOUSTON WILLIAM P HOBBY AIRPORT, TX US","2015-09-23","3.58",,"80","91","71","   40"
"USW00012918","HOUSTON WILLIAM P HOBBY AIRPORT, TX US","2015-09-24","5.14",,"79","90","70","   80"
"USW00012918","HOUSTON WILLIAM P HOBBY AIRPORT, TX US","2015-09-25","5.59",,"82","93","73","  260"
"USW00012918","HOUSTON WILLIAM P HOBBY AIRPORT, TX US","2015-09-26","3.58",,"80","93","70","  270"
"USW00012918","HOUSTON WILLIAM P HOBBY AIRPORT, TX US","2015-09-27","8.28",,"75","77","72","   30"
"USW00012918","HOUSTON WILLIAM P HOBBY AIRPORT, TX US","2015-09-28","8.72",,"74","80","69","   30"
"USW00012918","HOUSTON WILLIAM P HOBBY AIRPORT, TX US","2015-09-29","6.49",,"77","90","70","   60"
"USW00012918","HOUSTON WILLIAM P HOBBY AIRPORT, TX US","2015-09-30","5.82",,"80","91","73","   40"
"USW00012918","HOUSTON WILLIAM P HOBBY AIRPORT, TX US","2015-10-01","7.61",,"79","89","70","   20"
"USW00012918","HOUSTON WILLIAM P HOBBY AIRPORT, TX US","2015-10-02","9.62",,"75","84","64","   40"
"USW00012918","HOUSTON WILLIAM P HOBBY AIRPORT, TX US","2015-10-03","5.59",,"71","82","61","   50"
"USW00012918","HOUSTON WILLIAM P HOBBY AIRPORT, TX US","2015-10-04","5.59",,"70","83","61","  360"
"USW00012918","HOUSTON WILLIAM P HOBBY AIRPORT, TX US","2015-10-05","4.92",,"72","84","62","  280"
"USW00012918","HOUSTON WILLIAM P HOBBY AIRPORT, TX US","2015-10-06","3.13",,"77","88","69","  360"
"USW00012918","HOUSTON WILLIAM P HOBBY AIRPORT, TX US","2015-10-07","3.13",,"78","89","69","  120"
"USW00012918","HOUSTON WILLIAM P HOBBY AIRPORT, TX US","2015-10-08","2.46",,"78","87","71","  150"
"USW00012918","HOUSTON WILLIAM P HOBBY AIRPORT, TX US","2015-10-09","3.36",,"78","87","72","  200"
"USW00012918","HOUSTON WILLIAM P HOBBY AIRPORT, TX US","2015-10-10","6.93",,"78","89","68","   20"
"USW00012918","HOUSTON WILLIAM P HOBBY AIRPORT, TX US","2015-10-11","4.25",,"75","89","64","  160"
"USW00012918","HOUSTON WILLIAM P HOBBY AIRPORT, TX US","2015-10-12","7.61",,"79","91","70","  200"
"USW00012918","HOUSTON WILLIAM P HOBBY AIRPORT, TX US","2015-10-13","4.25",,"82","94","66","  240"
"USW00012918","HOUSTON WILLIAM P HOBBY AIRPORT, TX US","2015-10-14","4.47",,"76","91","61","  130"
"USW00012918","HOUSTON WILLIAM P HOBBY AIRPORT, TX US","2015-10-15","3.58",,"75","92","62","  230"
"USW00012918","HOUSTON WILLIAM P HOBBY AIRPORT, TX US","2015-10-16","4.92",,"76","90","65","   40"
"USW00012918","HOUSTON WILLIAM P HOBBY AIRPORT, TX US","2015-10-17","9.84",,"73","82","63","  360"
"USW00012918","HOUSTON WILLIAM P HOBBY AIRPORT, TX US","2015-10-18","7.16",,"69","80","57","   70"
"USW00012918","HOUSTON WILLIAM P HOBBY AIRPORT, TX US","2015-10-19","5.37",,"68","80","57","   60"
"USW00012918","HOUSTON WILLIAM P HOBBY AIRPORT, TX US","2015-10-20","8.50",,"71","80","63","  100"
"USW00012918","HOUSTON WILLIAM P HOBBY AIRPORT, TX US","2015-10-21","10.07",,"76","83","73","  100"
"USW00012918","HOUSTON WILLIAM P HOBBY AIRPORT, TX US","2015-10-22","11.41",,"78","84","75","  140"
"USW00012918","HOUSTON WILLIAM P HOBBY AIRPORT, TX US","2015-10-23","10.74",,"80","85","77","  160"
"USW00012918","HOUSTON WILLIAM P HOBBY AIRPORT, TX US","2015-10-24","8.05",,"77","79","70","   80"
"USW00012918","HOUSTON WILLIAM P HOBBY AIRPORT, TX US","2015-10-25","18.12",,"68","70","61","  350"
"USW00012918","HOUSTON WILLIAM P HOBBY AIRPORT, TX US","2015-10-26","15.43",,"66","74","62","  340"
"USW00012918","HOUSTON WILLIAM P HOBBY AIRPORT, TX US","2015-10-27","7.83",,"71","80","63","  330"
"USW00012918","HOUSTON WILLIAM P HOBBY AIRPORT, TX US","2015-10-28","8.72",,"72","87","61","  290"
"USW00012918","HOUSTON WILLIAM P HOBBY AIRPORT, TX US","2015-10-29","4.25",,"69","80","57",
"USW00012918","HOUSTON WILLIAM P HOBBY AIRPORT, TX US","2015-10-30","11.63",,"74","79","71","  150"
"USW00012918","HOUSTON WILLIAM P HOBBY AIRPORT, TX US","2015-10-31","9.84",,"74","80","69","  160"
"USW00012918","HOUSTON WILLIAM P HOBBY AIRPORT, TX US","2015-11-01","4.92",,"69","71","65",
"USW00012918","HOUSTON WILLIAM P HOBBY AIRPORT, TX US","2015-11-02","4.03",,"67","77","61",
"USW00012918","HOUSTON WILLIAM P HOBBY AIRPORT, TX US","2015-11-03","2.68",,"68","79","61","  150"
"USW00012918","HOUSTON WILLIAM P HOBBY AIRPORT, TX US","2015-11-04","5.82",,"71","80","65","  120"
"USW00012918","HOUSTON WILLIAM P HOBBY AIRPORT, TX US","2015-11-05","8.28",,"76","86","71","  170"
"USW00012918","HOUSTON WILLIAM P HOBBY AIRPORT, TX US","2015-11-06","4.03",,"77","85","72","  330"
"USW00012918","HOUSTON WILLIAM P HOBBY AIRPORT, TX US","2015-11-07","12.97",,"72","76","58","   10"
"USW00012918","HOUSTON WILLIAM P HOBBY AIRPORT, TX US","2015-11-08","12.53",,"62","73","55","  360"
"USW00012918","HOUSTON WILLIAM P HOBBY AIRPORT, TX US","2015-11-09","2.91",,"64","76","54","  310"
"USW00012918","HOUSTON WILLIAM P HOBBY AIRPORT, TX US","2015-11-10","4.47",,"67","77","59","  160"
"USW00012918","HOUSTON WILLIAM P HOBBY AIRPORT, TX US","2015-11-11","10.51",,"76","83","65","  330"
"USW00012918","HOUSTON WILLIAM P HOBBY AIRPORT, TX US","2015-11-12","11.41",,"70","74","62","   20"
"USW00012918","HOUSTON WILLIAM P HOBBY AIRPORT, TX US","2015-11-13","10.51",,"64","69","58","   60"
"USW00012918","HOUSTON WILLIAM P HOBBY AIRPORT, TX US","2015-11-14","7.16",,"62","70","57","   80"
"USW00012918","HOUSTON WILLIAM P HOBBY AIRPORT, TX US","2015-11-15","6.26",,"63","74","55","  100"
"USW00012918","HOUSTON WILLIAM P HOBBY AIRPORT, TX US","2015-11-16","9.17",,"71","81","66","  160"
"USW00012918","HOUSTON WILLIAM P HOBBY AIRPORT, TX US","2015-11-17","11.18",,"71","79","53","  150"
"USW00012918","HOUSTON WILLIAM P HOBBY AIRPORT, TX US","2015-11-18","4.03",,"61","75","50","  120"
"USW00012918","HOUSTON WILLIAM P HOBBY AIRPORT, TX US","2015-11-19","3.36",,"63","80","52","   30"
"USW00012918","HOUSTON WILLIAM P HOBBY AIRPORT, TX US","2015-11-20","6.49",,"64","73","56","  120"
"USW00012918","HOUSTON WILLIAM P HOBBY AIRPORT, TX US","2015-11-21","13.20",,"66","70","47","   10"
"USW00012918","HOUSTON WILLIAM P HOBBY AIRPORT, TX US","2015-11-22","8.28",,"49","56","40","   40"
"USW00012918","HOUSTON WILLIAM P HOBBY AIRPORT, TX US","2015-11-23","2.01",,"48","63","37","   80"
"USW00012918","HOUSTON WILLIAM P HOBBY AIRPORT, TX US","2015-11-24","8.05",,"55","68","44","  110"
"USW00012918","HOUSTON WILLIAM P HOBBY AIRPORT, TX US","2015-11-25","10.07",,"68","78","62","  110"
"USW00012918","HOUSTON WILLIAM P HOBBY AIRPORT, TX US","2015-11-26","9.40",,"71","79","68","  110"
"USW00012918","HOUSTON WILLIAM P HOBBY AIRPORT, TX US","2015-11-27","7.83",,"73","80","69","  160"
"USW00012918","HOUSTON WILLIAM P HOBBY AIRPORT, TX US","2015-11-28","8.50",,"61","74","50","  360"
"USW00012918","HOUSTON WILLIAM P HOBBY AIRPORT, TX US","2015-11-29","8.05",,"51","55","49","  350"
"USW00012918","HOUSTON WILLIAM P HOBBY AIRPORT, TX US","2015-11-30","5.59",,"56","64","53","  310"
"USW00012918","HOUSTON WILLIAM P HOBBY AIRPORT, TX US","2015-12-01","8.05",,"57","63","53","   20"
"USW00012918","HOUSTON WILLIAM P HOBBY AIRPORT, TX US","2015-12-02","8.05",,"56","65","48","  350"
"USW00012918","HOUSTON WILLIAM P HOBBY AIRPORT, TX US","2015-12-03","6.93",,"53","63","43","   40"
"USW00012918","HOUSTON WILLIAM P HOBBY AIRPORT, TX US","2015-12-04","5.14",,"52","62","43","   70"
"USW00012918","HOUSTON WILLIAM P HOBBY AIRPORT, TX US","2015-12-05","1.12",,"52","67","40","   10"
"USW00012918","HOUSTON WILLIAM P HOBBY AIRPORT, TX US","2015-12-06","2.24",,"55","72","43","   10"
"USW00012918","HOUSTON WILLIAM P HOBBY AIRPORT, TX US","2015-12-07","2.01",,"59","72","49","  130"
"USW00012918","HOUSTON WILLIAM P HOBBY AIRPORT, TX US","2015-12-08","3.58",,"58","74","48","  170"
"USW00012918","HOUSTON WILLIAM P HOBBY AIRPORT, TX US","2015-12-09","5.14",,"61","76","51","  250"
"USW00012918","HOUSTON WILLIAM P HOBBY AIRPORT, TX US","2015-12-10","10.74",,"67","80","55","  210"
"USW00012918","HOUSTON WILLIAM P HOBBY AIRPORT, TX US","2015-12-11","11.41",,"74","82","69","  210"
"USW00012918","HOUSTON WILLIAM P HOBBY AIRPORT, TX US","2015-12-12","14.76",,"74","79","72","  140"
"USW00012918","HOUSTON WILLIAM P HOBBY AIRPORT, TX US","2015-12-13","11.41",,"66","75","48","  340"
"USW00012918","HOUSTON WILLIAM P HOBBY AIRPORT, TX US","2015-12-14","5.82",,"58","73","48","  240"
"USW00012918","HOUSTON WILLIAM P HOBBY AIRPORT, TX US","2015-12-15","6.04",,"63","78","51","  130"
"USW00012918","HOUSTON WILLIAM P HOBBY AIRPORT, TX US","2015-12-16","12.75",,"68","74","53","  350"
"USW00012918","HOUSTON WILLIAM P HOBBY AIRPORT, TX US","2015-12-17","7.83",,"55","65","46","   40"
"USW00012918","HOUSTON WILLIAM P HOBBY AIRPORT, TX US","2015-12-18","6.49",,"53","62","43","  340"
"USW00012918","HOUSTON WILLIAM P HOBBY AIRPORT, TX US","2015-12-19","6.26",,"52","64","43","  100"
"USW00012918","HOUSTON WILLIAM P HOBBY AIRPORT, TX US","2015-12-20","8.05",,"60","71","50","  130"
"USW00012918","HOUSTON WILLIAM P HOBBY AIRPORT, TX US","2015-12-21","6.04",,"71","76","63","  280"
"USW00012918","HOUSTON WILLIAM P HOBBY AIRPORT, TX US","2015-12-22","4.92",,"66","74","58","  160"
"USW00012918","HOUSTON WILLIAM P HOBBY AIRPORT, TX US","2015-12-23","8.05",,"75","83","62","  230"
"USW00012918","HOUSTON WILLIAM P HOBBY AIRPORT, TX US","2015-12-24","6.26",,"71","80","61","  160"
"USW00012918","HOUSTON WILLIAM P HOBBY AIRPORT, TX US","2015-12-25","9.40",,"77","83","75","  150"
"USW00012918","HOUSTON WILLIAM P HOBBY AIRPORT, TX US","2015-12-26","14.99",,"77","81","75","  150"
"USW00012918","HOUSTON WILLIAM P HOBBY AIRPORT, TX US","2015-12-27","16.78",,"75","78","47","  150"
"USW00012918","HOUSTON WILLIAM P HOBBY AIRPORT, TX US","2015-12-28","14.76",,"46","53","41","  270"
"USW00012918","HOUSTON WILLIAM P HOBBY AIRPORT, TX US","2015-12-29","5.59",,"46","53","41","   10"
"USW00012918","HOUSTON WILLIAM P HOBBY AIRPORT, TX US","2015-12-30","10.51",,"53","57","50","  360"
"USW00012918","HOUSTON WILLIAM P HOBBY AIRPORT, TX US","2015-12-31","13.20",,"53","55","50","   40"
"USW00012918","HOUSTON WILLIAM P HOBBY AIRPORT, TX US","2016-01-01","14.32",,"50","51","46","   30"
"USW00012918","HOUSTON WILLIAM P HOBBY AIRPORT, TX US","2016-01-02","8.72",,"48","52","46","   10"
"USW00012918","HOUSTON WILLIAM P HOBBY AIRPORT, TX US","2016-01-03","6.26",,"50","61","44","  280"
"USW00012918","HOUSTON WILLIAM P HOBBY AIRPORT, TX US","2016-01-04","5.37",,"51","62","39","   40"
"USW00012918","HOUSTON WILLIAM P HOBBY AIRPORT, TX US","2016-01-05","8.72",,"47","57","39","   80"
"USW00012918","HOUSTON WILLIAM P HOBBY AIRPORT, TX US","2016-01-06","8.28",,"52","63","47","  110"
"USW00012918","HOUSTON WILLIAM P HOBBY AIRPORT, TX US","2016-01-07","3.36",,"62","70","54","  350"
"USW00012918","HOUSTON WILLIAM P HOBBY AIRPORT, TX US","2016-01-08","2.91",,"59","69","50","  320"
"USW00012918","HOUSTON WILLIAM P HOBBY AIRPORT, TX US","2016-01-09","15.66",,"59","64","44","  320"
"USW00012918","HOUSTON WILLIAM P HOBBY AIRPORT, TX US","2016-01-10","9.40",,"45","53","39","  330"
"USW00012918","HOUSTON WILLIAM P HOBBY AIRPORT, TX US","2016-01-11","4.25",,"45","53","36","  100"
"USW00012918","HOUSTON WILLIAM P HOBBY AIRPORT, TX US","2016-01-12","2.01",,"49","64","38","  280"
"USW00012918","HOUSTON WILLIAM P HOBBY AIRPORT, TX US","2016-01-13","2.68",,"51","65","39","  140"
"USW00012918","HOUSTON WILLIAM P HOBBY AIRPORT, TX US","2016-01-14","3.80",,"56","64","49","  100"
"USW00012918","HOUSTON WILLIAM P HOBBY AIRPORT, TX US","2016-01-15","6.04",,"61","74","49","  290"
"USW00012918","HOUSTON WILLIAM P HOBBY AIRPORT, TX US","2016-01-16","8.72",,"53","57","46","  360"
"USW00012918","HOUSTON WILLIAM P HOBBY AIRPORT, TX US","2016-01-17","6.49",,"49","58","40","  330"
"USW00012918","HOUSTON WILLIAM P HOBBY AIRPORT, TX US","2016-01-18","3.36",,"49","62","38","   40"
"USW00012918","HOUSTON WILLIAM P HOBBY AIRPORT, TX US","2016-01-19","7.61",,"56","70","44","  140"
"USW00012918","HOUSTON WILLIAM P HOBBY AIRPORT, TX US","2016-01-20","3.58",,"59","66","50","   10"
"USW00012918","HOUSTON WILLIAM P HOBBY AIRPORT, TX US","2016-01-21","14.54",,"65","74","45","  300"
"USW00012918","HOUSTON WILLIAM P HOBBY AIRPORT, TX US","2016-01-22","15.66",,"47","54","41","  330"
"USW00012918","HOUSTON WILLIAM P HOBBY AIRPORT, TX US","2016-01-23","4.25",,"46","57","35","  330"
"USW00012918","HOUSTON WILLIAM P HOBBY AIRPORT, TX US","2016-01-24","7.38",,"50","69","38","  140"
"USW00012918","HOUSTON WILLIAM P HOBBY AIRPORT, TX US","2016-01-25","6.26",,"64","75","53","  160"
"USW00012918","HOUSTON WILLIAM P HOBBY AIRPORT, TX US","2016-01-26","12.75",,"58","63","50","   10"
"USW00012918","HOUSTON WILLIAM P HOBBY AIRPORT, TX US","2016-01-27","11.18",,"51","58","44","   10"
"USW00012918","HOUSTON WILLIAM P HOBBY AIRPORT, TX US","2016-01-28","5.59",,"50","66","34","  270"
"USW00012918","HOUSTON WILLIAM P HOBBY AIRPORT, TX US","2016-01-29","7.16",,"56","74","41","  190"
"USW00012918","HOUSTON WILLIAM P HOBBY AIRPORT, TX US","2016-01-30","9.62",,"61","76","48","  200"
"USW00012918","HOUSTON WILLIAM P HOBBY AIRPORT, TX US","2016-01-31","9.62",,"68","78","63","  190"
"USW00012918","HOUSTON WILLIAM P HOBBY AIRPORT, TX US","2016-02-01","10.51",,"68","77","64","  180"
"USW00012918","HOUSTON WILLIAM P HOBBY AIRPORT, TX US","2016-02-02","8.50",,"70","76","57","  190"
"USW00012918","HOUSTON WILLIAM P HOBBY AIRPORT, TX US","2016-02-03","12.30",,"57","63","47","  360"
"USW00012918","HOUSTON WILLIAM P HOBBY AIRPORT, TX US","2016-02-04","8.72",,"50","60","40","  340"
"USW00012918","HOUSTON WILLIAM P HOBBY AIRPORT, TX US","2016-02-05","5.14",,"48","58","37","   90"
"USW00012918","HOUSTON WILLIAM P HOBBY AIRPORT, TX US","2016-02-06","9.17",,"52","61","42","  320"
"USW00012918","HOUSTON WILLIAM P HOBBY AIRPORT, TX US","2016-02-07","4.47",,"50","65","36","  130"
"USW00012918","HOUSTON WILLIAM P HOBBY AIRPORT, TX US","2016-02-08","13.42",,"54","64","44","  320"
"USW00012918","HOUSTON WILLIAM P HOBBY AIRPORT, TX US","2016-02-09","8.05",,"53","66","41","  300"
"USW00012918","HOUSTON WILLIAM P HOBBY AIRPORT, TX US","2016-02-10","6.04",,"54","71","41","  180"
"USW00012918","HOUSTON WILLIAM P HOBBY AIRPORT, TX US","2016-02-11","12.08",,"62","78","51","  230"
"USW00012918","HOUSTON WILLIAM P HOBBY AIRPORT, TX US","2016-02-12","5.59",,"65","80","50","  220"
"USW00012918","HOUSTON WILLIAM P HOBBY AIRPORT, TX US","2016-02-13","7.61",,"62","69","55","  110"
"USW00012918","HOUSTON WILLIAM P HOBBY AIRPORT, TX US","2016-02-14","8.95",,"63","74","57","  190"
"USW00012918","HOUSTON WILLIAM P HOBBY AIRPORT, TX US","2016-02-15","8.72",,"68","77","53","  260"
"USW00012918","HOUSTON WILLIAM P HOBBY AIRPORT, TX US","2016-02-16","4.92",,"63","81","46","  210"
"USW00012918","HOUSTON WILLIAM P HOBBY AIRPORT, TX US","2016-02-17","7.61",,"63","70","49","   60"
"USW00012918","HOUSTON WILLIAM P HOBBY AIRPORT, TX US","2016-02-18","9.62",,"61","76","49","  150"
"USW00012918","HOUSTON WILLIAM P HOBBY AIRPORT, TX US","2016-02-19","10.29",,"69","80","62","  190"
"USW00012918","HOUSTON WILLIAM P HOBBY AIRPORT, TX US","2016-02-20","8.28",,"69","79","61","  150"
"USW00012918","HOUSTON WILLIAM P HOBBY AIRPORT, TX US","2016-02-21","6.71",,"69","74","65","  160"
"USW00012918","HOUSTON WILLIAM P HOBBY AIRPORT, TX US","2016-02-22","4.47",,"67","72","62","  150"
"USW00012918","HOUSTON WILLIAM P HOBBY AIRPORT, TX US","2016-02-23","15.43",,"65","76","50","  290"
"USW00012918","HOUSTON WILLIAM P HOBBY AIRPORT, TX US","2016-02-24","14.54",,"54","64","45","  310"
"USW00012918","HOUSTON WILLIAM P HOBBY AIRPORT, TX US","2016-02-25","8.05",,"56","72","41","  350"
"USW00012918","HOUSTON WILLIAM P HOBBY AIRPORT, TX US","2016-02-26","6.71",,"55","64","44","   30"
"USW00012918","HOUSTON WILLIAM P HOBBY AIRPORT, TX US","2016-02-27","4.70",,"55","70","42","  150"
"USW00012918","HOUSTON WILLIAM P HOBBY AIRPORT, TX US","2016-02-28","7.61",,"60","75","50","  170"
"USW00012918","HOUSTON WILLIAM P HOBBY AIRPORT, TX US","2016-02-29","7.61",,"67","78","61","  190"
"USW00012918","HOUSTON WILLIAM P HOBBY AIRPORT, TX US","2016-03-01","8.50",,"68","79","60","   40"
"USW00012918","HOUSTON WILLIAM P HOBBY AIRPORT, TX US","2016-03-02","11.63",,"65","69","56","  110"
"USW00012918","HOUSTON WILLIAM P HOBBY AIRPORT, TX US","2016-03-03","11.86",,"72","86","65","  360"
"USW00012918","HOUSTON WILLIAM P HOBBY AIRPORT, TX US","2016-03-04","7.38",,"66","74","50","   40"
"USW00012918","HOUSTON WILLIAM P HOBBY AIRPORT, TX US","2016-03-05","3.58",,"62","75","50","  100"
"USW00012918","HOUSTON WILLIAM P HOBBY AIRPORT, TX US","2016-03-06","7.83",,"63","76","50","  150"
"USW00012918","HOUSTON WILLIAM P HOBBY AIRPORT, TX US","2016-03-07","13.42",,"67","74","62","  150"
"USW00012918","HOUSTON WILLIAM P HOBBY AIRPORT, TX US","2016-03-08","15.88",,"71","73","70","  130"
"USW00012918","HOUSTON WILLIAM P HOBBY AIRPORT, TX US","2016-03-09","11.63",,"72","76","64","   50"
"USW00012918","HOUSTON WILLIAM P HOBBY AIRPORT, TX US","2016-03-10","10.74",,"67","75","65","  280"
"USW00012918","HOUSTON WILLIAM P HOBBY AIRPORT, TX US","2016-03-11","6.93",,"69","76","63","  180"
"USW00012918","HOUSTON WILLIAM P HOBBY AIRPORT, TX US","2016-03-12","8.50",,"68","78","61","  230"
"USW00012918","HOUSTON WILLIAM P HOBBY AIRPORT, TX US","2016-03-13","10.51",,"70","82","59","  210"
"USW00012918","HOUSTON WILLIAM P HOBBY AIRPORT, TX US","2016-03-14","9.40",,"72","88","60","  200"
"USW00012918","HOUSTON WILLIAM P HOBBY AIRPORT, TX US","2016-03-15","11.86",,"74","85","68","  210"
"USW00012918","HOUSTON WILLIAM P HOBBY AIRPORT, TX US","2016-03-16","4.92",,"73","78","67","  110"
"USW00012918","HOUSTON WILLIAM P HOBBY AIRPORT, TX US","2016-03-17","5.14",,"74","81","68","  160"
"USW00012918","HOUSTON WILLIAM P HOBBY AIRPORT, TX US","2016-03-18","5.59",,"74","84","66","  330"
"USW00012918","HOUSTON WILLIAM P HOBBY AIRPORT, TX US","2016-03-19","17.90",,"64","72","54","  360"
"USW00012918","HOUSTON WILLIAM P HOBBY AIRPORT, TX US","2016-03-20","15.88",,"57","64","47","  340"
"USW00012918","HOUSTON WILLIAM P HOBBY AIRPORT, TX US","2016-03-21","5.82",,"53","65","42","  160"
"USW00012918","HOUSTON WILLIAM P HOBBY AIRPORT, TX US","2016-03-22","10.96",,"59","72","48","  150"
"USW00012918","HOUSTON WILLIAM P HOBBY AIRPORT, TX US","2016-03-23","14.76",,"69","78","66","  200"
"USW00012918","HOUSTON WILLIAM P HOBBY AIRPORT, TX US","2016-03-24","14.09",,"67","72","55","  310"
"USW00012918","HOUSTON WILLIAM P HOBBY AIRPORT, TX US","2016-03-25","4.92",,"60","71","46","  120"
"USW00012918","HOUSTON WILLIAM P HOBBY AIRPORT, TX US","2016-03-26","4.92",,"62","76","52","  100"
"USW00012918","HOUSTON WILLIAM P HOBBY AIRPORT, TX US","2016-03-27","7.83",,"70","81","62","  310"
"USW00012918","HOUSTON WILLIAM P HOBBY AIRPORT, TX US","2016-03-28","8.05",,"66","77","55","   10"
"USW00012918","HOUSTON WILLIAM P HOBBY AIRPORT, TX US","2016-03-29","6.71",,"68","71","63","  100"
"USW00012918","HOUSTON WILLIAM P HOBBY AIRPORT, TX US","2016-03-30","10.29",,"72","76","70","  160"
"USW00012918","HOUSTON WILLIAM P HOBBY AIRPORT, TX US","2016-03-31","8.28",,"77","88","72","   40"
"USW00012918","HOUSTON WILLIAM P HOBBY AIRPORT, TX US","2016-04-01","18.12",,"70","73","53","   40"
"USW00012918","HOUSTON WILLIAM P HOBBY AIRPORT, TX US","2016-04-02","8.72",,"61","74","50","  320"
"USW00012918","HOUSTON WILLIAM P HOBBY AIRPORT, TX US","2016-04-03","2.91",,"63","77","47","  250"
"USW00012918","HOUSTON WILLIAM P HOBBY AIRPORT, TX US","2016-04-04","3.80",,"65","82","51","  250"
"USW00012918","HOUSTON WILLIAM P HOBBY AIRPORT, TX US","2016-04-05","5.14",,"68","82","54","  170"
"USW00012918","HOUSTON WILLIAM P HOBBY AIRPORT, TX US","2016-04-06","8.05",,"68","80","57","  230"
"USW00012918","HOUSTON WILLIAM P HOBBY AIRPORT, TX US","2016-04-07","3.58",,"69","85","52","  210"
"USW00012918","HOUSTON WILLIAM P HOBBY AIRPORT, TX US","2016-04-08","4.47",,"69","81","54","   50"
"USW00012918","HOUSTON WILLIAM P HOBBY AIRPORT, TX US","2016-04-09","6.71",,"68","79","59","  150"
"USW00012918","HOUSTON WILLIAM P HOBBY AIRPORT, TX US","2016-04-10","10.96",,"70","80","62","  160"
"USW00012918","HOUSTON WILLIAM P HOBBY AIRPORT, TX US","2016-04-11","10.29",,"74","80","71","  190"
"USW00012918","HOUSTON WILLIAM P HOBBY AIRPORT, TX US","2016-04-12","8.95",,"75","79","70","   70"
"USW00012918","HOUSTON WILLIAM P HOBBY AIRPORT, TX US","2016-04-13","8.28",,"70","75","65","  280"
"USW00012918","HOUSTON WILLIAM P HOBBY AIRPORT, TX US","2016-04-14","7.83",,"71","79","64","  230"
"USW00012918","HOUSTON WILLIAM P HOBBY AIRPORT, TX US","2016-04-15","4.70",,"70","79","63","   50"
"USW00012918","HOUSTON WILLIAM P HOBBY AIRPORT, TX US","2016-04-16","14.99",,"72","78","66","  110"
"USW00012918","HOUSTON WILLIAM P HOBBY AIRPORT, TX US","2016-04-17","15.66",,"74","78","72","  130"
"USW00012918","HOUSTON WILLIAM P HOBBY AIRPORT, TX US","2016-04-18","7.83",,"70","74","66","  130"
"USW00012918","HOUSTON WILLIAM P HOBBY AIRPORT, TX US","2016-04-19","5.37",,"73","82","69","   30"
"USW00012918","HOUSTON WILLIAM P HOBBY AIRPORT, TX US","2016-04-20","4.47",,"74","81","66","  290"
"USW00012918","HOUSTON WILLIAM P HOBBY AIRPORT, TX US","2016-04-21","5.59",,"72","78","64","  310"
"USW00012918","HOUSTON WILLIAM P HOBBY AIRPORT, TX US","2016-04-22","5.59",,"73","84","63","  360"
"USW00012918","HOUSTON WILLIAM P HOBBY AIRPORT, TX US","2016-04-23","4.03",,"72","83","61","   40"
"USW00012918","HOUSTON WILLIAM P HOBBY AIRPORT, TX US","2016-04-24","5.14",,"69","77","62","  130"
"USW00012918","HOUSTON WILLIAM P HOBBY AIRPORT, TX US","2016-04-25","8.72",,"75","86","69","  170"
"USW00012918","HOUSTON WILLIAM P HOBBY AIRPORT, TX US","2016-04-26","10.51",,"77","85","74","  150"
"USW00012918","HOUSTON WILLIAM P HOBBY AIRPORT, TX US","2016-04-27","7.83",,"76","84","64","  300"
"USW00012918","HOUSTON WILLIAM P HOBBY AIRPORT, TX US","2016-04-28","7.61",,"76","83","69","  120"
"USW00012918","HOUSTON WILLIAM P HOBBY AIRPORT, TX US","2016-04-29","13.87",,"79","85","75","  170"
"USW00012918","HOUSTON WILLIAM P HOBBY AIRPORT, TX US","2016-04-30","8.28",,"78","87","69","   30"
"USW00012918","HOUSTON WILLIAM P HOBBY AIRPORT, TX US","2016-05-01","9.17",,"78","84","75","  100"
"USW00012918","HOUSTON WILLIAM P HOBBY AIRPORT, TX US","2016-05-02","12.97",,"72","77","64","  360"
"USW00012918","HOUSTON WILLIAM P HOBBY AIRPORT, TX US","2016-05-03","8.50",,"68","78","60","   10"
"USW00012918","HOUSTON WILLIAM P HOBBY AIRPORT, TX US","2016-05-04","5.82",,"71","84","58","  340"
"USW00012918","HOUSTON WILLIAM P HOBBY AIRPORT, TX US","2016-05-05","7.83",,"75","88","62","  320"
"USW00012918","HOUSTON WILLIAM P HOBBY AIRPORT, TX US","2016-05-06","3.80",,"73","84","59","  190"
"USW00012918","HOUSTON WILLIAM P HOBBY AIRPORT, TX US","2016-05-07","5.82",,"72","83","60","  170"
"USW00012918","HOUSTON WILLIAM P HOBBY AIRPORT, TX US","2016-05-08","8.05",,"72","78","65","  160"
"USW00012918","HOUSTON WILLIAM P HOBBY AIRPORT, TX US","2016-05-09","13.87",,"76","85","72","  150"
"USW00012918","HOUSTON WILLIAM P HOBBY AIRPORT, TX US","2016-05-10","7.83",,"79","87","73","  150"
"USW00012918","HOUSTON WILLIAM P HOBBY AIRPORT, TX US","2016-05-11","9.62",,"79","88","73","  200"
"USW00012918","HOUSTON WILLIAM P HOBBY AIRPORT, TX US","2016-05-12","7.16",,"80","90","74","  200"
"USW00012918","HOUSTON WILLIAM P HOBBY AIRPORT, TX US","2016-05-13","7.83",,"80","89","70","  210"
"USW00012918","HOUSTON WILLIAM P HOBBY AIRPORT, TX US","2016-05-14","7.61",,"76","91","67","   60"
"USW00012918","HOUSTON WILLIAM P HOBBY AIRPORT, TX US","2016-05-15","5.82",,"73","84","69","  150"
"USW00012918","HOUSTON WILLIAM P HOBBY AIRPORT, TX US","2016-05-16","7.61",,"72","76","67","  160"
"USW00012918","HOUSTON WILLIAM P HOBBY AIRPORT, TX US","2016-05-17","4.25",,"75","87","68","  340"
"USW00012918","HOUSTON WILLIAM P HOBBY AIRPORT, TX US","2016-05-18","8.05",,"79","86","71","  350"
"USW00012918","HOUSTON WILLIAM P HOBBY AIRPORT, TX US","2016-05-19","10.74",,"71","74","66","  330"
"USW00012918","HOUSTON WILLIAM P HOBBY AIRPORT, TX US","2016-05-20","8.28",,"74","86","67","  210"
"USW00012918","HOUSTON WILLIAM P HOBBY AIRPORT, TX US","2016-05-21","4.92",,"76","86","71","  200"
"USW00012918","HOUSTON WILLIAM P HOBBY AIRPORT, TX US","2016-05-22","7.38",,"79","85","74","   70"
"USW00012918","HOUSTON WILLIAM P HOBBY AIRPORT, TX US","2016-05-23","7.38",,"78","86","72","  110"
"USW00012918","HOUSTON WILLIAM P HOBBY AIRPORT, TX US","2016-05-24","9.17",,"81","89","75","  180"
"USW00012918","HOUSTON WILLIAM P HOBBY AIRPORT, TX US","2016-05-25","9.84",,"83","90","79","  180"
"USW00012918","HOUSTON WILLIAM P HOBBY AIRPORT, TX US","2016-05-26","10.07",,"81","85","72","  140"
"USW00012918","HOUSTON WILLIAM P HOBBY AIRPORT, TX US","2016-05-27","10.07",,"77","87","66","  110"
"USW00012918","HOUSTON WILLIAM P HOBBY AIRPORT, TX US","2016-05-28","5.82",,"76","90","67","  270"
"USW00012918","HOUSTON WILLIAM P HOBBY AIRPORT, TX US","2016-05-29","4.47",,"81","89","73","   80"
"USW00012918","HOUSTON WILLIAM P HOBBY AIRPORT, TX US","2016-05-30","4.25",,"79","87","72","  160"
"USW00012918","HOUSTON WILLIAM P HOBBY AIRPORT, TX US","2016-05-31","5.82",,"79","89","71","  140"
"USW00012918","HOUSTON WILLIAM P HOBBY AIRPORT, TX US","2016-06-01","5.59",,"79","85","74","  190"
"USW00012918","HOUSTON WILLIAM P HOBBY AIRPORT, TX US","2016-06-02","4.47",,"75","79","69","  230"
"USW00012918","HOUSTON WILLIAM P HOBBY AIRPORT, TX US","2016-06-03","3.36",,"74","84","71","  180"
"USW00012918","HOUSTON WILLIAM P HOBBY AIRPORT, TX US","2016-06-04","6.04",,"74","81","70","   10"
"USW00012918","HOUSTON WILLIAM P HOBBY AIRPORT, TX US","2016-06-05","7.83",,"75","84","71","   20"
"USW00012918","HOUSTON WILLIAM P HOBBY AIRPORT, TX US","2016-06-06","4.03",,"79","90","73","   20"
"USW00012918","HOUSTON WILLIAM P HOBBY AIRPORT, TX US","2016-06-07","4.25",,"82","90","74","  270"
"USW00012918","HOUSTON WILLIAM P HOBBY AIRPORT, TX US","2016-06-08","4.70",,"82","91","74","  100"
"USW00012918","HOUSTON WILLIAM P HOBBY AIRPORT, TX US","2016-06-09","5.82",,"83","91","77","  100"
"USW00012918","HOUSTON WILLIAM P HOBBY AIRPORT, TX US","2016-06-10","5.37",,"83","91","76","  160"
"USW00012918","HOUSTON WILLIAM P HOBBY AIRPORT, TX US","2016-06-11","7.61",,"84","93","77","  160"
"USW00012918","HOUSTON WILLIAM P HOBBY AIRPORT, TX US","2016-06-12","4.25",,"82","87","73","  350"
"USW00012918","HOUSTON WILLIAM P HOBBY AIRPORT, TX US","2016-06-13","6.93",,"83","93","77","  170"
"USW00012918","HOUSTON WILLIAM P HOBBY AIRPORT, TX US","2016-06-14","8.05",,"85","93","78","  210"
"USW00012918","HOUSTON WILLIAM P HOBBY AIRPORT, TX US","2016-06-15","8.05",,"86","95","79","  210"
"USW00012918","HOUSTON WILLIAM P HOBBY AIRPORT, TX US","2016-06-16","6.71",,"85","95","78","  160"
"USW00012918","HOUSTON WILLIAM P HOBBY AIRPORT, TX US","2016-06-17","5.37",,"85","96","77","  110"
"USW00012918","HOUSTON WILLIAM P HOBBY AIRPORT, TX US","2016-06-18","4.92",,"85","97","74","   60"
"USW00012918","HOUSTON WILLIAM P HOBBY AIRPORT, TX US","2016-06-19","4.03",,"80","91","75","  110"
"USW00012918","HOUSTON WILLIAM P HOBBY AIRPORT, TX US","2016-06-20","2.24",,"83","92","76","  160"
"USW00012918","HOUSTON WILLIAM P HOBBY AIRPORT, TX US","2016-06-21","3.36",,"83","92","77","  120"
"USW00012918","HOUSTON WILLIAM P HOBBY AIRPORT, TX US","2016-06-22","5.59",,"83","92","77","  150"
"USW00012918","HOUSTON WILLIAM P HOBBY AIRPORT, TX US","2016-06-23","5.82",,"83","92","75","  170"
"USW00012918","HOUSTON WILLIAM P HOBBY AIRPORT, TX US","2016-06-24","4.70",,"83","93","75","  240"
"USW00012918","HOUSTON WILLIAM P HOBBY AIRPORT, TX US","2016-06-25","5.59",,"84","92","77","  160"
"USW00012918","HOUSTON WILLIAM P HOBBY AIRPORT, TX US","2016-06-26","2.46",,"84","92","79","   70"
"USW00012918","HOUSTON WILLIAM P HOBBY AIRPORT, TX US","2016-06-27","2.68",,"84","94","78","  210"
"USW00012918","HOUSTON WILLIAM P HOBBY AIRPORT, TX US","2016-06-28","5.37",,"82","95","73","   10"
"USW00012918","HOUSTON WILLIAM P HOBBY AIRPORT, TX US","2016-06-29","4.03",,"82","94","74","   30"
"USW00012918","HOUSTON WILLIAM P HOBBY AIRPORT, TX US","2016-06-30","5.59",,"85","93","78","   70"
"USW00012918","HOUSTON WILLIAM P HOBBY AIRPORT, TX US","2016-07-01","4.03",,"85","93","77","  150"
"USW00012918","HOUSTON WILLIAM P HOBBY AIRPORT, TX US","2016-07-02","6.71",,"86","95","78","  200"
"USW00012918","HOUSTON WILLIAM P HOBBY AIRPORT, TX US","2016-07-03","10.51",,"86","95","79","  180"
"USW00012918","HOUSTON WILLIAM P HOBBY AIRPORT, TX US","2016-07-04","9.84",,"87","94","81","  200"
"USW00012918","HOUSTON WILLIAM P HOBBY AIRPORT, TX US","2016-07-05","9.40",,"87","94","82","  190"
"USW00012918","HOUSTON WILLIAM P HOBBY AIRPORT, TX US","2016-07-06","9.62",,"87","94","80","  150"
"USW00012918","HOUSTON WILLIAM P HOBBY AIRPORT, TX US","2016-07-07","9.62",,"86","95","80","  150"
"USW00012918","HOUSTON WILLIAM P HOBBY AIRPORT, TX US","2016-07-08","8.28",,"86","96","79","  160"
"USW00012918","HOUSTON WILLIAM P HOBBY AIRPORT, TX US","2016-07-09","6.71",,"86","95","79","  150"
"USW00012918","HOUSTON WILLIAM P HOBBY AIRPORT, TX US","2016-07-10","8.05",,"86","94","80","  220"
"USW00012918","HOUSTON WILLIAM P HOBBY AIRPORT, TX US","2016-07-11","9.62",,"86","95","81","  150"
"USW00012918","HOUSTON WILLIAM P HOBBY AIRPORT, TX US","2016-07-12","8.50",,"86","95","79","  170"
"USW00012918","HOUSTON WILLIAM P HOBBY AIRPORT, TX US","2016-07-13","9.17",,"87","96","80","  240"
"USW00012918","HOUSTON WILLIAM P HOBBY AIRPORT, TX US","2016-07-14","7.83",,"87","97","78","  330"
"USW00012918","HOUSTON WILLIAM P HOBBY AIRPORT, TX US","2016-07-15","7.38",,"87","98","79","  160"
"USW00012918","HOUSTON WILLIAM P HOBBY AIRPORT, TX US","2016-07-16","5.14",,"86","96","76","  160"
"USW00012918","HOUSTON WILLIAM P HOBBY AIRPORT, TX US","2016-07-17","5.14",,"85","95","78","  130"
"USW00012918","HOUSTON WILLIAM P HOBBY AIRPORT, TX US","2016-07-18","2.91",,"85","95","79","  320"
"USW00012918","HOUSTON WILLIAM P HOBBY AIRPORT, TX US","2016-07-19","4.47",,"85","95","80","   90"
"USW00012918","HOUSTON WILLIAM P HOBBY AIRPORT, TX US","2016-07-20","3.36",,"87","97","78","   70"
"USW00012918","HOUSTON WILLIAM P HOBBY AIRPORT, TX US","2016-07-21","2.91",,"87","98","78","  330"
"USW00012918","HOUSTON WILLIAM P HOBBY AIRPORT, TX US","2016-07-22","4.03",,"87","99","78","  150"
"USW00012918","HOUSTON WILLIAM P HOBBY AIRPORT, TX US","2016-07-23","4.25",,"86","98","79","   90"
"USW00012918","HOUSTON WILLIAM P HOBBY AIRPORT, TX US","2016-07-24","5.37",,"87","97","79","  150"
"USW00012918","HOUSTON WILLIAM P HOBBY AIRPORT, TX US","2016-07-25","3.80",,"85","97","76","  270"
"USW00012918","HOUSTON WILLIAM P HOBBY AIRPORT, TX US","2016-07-26","4.03",,"80","87","75","  310"
"USW00012918","HOUSTON WILLIAM P HOBBY AIRPORT, TX US","2016-07-27","5.14",,"80","89","76","  240"
"USW00012918","HOUSTON WILLIAM P HOBBY AIRPORT, TX US","2016-07-28","4.70",,"83","91","78","  200"
"USW00012918","HOUSTON WILLIAM P HOBBY AIRPORT, TX US","2016-07-29","4.70",,"84","95","78","  160"
"USW00012918","HOUSTON WILLIAM P HOBBY AIRPORT, TX US","2016-07-30","4.92",,"85","96","77",
"USW00012918","HOUSTON WILLIAM P HOBBY AIRPORT, TX US","2016-07-31","5.14",,"84","93","78","  150"
"USW00012918","HOUSTON WILLIAM P HOBBY AIRPORT, TX US","2016-08-01","5.14",,"85","97","76","  110"
"USW00012918","HOUSTON WILLIAM P HOBBY AIRPORT, TX US","2016-08-02","4.25",,"86","96","78","  160"
"USW00012918","HOUSTON WILLIAM P HOBBY AIRPORT, TX US","2016-08-03","3.80",,"87","98","79","  170"
"USW00012918","HOUSTON WILLIAM P HOBBY AIRPORT, TX US","2016-08-04","5.14",,"86","97","78","  130"
"USW00012918","HOUSTON WILLIAM P HOBBY AIRPORT, TX US","2016-08-05","4.92",,"87","97","79","  190"
"USW00012918","HOUSTON WILLIAM P HOBBY AIRPORT, TX US","2016-08-06","5.82",,"87","98","78","  150"
"USW00012918","HOUSTON WILLIAM P HOBBY AIRPORT, TX US","2016-08-07","5.82",,"87","98","79","  160"
"USW00012918","HOUSTON WILLIAM P HOBBY AIRPORT, TX US","2016-08-08","5.14",,"87","99","78","  160"
"USW00012918","HOUSTON WILLIAM P HOBBY AIRPORT, TX US","2016-08-09","5.59",,"87","99","79","  150"
"USW00012918","HOUSTON WILLIAM P HOBBY AIRPORT, TX US","2016-08-10","5.59",,"88","98","80","  260"
"USW00012918","HOUSTON WILLIAM P HOBBY AIRPORT, TX US","2016-08-11","7.16",,"88","98","80","  160"
"USW00012918","HOUSTON WILLIAM P HOBBY AIRPORT, TX US","2016-08-12","8.50",,"87","96","80","  170"
"USW00012918","HOUSTON WILLIAM P HOBBY AIRPORT, TX US","2016-08-13","9.17",,"86","96","75","  250"
"USW00012918","HOUSTON WILLIAM P HOBBY AIRPORT, TX US","2016-08-14","6.26",,"80","89","76","  150"
"USW00012918","HOUSTON WILLIAM P HOBBY AIRPORT, TX US","2016-08-15","5.37",,"81","89","76","  230"
"USW00012918","HOUSTON WILLIAM P HOBBY AIRPORT, TX US","2016-08-16","5.82",,"79","86","74","  260"
"USW00012918","HOUSTON WILLIAM P HOBBY AIRPORT, TX US","2016-08-17","4.70",,"79","84","75","  200"
"USW00012918","HOUSTON WILLIAM P HOBBY AIRPORT, TX US","2016-08-18","3.80",,"79","86","77","  130"
"USW00012918","HOUSTON WILLIAM P HOBBY AIRPORT, TX US","2016-08-19","4.92",,"81","90","77","  200"
"USW00012918","HOUSTON WILLIAM P HOBBY AIRPORT, TX US","2016-08-20","5.59",,"82","91","76","  200"
"USW00012918","HOUSTON WILLIAM P HOBBY AIRPORT, TX US","2016-08-21","3.80",,"80","85","74","  200"
"USW00012918","HOUSTON WILLIAM P HOBBY AIRPORT, TX US","2016-08-22","4.47",,"80","89","76","  190"
"USW00012918","HOUSTON WILLIAM P HOBBY AIRPORT, TX US","2016-08-23","6.71",,"83","92","79","  170"
"USW00012918","HOUSTON WILLIAM P HOBBY AIRPORT, TX US","2016-08-24","4.92",,"84","93","77","  210"
"USW00012918","HOUSTON WILLIAM P HOBBY AIRPORT, TX US","2016-08-25","3.36",,"82","90","78","   10"
"USW00012918","HOUSTON WILLIAM P HOBBY AIRPORT, TX US","2016-08-26","4.03",,"81","90","76","   80"
"USW00012918","HOUSTON WILLIAM P HOBBY AIRPORT, TX US","2016-08-27","8.50",,"81","91","76","   30"
"USW00012918","HOUSTON WILLIAM P HOBBY AIRPORT, TX US","2016-08-28","9.17",,"80","88","75","   60"
"USW00012918","HOUSTON WILLIAM P HOBBY AIRPORT, TX US","2016-08-29","8.50",,"78","82","76","   60"
"USW00012918","HOUSTON WILLIAM P HOBBY AIRPORT, TX US","2016-08-30","6.71",,"82","92","76","   80"
"USW00012918","HOUSTON WILLIAM P HOBBY AIRPORT, TX US","2016-08-31","6.49",,"85","96","79","   30"
"USW00012918","HOUSTON WILLIAM P HOBBY AIRPORT, TX US","2016-09-01","5.82",,"87","96","78","   40"
"USW00012918","HOUSTON WILLIAM P HOBBY AIRPORT, TX US","2016-09-02","6.93",,"86","95","76","  150"
"USW00012918","HOUSTON WILLIAM P HOBBY AIRPORT, TX US","2016-09-03","6.26",,"84","93","77","   50"
"USW00012918","HOUSTON WILLIAM P HOBBY AIRPORT, TX US","2016-09-04","5.14",,"84","92","78","  150"
"USW00012918","HOUSTON WILLIAM P HOBBY AIRPORT, TX US","2016-09-05","5.14",,"83","93","78","  140"
"USW00012918","HOUSTON WILLIAM P HOBBY AIRPORT, TX US","2016-09-06","5.82",,"85","93","77","  160"
"USW00012918","HOUSTON WILLIAM P HOBBY AIRPORT, TX US","2016-09-07","4.92",,"83","92","78","  100"
"USW00012918","HOUSTON WILLIAM P HOBBY AIRPORT, TX US","2016-09-08","5.82",,"84","92","78","  180"
"USW00012918","HOUSTON WILLIAM P HOBBY AIRPORT, TX US","2016-09-09","2.68",,"82","90","77","  290"
"USW00012918","HOUSTON WILLIAM P HOBBY AIRPORT, TX US","2016-09-10","5.14",,"79","86","75","  360"
"USW00012918","HOUSTON WILLIAM P HOBBY AIRPORT, TX US","2016-09-11","5.14",,"81","92","73","   20"
"USW00012918","HOUSTON WILLIAM P HOBBY AIRPORT, TX US","2016-09-12","4.25",,"83","91","76","  100"
"USW00012918","HOUSTON WILLIAM P HOBBY AIRPORT, TX US","2016-09-13","6.04",,"82","90","75","   90"
"USW00012918","HOUSTON WILLIAM P HOBBY AIRPORT, TX US","2016-09-14","6.71",,"83","92","77","   80"
"USW00012918","HOUSTON WILLIAM P HOBBY AIRPORT, TX US","2016-09-15","6.93",,"84","91","77","  130"
"USW00012918","HOUSTON WILLIAM P HOBBY AIRPORT, TX US","2016-09-16","5.82",,"83","89","79","   70"
"USW00012918","HOUSTON WILLIAM P HOBBY AIRPORT, TX US","2016-09-17","4.47",,"84","95","77","  150"
"USW00012918","HOUSTON WILLIAM P HOBBY AIRPORT, TX US","2016-09-18","4.70",,"85","97","77","  120"
"USW00012918","HOUSTON WILLIAM P HOBBY AIRPORT, TX US","2016-09-19","3.58",,"86","96","79","  280"
"USW00012918","HOUSTON WILLIAM P HOBBY AIRPORT, TX US","2016-09-20","3.80",,"84","95","77","  100"
"USW00012918","HOUSTON WILLIAM P HOBBY AIRPORT, TX US","2016-09-21","4.47",,"83","94","76","  130"
"USW00012918","HOUSTON WILLIAM P HOBBY AIRPORT, TX US","2016-09-22","5.59",,"84","93","78","  130"
"USW00012918","HOUSTON WILLIAM P HOBBY AIRPORT, TX US","2016-09-23","4.92",,"82","88","76","  160"
"USW00012918","HOUSTON WILLIAM P HOBBY AIRPORT, TX US","2016-09-24","4.25",,"79","90","76","  180"
"USW00012918","HOUSTON WILLIAM P HOBBY AIRPORT, TX US","2016-09-25","4.92",,"79","89","76","  130"
"USW00012918","HOUSTON WILLIAM P HOBBY AIRPORT, TX US","2016-09-26","6.26",,"79","91","74","  150"
"USW00012918","HOUSTON WILLIAM P HOBBY AIRPORT, TX US","2016-09-27","8.50",,"77","85","71","   30"
"USW00012918","HOUSTON WILLIAM P HOBBY AIRPORT, TX US","2016-09-28","3.36",,"78","89","68","   70"
"USW00012918","HOUSTON WILLIAM P HOBBY AIRPORT, TX US","2016-09-29","7.38",,"78","88","67","   10"
"USW00012918","HOUSTON WILLIAM P HOBBY AIRPORT, TX US","2016-09-30","5.14",,"72","83","61","   30"
"USW00012918","HOUSTON WILLIAM P HOBBY AIRPORT, TX US","2016-10-01","2.68",,"72","82","62","   40"
"USW00012918","HOUSTON WILLIAM P HOBBY AIRPORT, TX US","2016-10-02","5.59",,"76","87","68","   70"
"USW00012918","HOUSTON WILLIAM P HOBBY AIRPORT, TX US","2016-10-03","5.59",,"77","86","68","   70"
"USW00012918","HOUSTON WILLIAM P HOBBY AIRPORT, TX US","2016-10-04","6.49",,"78","89","70","  140"
"USW00012918","HOUSTON WILLIAM P HOBBY AIRPORT, TX US","2016-10-05","5.37",,"82","90","75",
"USW00012918","HOUSTON WILLIAM P HOBBY AIRPORT, TX US","2016-10-06","5.82",,"82","89","73","  110"
"USW00012918","HOUSTON WILLIAM P HOBBY AIRPORT, TX US","2016-10-07","8.95",,"80","91","72","   30"
"USW00012918","HOUSTON WILLIAM P HOBBY AIRPORT, TX US","2016-10-08","11.63",,"79","89","70","   40"
"USW00012918","HOUSTON WILLIAM P HOBBY AIRPORT, TX US","2016-10-09","9.62",,"74","83","63","   40"
"USW00012918","HOUSTON WILLIAM P HOBBY AIRPORT, TX US","2016-10-10","4.92",,"71","85","57","   50"
"USW00012918","HOUSTON WILLIAM P HOBBY AIRPORT, TX US","2016-10-11","6.49",,"75","86","70","  120"
"USW00012918","HOUSTON WILLIAM P HOBBY AIRPORT, TX US","2016-10-12","6.04",,"80","88","74","  160"
"USW00012918","HOUSTON WILLIAM P HOBBY AIRPORT, TX US","2016-10-13","4.70",,"80","89","73","  110"
"USW00012918","HOUSTON WILLIAM P HOBBY AIRPORT, TX US","2016-10-14","3.58",,"78","89","72","   60"
"USW00012918","HOUSTON WILLIAM P HOBBY AIRPORT, TX US","2016-10-15","5.14",,"79","90","70","  150"
"USW00012918","HOUSTON WILLIAM P HOBBY AIRPORT, TX US","2016-10-16","6.93",,"80","91","73","  150"
"USW00012918","HOUSTON WILLIAM P HOBBY AIRPORT, TX US","2016-10-17","6.93",,"81","92","73","  160"
"USW00012918","HOUSTON WILLIAM P HOBBY AIRPORT, TX US","2016-10-18","6.71",,"81","93","73","  170"
"USW00012918","HOUSTON WILLIAM P HOBBY AIRPORT, TX US","2016-10-19","5.82",,"81","90","75","  160"
"USW00012918","HOUSTON WILLIAM P HOBBY AIRPORT, TX US","2016-10-20","6.71",,"77","84","68","   10"
"USW00012918","HOUSTON WILLIAM P HOBBY AIRPORT, TX US","2016-10-21","10.07",,"69","76","56","  360"
"USW00012918","HOUSTON WILLIAM P HOBBY AIRPORT, TX US","2016-10-22","4.25",,"64","76","52","   80"
"USW00012918","HOUSTON WILLIAM P HOBBY AIRPORT, TX US","2016-10-23","4.92",,"67","81","55","  100"
"USW00012918","HOUSTON WILLIAM P HOBBY AIRPORT, TX US","2016-10-24","4.70",,"72","82","64","  110"
"USW00012918","HOUSTON WILLIAM P HOBBY AIRPORT, TX US","2016-10-25","5.14",,"73","83","64","  120"
"USW00012918","HOUSTON WILLIAM P HOBBY AIRPORT, TX US","2016-10-26","4.25",,"74","86","64","  120"
"USW00012918","HOUSTON WILLIAM P HOBBY AIRPORT, TX US","2016-10-27","3.80",,"73","85","64","   50"
"USW00012918","HOUSTON WILLIAM P HOBBY AIRPORT, TX US","2016-10-28","4.92",,"74","86","65","  130"
"USW00012918","HOUSTON WILLIAM P HOBBY AIRPORT, TX US","2016-10-29","5.14",,"74","86","67","  140"
"USW00012918","HOUSTON WILLIAM P HOBBY AIRPORT, TX US","2016-10-30","3.80",,"74","86","63","  110"
"USW00012918","HOUSTON WILLIAM P HOBBY AIRPORT, TX US","2016-10-31","4.92",,"71","85","61","  130"
"USW00012918","HOUSTON WILLIAM P HOBBY AIRPORT, TX US","2016-11-01","7.38",,"77","87","70","  110"
"USW00012918","HOUSTON WILLIAM P HOBBY AIRPORT, TX US","2016-11-02","6.04",,"78","88","71","  110"
"USW00012918","HOUSTON WILLIAM P HOBBY AIRPORT, TX US","2016-11-03","5.14",,"78","86","72","  160"
"USW00012918","HOUSTON WILLIAM P HOBBY AIRPORT, TX US","2016-11-04","4.70",,"77","86","71","   80"
"USW00012918","HOUSTON WILLIAM P HOBBY AIRPORT, TX US","2016-11-05","7.38",,"76","83","68","   80"
"USW00012918","HOUSTON WILLIAM P HOBBY AIRPORT, TX US","2016-11-06","7.38",,"71","80","68","   90"
"USW00012918","HOUSTON WILLIAM P HOBBY AIRPORT, TX US","2016-11-07","8.28",,"71","78","66","   90"
"USW00012918","HOUSTON WILLIAM P HOBBY AIRPORT, TX US","2016-11-08","9.17",,"68","71","66","   30"
"USW00012918","HOUSTON WILLIAM P HOBBY AIRPORT, TX US","2016-11-09","12.08",,"70","75","64","   40"
"USW00012918","HOUSTON WILLIAM P HOBBY AIRPORT, TX US","2016-11-10","8.05",,"66","73","58","   60"
"USW00012918","HOUSTON WILLIAM P HOBBY AIRPORT, TX US","2016-11-11","5.82",,"66","76","59","  330"
"USW00012918","HOUSTON WILLIAM P HOBBY AIRPORT, TX US","2016-11-12","4.25",,"68","79","58","   20"
"USW00012918","HOUSTON WILLIAM P HOBBY AIRPORT, TX US","2016-11-13","5.14",,"65","69","55","   70"
"USW00012918","HOUSTON WILLIAM P HOBBY AIRPORT, TX US","2016-11-14","3.13",,"64","79","52","  250"
"USW00012918","HOUSTON WILLIAM P HOBBY AIRPORT, TX US","2016-11-15","4.70",,"69","84","58","  310"
"USW00012918","HOUSTON WILLIAM P HOBBY AIRPORT, TX US","2016-11-16","4.47",,"67","84","54","  160"
"USW00012918","HOUSTON WILLIAM P HOBBY AIRPORT, TX US","2016-11-17","7.61",,"70","84","59","  190"
"USW00012918","HOUSTON WILLIAM P HOBBY AIRPORT, TX US","2016-11-18","8.50",,"72","82","58","  360"
"USW00012918","HOUSTON WILLIAM P HOBBY AIRPORT, TX US","2016-11-19","12.97",,"57","65","47","   20"
"USW00012918","HOUSTON WILLIAM P HOBBY AIRPORT, TX US","2016-11-20","4.47",,"52","65","40","   80"
"USW00012918","HOUSTON WILLIAM P HOBBY AIRPORT, TX US","2016-11-21","4.25",,"59","76","47","  150"
"USW00012918","HOUSTON WILLIAM P HOBBY AIRPORT, TX US","2016-11-22","9.62",,"69","82","60","  160"
"USW00012918","HOUSTON WILLIAM P HOBBY AIRPORT, TX US","2016-11-23","7.83",,"71","74","55","  340"
"USW00012918","HOUSTON WILLIAM P HOBBY AIRPORT, TX US","2016-11-24","4.47",,"62","73","52","   80"
"USW00012918","HOUSTON WILLIAM P HOBBY AIRPORT, TX US","2016-11-25","5.82",,"66","76","60","  360"
"USW00012918","HOUSTON WILLIAM P HOBBY AIRPORT, TX US","2016-11-26","5.82",,"64","72","55","   80"
"USW00012918","HOUSTON WILLIAM P HOBBY AIRPORT, TX US","2016-11-27","9.62",,"62","74","54","  170"
"USW00012918","HOUSTON WILLIAM P HOBBY AIRPORT, TX US","2016-11-28","10.74",,"75","83","64","  240"
"USW00012918","HOUSTON WILLIAM P HOBBY AIRPORT, TX US","2016-11-29","7.61",,"74","85","66","  210"
"USW00012918","HOUSTON WILLIAM P HOBBY AIRPORT, TX US","2016-11-30","10.51",,"68","71","48","   10"
"USW00012918","HOUSTON WILLIAM P HOBBY AIRPORT, TX US","2016-12-01","5.59",,"55","66","45","   80"
"USW00012918","HOUSTON WILLIAM P HOBBY AIRPORT, TX US","2016-12-02","12.08",,"59","66","55","   70"
"USW00012918","HOUSTON WILLIAM P HOBBY AIRPORT, TX US","2016-12-03","12.08",,"56","59","54","   50"
"USW00012918","HOUSTON WILLIAM P HOBBY AIRPORT, TX US","2016-12-04","12.30",,"54","55","52","  350"
"USW00012918","HOUSTON WILLIAM P HOBBY AIRPORT, TX US","2016-12-05","9.62",,"53","56","50","   40"
"USW00012918","HOUSTON WILLIAM P HOBBY AIRPORT, TX US","2016-12-06","7.83",,"58","71","47","  240"
"USW00012918","HOUSTON WILLIAM P HOBBY AIRPORT, TX US","2016-12-07","7.16",,"54","60","49","   20"
"USW00012918","HOUSTON WILLIAM P HOBBY AIRPORT, TX US","2016-12-08","19.01",,"53","57","42","   20"
"USW00012918","HOUSTON WILLIAM P HOBBY AIRPORT, TX US","2016-12-09","11.41",,"44","53","39","   30"
"USW00012918","HOUSTON WILLIAM P HOBBY AIRPORT, TX US","2016-12-10","8.50",,"47","59","39","  100"
"USW00012918","HOUSTON WILLIAM P HOBBY AIRPORT, TX US","2016-12-11","10.29",,"65","76","59","  210"
"USW00012918","HOUSTON WILLIAM P HOBBY AIRPORT, TX US","2016-12-12","3.13",,"70","73","65","  190"
"USW00012918","HOUSTON WILLIAM P HOBBY AIRPORT, TX US","2016-12-13","7.83",,"72","80","64","  230"
"USW00012918","HOUSTON WILLIAM P HOBBY AIRPORT, TX US","2016-12-14","8.50",,"64","67","59","   50"
"USW00012918","HOUSTON WILLIAM P HOBBY AIRPORT, TX US","2016-12-15","10.29",,"56","71","49","   40"
"USW00012918","HOUSTON WILLIAM P HOBBY AIRPORT, TX US","2016-12-16","8.72",,"58","74","48","  170"
"USW00012918","HOUSTON WILLIAM P HOBBY AIRPORT, TX US","2016-12-17","12.75",,"75","82","49","  200"
"USW00012918","HOUSTON WILLIAM P HOBBY AIRPORT, TX US","2016-12-18","20.36",,"48","49","35","  360"
"USW00012918","HOUSTON WILLIAM P HOBBY AIRPORT, TX US","2016-12-19","14.09",,"39","51","32","   10"
"USW00012918","HOUSTON WILLIAM P HOBBY AIRPORT, TX US","2016-12-20","3.80",,"46","60","37","   50"
"USW00012918","HOUSTON WILLIAM P HOBBY AIRPORT, TX US","2016-12-21","5.37",,"57","73","45","  240"
"USW00012918","HOUSTON WILLIAM P HOBBY AIRPORT, TX US","2016-12-22","2.91",,"67","73","63","  110"
"USW00012918","HOUSTON WILLIAM P HOBBY AIRPORT, TX US","2016-12-23","8.72",,"67","79","61","  200"
"USW00012918","HOUSTON WILLIAM P HOBBY AIRPORT, TX US","2016-12-24","8.50",,"72","80","67","  190"
"USW00012918","HOUSTON WILLIAM P HOBBY AIRPORT, TX US","2016-12-25","12.30",,"73","80","68","  170"
"USW00012918","HOUSTON WILLIAM P HOBBY AIRPORT, TX US","2016-12-26","9.17",,"75","82","71","  180"
"USW00012918","HOUSTON WILLIAM P HOBBY AIRPORT, TX US","2016-12-27","3.13",,"74","82","70","  120"
"USW00012918","HOUSTON WILLIAM P HOBBY AIRPORT, TX US","2016-12-28","8.05",,"74","82","70","  210"
"USW00012918","HOUSTON WILLIAM P HOBBY AIRPORT, TX US","2016-12-29","15.66",,"69","72","54","   20"
"USW00012918","HOUSTON WILLIAM P HOBBY AIRPORT, TX US","2016-12-30","8.72",,"54","56","50","   50"
"USW00012918","HOUSTON WILLIAM P HOBBY AIRPORT, TX US","2016-12-31","3.58",,"61","69","55","  250"
"USW00012918","HOUSTON WILLIAM P HOBBY AIRPORT, TX US","2017-01-01","3.13",,"67","77","63","  160"
"USW00012918","HOUSTON WILLIAM P HOBBY AIRPORT, TX US","2017-01-02","8.05",,"70","75","57","  340"
"USW00012918","HOUSTON WILLIAM P HOBBY AIRPORT, TX US","2017-01-03","8.50",,"63","78","51","  330"
"USW00012918","HOUSTON WILLIAM P HOBBY AIRPORT, TX US","2017-01-04","8.28",,"52","56","44","  330"
"USW00012918","HOUSTON WILLIAM P HOBBY AIRPORT, TX US","2017-01-05","8.50",,"53","58","45","   30"
"USW00012918","HOUSTON WILLIAM P HOBBY AIRPORT, TX US","2017-01-06","18.12",,"42","45","28","  330"
"USW00012918","HOUSTON WILLIAM P HOBBY AIRPORT, TX US","2017-01-07","11.18",,"31","43","23","  340"
"USW00012918","HOUSTON WILLIAM P HOBBY AIRPORT, TX US","2017-01-08","5.59",,"36","49","26","  110"
"USW00012918","HOUSTON WILLIAM P HOBBY AIRPORT, TX US","2017-01-09","9.84",,"54","68","45","  120"
"USW00012918","HOUSTON WILLIAM P HOBBY AIRPORT, TX US","2017-01-10","12.75",,"68","77","62","  210"
"USW00012918","HOUSTON WILLIAM P HOBBY AIRPORT, TX US","2017-01-11","12.30",,"70","80","64","  210"
"USW00012918","HOUSTON WILLIAM P HOBBY AIRPORT, TX US","2017-01-12","8.95",,"71","80","64","  180"
"USW00012918","HOUSTON WILLIAM P HOBBY AIRPORT, TX US","2017-01-13","7.83",,"70","75","65","  110"
"USW00012918","HOUSTON WILLIAM P HOBBY AIRPORT, TX US","2017-01-14","7.16",,"65","68","62","  110"
"USW00012918","HOUSTON WILLIAM P HOBBY AIRPORT, TX US","2017-01-15","10.07",,"67","78","63","  150"
"USW00012918","HOUSTON WILLIAM P HOBBY AIRPORT, TX US","2017-01-16","10.96",,"72","80","68","  180"
"USW00012918","HOUSTON WILLIAM P HOBBY AIRPORT, TX US","2017-01-17","9.40",,"70","75","62","  340"
"USW00012918","HOUSTON WILLIAM P HOBBY AIRPORT, TX US","2017-01-18","9.17",,"69","77","58","  190"
"USW00012918","HOUSTON WILLIAM P HOBBY AIRPORT, TX US","2017-01-19","5.37",,"60","68","56","  210"
"USW00012918","HOUSTON WILLIAM P HOBBY AIRPORT, TX US","2017-01-20","6.71",,"66","80","55","  310"
"USW00012918","HOUSTON WILLIAM P HOBBY AIRPORT, TX US","2017-01-21","7.38",,"69","81","63","  310"
"USW00012918","HOUSTON WILLIAM P HOBBY AIRPORT, TX US","2017-01-22","18.12",,"64","70","56","  320"
"USW00012918","HOUSTON WILLIAM P HOBBY AIRPORT, TX US","2017-01-23","8.28",,"61","72","51","  330"
"USW00012918","HOUSTON WILLIAM P HOBBY AIRPORT, TX US","2017-01-24","11.41",,"64","79","53","  190"
"USW00012918","HOUSTON WILLIAM P HOBBY AIRPORT, TX US","2017-01-25","11.63",,"69","75","57","  340"
"USW00012918","HOUSTON WILLIAM P HOBBY AIRPORT, TX US","2017-01-26","10.74",,"55","61","44","  350"
"USW00012918","HOUSTON WILLIAM P HOBBY AIRPORT, TX US","2017-01-27","9.17",,"49","58","42","   30"
"USW00012918","HOUSTON WILLIAM P HOBBY AIRPORT, TX US","2017-01-28","8.95",,"53","60","44","  290"
"USW00012918","HOUSTON WILLIAM P HOBBY AIRPORT, TX US","2017-01-29","9.17",,"52","69","39","  300"
"USW00012918","HOUSTON WILLIAM P HOBBY AIRPORT, TX US","2017-01-30","8.05",,"58","77","44","  240"
"USW00012918","HOUSTON WILLIAM P HOBBY AIRPORT, TX US","2017-01-31","6.93",,"61","76","47","  210"
"USW00012918","HOUSTON WILLIAM P HOBBY AIRPORT, TX US","2017-02-01","8.72",,"66","81","58","  170"
"USW00012918","HOUSTON WILLIAM P HOBBY AIRPORT, TX US","2017-02-02","8.28",,"68","77","56","  280"
"USW00012918","HOUSTON WILLIAM P HOBBY AIRPORT, TX US","2017-02-03","12.30",,"57","63","51","   40"
"USW00012918","HOUSTON WILLIAM P HOBBY AIRPORT, TX US","2017-02-04","9.62",,"53","65","49","   70"
"USW00012918","HOUSTON WILLIAM P HOBBY AIRPORT, TX US","2017-02-05","10.29",,"69","78","65","  180"
"USW00012918","HOUSTON WILLIAM P HOBBY AIRPORT, TX US","2017-02-06","10.74",,"71","80","68","  160"
"USW00012918","HOUSTON WILLIAM P HOBBY AIRPORT, TX US","2017-02-07","10.74",,"75","85","66","  250"
"USW00012918","HOUSTON WILLIAM P HOBBY AIRPORT, TX US","2017-02-08","12.30",,"74","86","63","   10"
"USW00012918","HOUSTON WILLIAM P HOBBY AIRPORT, TX US","2017-02-09","9.40",,"64","71","51","  360"
"USW00012918","HOUSTON WILLIAM P HOBBY AIRPORT, TX US","2017-02-10","8.95",,"63","74","51","  140"
"USW00012918","HOUSTON WILLIAM P HOBBY AIRPORT, TX US","2017-02-11","12.53",,"74","83","71","  180"
"USW00012918","HOUSTON WILLIAM P HOBBY AIRPORT, TX US","2017-02-12","7.83",,"75","85","69","  180"
"USW00012918","HOUSTON WILLIAM P HOBBY AIRPORT, TX US","2017-02-13","8.95",,"70","74","65","  110"
"USW00012918","HOUSTON WILLIAM P HOBBY AIRPORT, TX US","2017-02-14","13.42",,"64","70","52","  220"
"USW00012918","HOUSTON WILLIAM P HOBBY AIRPORT, TX US","2017-02-15","12.97",,"54","64","48","  330"
"USW00012918","HOUSTON WILLIAM P HOBBY AIRPORT, TX US","2017-02-16","3.80",,"55","67","43","  190"
"USW00012918","HOUSTON WILLIAM P HOBBY AIRPORT, TX US","2017-02-17","5.82",,"57","66","50","  120"
"USW00012918","HOUSTON WILLIAM P HOBBY AIRPORT, TX US","2017-02-18","7.38",,"67","83","58","  170"
"USW00012918","HOUSTON WILLIAM P HOBBY AIRPORT, TX US","2017-02-19","9.84",,"71","80","68","  160"
"USW00012918","HOUSTON WILLIAM P HOBBY AIRPORT, TX US","2017-02-20","8.72",,"68","72","57","  320"
"USW00012918","HOUSTON WILLIAM P HOBBY AIRPORT, TX US","2017-02-21","8.95",,"64","77","56","  340"
"USW00012918","HOUSTON WILLIAM P HOBBY AIRPORT, TX US","2017-02-22","5.14",,"67","83","52","  270"
"USW00012918","HOUSTON WILLIAM P HOBBY AIRPORT, TX US","2017-02-23","7.83",,"66","80","54","  170"
"USW00012918","HOUSTON WILLIAM P HOBBY AIRPORT, TX US","2017-02-24","10.96",,"71","84","59","  360"
"USW00012918","HOUSTON WILLIAM P HOBBY AIRPORT, TX US","2017-02-25","9.84",,"61","70","50","   30"
"USW00012918","HOUSTON WILLIAM P HOBBY AIRPORT, TX US","2017-02-26","9.40",,"62","75","48","  160"
"USW00012918","HOUSTON WILLIAM P HOBBY AIRPORT, TX US","2017-02-27","8.95",,"72","81","69","  160"
"USW00012918","HOUSTON WILLIAM P HOBBY AIRPORT, TX US","2017-02-28","12.08",,"74","80","71","  180"
"USW00012918","HOUSTON WILLIAM P HOBBY AIRPORT, TX US","2017-03-01","12.97",,"76","85","61","  360"
"USW00012918","HOUSTON WILLIAM P HOBBY AIRPORT, TX US","2017-03-02","13.20",,"62","68","51","   40"
"USW00012918","HOUSTON WILLIAM P HOBBY AIRPORT, TX US","2017-03-03","9.84",,"58","68","47","   90"
"USW00012918","HOUSTON WILLIAM P HOBBY AIRPORT, TX US","2017-03-04","8.72",,"61","67","58","   90"
"USW00012918","HOUSTON WILLIAM P HOBBY AIRPORT, TX US","2017-03-05","10.51",,"63","68","63","   90"
"USW00012918","HOUSTON WILLIAM P HOBBY AIRPORT, TX US","2017-03-06","13.65",,"70","78","68","  180"
"USW00012918","HOUSTON WILLIAM P HOBBY AIRPORT, TX US","2017-03-07","10.07",,"74","83","62","   40"
"USW00012918","HOUSTON WILLIAM P HOBBY AIRPORT, TX US","2017-03-08","8.95",,"64","69","61","   80"
"USW00012918","HOUSTON WILLIAM P HOBBY AIRPORT, TX US","2017-03-09","8.50",,"70","78","65","  160"
"USW00012918","HOUSTON WILLIAM P HOBBY AIRPORT, TX US","2017-03-10","5.14",,"72","77","68","  170"
"USW00012918","HOUSTON WILLIAM P HOBBY AIRPORT, TX US","2017-03-11","7.83",,"69","72","64","  100"
"USW00012918","HOUSTON WILLIAM P HOBBY AIRPORT, TX US","2017-03-12","12.53",,"58","64","49","   20"
"USW00012918","HOUSTON WILLIAM P HOBBY AIRPORT, TX US","2017-03-13","9.62",,"59","69","53","   10"
"USW00012918","HOUSTON WILLIAM P HOBBY AIRPORT, TX US","2017-03-14","6.04",,"57","68","46","   20"
"USW00012918","HOUSTON WILLIAM P HOBBY AIRPORT, TX US","2017-03-15","8.72",,"56","64","49","  100"
"USW00012918","HOUSTON WILLIAM P HOBBY AIRPORT, TX US","2017-03-16","11.41",,"65","75","59","  140"
"USW00012918","HOUSTON WILLIAM P HOBBY AIRPORT, TX US","2017-03-17","10.29",,"70","78","64","  180"
"USW00012918","HOUSTON WILLIAM P HOBBY AIRPORT, TX US","2017-03-18","6.71",,"70","83","61","  160"
"USW00012918","HOUSTON WILLIAM P HOBBY AIRPORT, TX US","2017-03-19","6.71",,"71","83","61","  170"
"USW00012918","HOUSTON WILLIAM P HOBBY AIRPORT, TX US","2017-03-20","8.28",,"72","84","64","  200"
"USW00012918","HOUSTON WILLIAM P HOBBY AIRPORT, TX US","2017-03-21","7.16",,"71","84","61","  200"
"USW00012918","HOUSTON WILLIAM P HOBBY AIRPORT, TX US","2017-03-22","6.49",,"72","85","60","  210"
"USW00012918","HOUSTON WILLIAM P HOBBY AIRPORT, TX US","2017-03-23","9.84",,"72","84","64","  140"
"USW00012918","HOUSTON WILLIAM P HOBBY AIRPORT, TX US","2017-03-24","16.11",,"73","80","68","  180"
"USW00012918","HOUSTON WILLIAM P HOBBY AIRPORT, TX US","2017-03-25","7.38",,"74","82","67","  290"
"USW00012918","HOUSTON WILLIAM P HOBBY AIRPORT, TX US","2017-03-26","8.72",,"73","83","67","  180"
"USW00012918","HOUSTON WILLIAM P HOBBY AIRPORT, TX US","2017-03-27","8.95",,"75","84","71","  160"
"USW00012918","HOUSTON WILLIAM P HOBBY AIRPORT, TX US","2017-03-28","12.75",,"76","84","71","  170"
"USW00012918","HOUSTON WILLIAM P HOBBY AIRPORT, TX US","2017-03-29","6.49",,"74","81","65","  140"
"USW00012918","HOUSTON WILLIAM P HOBBY AIRPORT, TX US","2017-03-30","9.62",,"69","77","61","  340"
"USW00012918","HOUSTON WILLIAM P HOBBY AIRPORT, TX US","2017-03-31","8.50",,"69","84","57","  180"
"USW00012918","HOUSTON WILLIAM P HOBBY AIRPORT, TX US","2017-04-01","10.74",,"71","79","65","  140"
"USW00012918","HOUSTON WILLIAM P HOBBY AIRPORT, TX US","2017-04-02","9.62",,"75","82","71","  150"
"USW00012918","HOUSTON WILLIAM P HOBBY AIRPORT, TX US","2017-04-03","9.40",,"73","86","58","  300"
"USW00012918","HOUSTON WILLIAM P HOBBY AIRPORT, TX US","2017-04-04","7.83",,"73","85","61","  160"
"USW00012918","HOUSTON WILLIAM P HOBBY AIRPORT, TX US","2017-04-05","14.76",,"71","74","60","  340"
"USW00012918","HOUSTON WILLIAM P HOBBY AIRPORT, TX US","2017-04-06","3.58",,"65","79","50","   10"
"USW00012918","HOUSTON WILLIAM P HOBBY AIRPORT, TX US","2017-04-07","5.14",,"66","80","53","  170"
"USW00012918","HOUSTON WILLIAM P HOBBY AIRPORT, TX US","2017-04-08","10.07",,"68","80","57","  170"
"USW00012918","HOUSTON WILLIAM P HOBBY AIRPORT, TX US","2017-04-09","10.51",,"70","81","62","  160"
"USW00012918","HOUSTON WILLIAM P HOBBY AIRPORT, TX US","2017-04-10","9.62",,"74","80","71","  160"
"USW00012918","HOUSTON WILLIAM P HOBBY AIRPORT, TX US","2017-04-11","7.38",,"71","79","61","  360"
"USW00012918","HOUSTON WILLIAM P HOBBY AIRPORT, TX US","2017-04-12","6.93",,"67","78","62","   80"
"USW00012918","HOUSTON WILLIAM P HOBBY AIRPORT, TX US","2017-04-13","6.71",,"72","80","65","  130"
"USW00012918","HOUSTON WILLIAM P HOBBY AIRPORT, TX US","2017-04-14","7.38",,"71","81","63","  110"
"USW00012918","HOUSTON WILLIAM P HOBBY AIRPORT, TX US","2017-04-15","6.26",,"72","81","64","  150"
"USW00012918","HOUSTON WILLIAM P HOBBY AIRPORT, TX US","2017-04-16","7.83",,"75","83","69","  140"
"USW00012918","HOUSTON WILLIAM P HOBBY AIRPORT, TX US","2017-04-17","7.16",,"74","83","68","  240"
"USW00012918","HOUSTON WILLIAM P HOBBY AIRPORT, TX US","2017-04-18","5.37",,"70","75","67","  100"
"USW00012918","HOUSTON WILLIAM P HOBBY AIRPORT, TX US","2017-04-19","6.93",,"73","82","68","  180"
"USW00012918","HOUSTON WILLIAM P HOBBY AIRPORT, TX US","2017-04-20","6.71",,"76","85","69","  180"
"USW00012918","HOUSTON WILLIAM P HOBBY AIRPORT, TX US","2017-04-21","8.05",,"76","84","69","  190"
"USW00012918","HOUSTON WILLIAM P HOBBY AIRPORT, TX US","2017-04-22","11.41",,"74","83","60","  340"
"USW00012918","HOUSTON WILLIAM P HOBBY AIRPORT, TX US","2017-04-23","12.97",,"63","73","54","  340"
"USW00012918","HOUSTON WILLIAM P HOBBY AIRPORT, TX US","2017-04-24","5.82",,"66","79","54","  180"
"USW00012918","HOUSTON WILLIAM P HOBBY AIRPORT, TX US","2017-04-25","11.63",,"71","83","63","  160"
"USW00012918","HOUSTON WILLIAM P HOBBY AIRPORT, TX US","2017-04-26","14.09",,"79","91","65","  190"
"USW00012918","HOUSTON WILLIAM P HOBBY AIRPORT, TX US","2017-04-27","9.62",,"69","79","55","   20"
"USW00012918","HOUSTON WILLIAM P HOBBY AIRPORT, TX US","2017-04-28","12.97",,"78","87","74","  180"
"USW00012918","HOUSTON WILLIAM P HOBBY AIRPORT, TX US","2017-04-29","17.00",,"80","83","69","  170"
"USW00012918","HOUSTON WILLIAM P HOBBY AIRPORT, TX US","2017-04-30","11.18",,"70","76","59","  320"
"USW00012918","HOUSTON WILLIAM P HOBBY AIRPORT, TX US","2017-05-01","7.61",,"69","86","53","  200"
"USW00012918","HOUSTON WILLIAM P HOBBY AIRPORT, TX US","2017-05-02","8.72",,"73","86","62","  160"
"USW00012918","HOUSTON WILLIAM P HOBBY AIRPORT, TX US","2017-05-03","13.87",,"78","84","64","  340"
"USW00012918","HOUSTON WILLIAM P HOBBY AIRPORT, TX US","2017-05-04","14.32",,"68","77","58","  310"
"USW00012918","HOUSTON WILLIAM P HOBBY AIRPORT, TX US","2017-05-05","8.72",,"68","81","55","  300"
"USW00012918","HOUSTON WILLIAM P HOBBY AIRPORT, TX US","2017-05-06","5.14",,"70","83","55","  130"
"USW00012918","HOUSTON WILLIAM P HOBBY AIRPORT, TX US","2017-05-07","5.82",,"72","83","60","  120"
"USW00012918","HOUSTON WILLIAM P HOBBY AIRPORT, TX US","2017-05-08","7.61",,"73","82","66","  110"
"USW00012918","HOUSTON WILLIAM P HOBBY AIRPORT, TX US","2017-05-09","8.28",,"75","83","68","  180"
"USW00012918","HOUSTON WILLIAM P HOBBY AIRPORT, TX US","2017-05-10","8.50",,"76","84","70","  160"
"USW00012918","HOUSTON WILLIAM P HOBBY AIRPORT, TX US","2017-05-11","8.95",,"77","84","72","  150"
"USW00012918","HOUSTON WILLIAM P HOBBY AIRPORT, TX US","2017-05-12","12.53",,"78","87","73","  290"
"USW00012918","HOUSTON WILLIAM P HOBBY AIRPORT, TX US","2017-05-13","8.50",,"76","87","65","   20"
"USW00012918","HOUSTON WILLIAM P HOBBY AIRPORT, TX US","2017-05-14","4.92",,"76","85","65","  120"
"USW00012918","HOUSTON WILLIAM P HOBBY AIRPORT, TX US","2017-05-15","5.82",,"74","86","62","  160"
"USW00012918","HOUSTON WILLIAM P HOBBY AIRPORT, TX US","2017-05-16","10.74",,"77","86","70","  170"
"USW00012918","HOUSTON WILLIAM P HOBBY AIRPORT, TX US","2017-05-17","11.63",,"79","85","75","  150"
"USW00012918","HOUSTON WILLIAM P HOBBY AIRPORT, TX US","2017-05-18","12.30",,"81","88","77","  160"
"USW00012918","HOUSTON WILLIAM P HOBBY AIRPORT, TX US","2017-05-19","11.63",,"81","88","78","  150"
"USW00012918","HOUSTON WILLIAM P HOBBY AIRPORT, TX US","2017-05-20","6.93",,"82","89","76","  150"
"USW00012918","HOUSTON WILLIAM P HOBBY AIRPORT, TX US","2017-05-21","7.83",,"79","88","74","   90"
"USW00012918","HOUSTON WILLIAM P HOBBY AIRPORT, TX US","2017-05-22","11.18",,"75","80","68","  150"
"USW00012918","HOUSTON WILLIAM P HOBBY AIRPORT, TX US","2017-05-23","8.28",,"74","88","65","  340"
"USW00012918","HOUSTON WILLIAM P HOBBY AIRPORT, TX US","2017-05-24","10.51",,"72","84","60","  300"
"USW00012918","HOUSTON WILLIAM P HOBBY AIRPORT, TX US","2017-05-25","11.18",,"75","87","63","  200"
"USW00012918","HOUSTON WILLIAM P HOBBY AIRPORT, TX US","2017-05-26","10.51",,"79","88","73","  190"
"USW00012918","HOUSTON WILLIAM P HOBBY AIRPORT, TX US","2017-05-27","12.08",,"83","90","79","  180"
"USW00012918","HOUSTON WILLIAM P HOBBY AIRPORT, TX US","2017-05-28","8.72",,"83","90","70","   40"
"USW00012918","HOUSTON WILLIAM P HOBBY AIRPORT, TX US","2017-05-29","5.82",,"76","82","70","   80"
"USW00012918","HOUSTON WILLIAM P HOBBY AIRPORT, TX US","2017-05-30","7.83",,"78","88","71","   30"
"USW00012918","HOUSTON WILLIAM P HOBBY AIRPORT, TX US","2017-05-31","6.71",,"79","87","73","  160"
"USW00012918","HOUSTON WILLIAM P HOBBY AIRPORT, TX US","2017-06-01","6.93",,"78","84","73","  110"
"USW00012918","HOUSTON WILLIAM P HOBBY AIRPORT, TX US","2017-06-02","4.25",,"78","84","74","   80"
"USW00012918","HOUSTON WILLIAM P HOBBY AIRPORT, TX US","2017-06-03","4.03",,"80","89","74","  140"
"USW00012918","HOUSTON WILLIAM P HOBBY AIRPORT, TX US","2017-06-04","6.04",,"78","85","70","  340"
"USW00012918","HOUSTON WILLIAM P HOBBY AIRPORT, TX US","2017-06-05","3.80",,"75","84","71","  260"
"USW00012918","HOUSTON WILLIAM P HOBBY AIRPORT, TX US","2017-06-06","8.72",,"78","89","72","  340"
"USW00012918","HOUSTON WILLIAM P HOBBY AIRPORT, TX US","2017-06-07","10.74",,"81","92","73","  350"
"USW00012918","HOUSTON WILLIAM P HOBBY AIRPORT, TX US","2017-06-08","5.14",,"81","88","72","  360"
"USW00012918","HOUSTON WILLIAM P HOBBY AIRPORT, TX US","2017-06-09","4.70",,"78","84","69","  140"
"USW00012918","HOUSTON WILLIAM P HOBBY AIRPORT, TX US","2017-06-10","7.38",,"78","88","70","  160"
"USW00012918","HOUSTON WILLIAM P HOBBY AIRPORT, TX US","2017-06-11","6.49",,"80","89","72","  100"
"USW00012918","HOUSTON WILLIAM P HOBBY AIRPORT, TX US","2017-06-12","8.50",,"83","90","77","  100"
"USW00012918","HOUSTON WILLIAM P HOBBY AIRPORT, TX US","2017-06-13","9.17",,"82","89","76","  160"
"USW00012918","HOUSTON WILLIAM P HOBBY AIRPORT, TX US","2017-06-14","8.72",,"84","91","77","  140"
"USW00012918","HOUSTON WILLIAM P HOBBY AIRPORT, TX US","2017-06-15","8.50",,"84","94","77","  170"
"USW00012918","HOUSTON WILLIAM P HOBBY AIRPORT, TX US","2017-06-16","8.50",,"84","94","76","  170"
"USW00012918","HOUSTON WILLIAM P HOBBY AIRPORT, TX US","2017-06-17","9.62",,"84","93","78","  200"
"USW00012918","HOUSTON WILLIAM P HOBBY AIRPORT, TX US","2017-06-18","8.95",,"85","94","78","  170"
"USW00012918","HOUSTON WILLIAM P HOBBY AIRPORT, TX US","2017-06-19","3.13",,"86","96","79","  130"
"USW00012918","HOUSTON WILLIAM P HOBBY AIRPORT, TX US","2017-06-20","12.30",,"87","95","80","   30"
"USW00012918","HOUSTON WILLIAM P HOBBY AIRPORT, TX US","2017-06-21","17.67",,"83","87","78","  310"
"USW00012918","HOUSTON WILLIAM P HOBBY AIRPORT, TX US","2017-06-22","11.18",,"80","92","77","  330"
"USW00012918","HOUSTON WILLIAM P HOBBY AIRPORT, TX US","2017-06-23","9.84",,"86","95","80","  210"
"USW00012918","HOUSTON WILLIAM P HOBBY AIRPORT, TX US","2017-06-24","5.59",,"82","87","76","  260"
"USW00012918","HOUSTON WILLIAM P HOBBY AIRPORT, TX US","2017-06-25","6.71",,"81","88","75","  270"
"USW00012918","HOUSTON WILLIAM P HOBBY AIRPORT, TX US","2017-06-26","7.16",,"82","90","75","   50"
"USW00012918","HOUSTON WILLIAM P HOBBY AIRPORT, TX US","2017-06-27","6.04",,"80","88","76","  170"
"USW00012918","HOUSTON WILLIAM P HOBBY AIRPORT, TX US","2017-06-28","8.50",,"81","90","75","   70"
"USW00012918","HOUSTON WILLIAM P HOBBY AIRPORT, TX US","2017-06-29","7.16",,"82","91","77","  180"
"USW00012918","HOUSTON WILLIAM P HOBBY AIRPORT, TX US","2017-06-30","10.51",,"85","92","81","  160"
"USW00012918","HOUSTON WILLIAM P HOBBY AIRPORT, TX US","2017-07-01","7.61",,"86","93","79","  160"
"USW00012918","HOUSTON WILLIAM P HOBBY AIRPORT, TX US","2017-07-02","7.38",,"85","94","78","  160"
"USW00012918","HOUSTON WILLIAM P HOBBY AIRPORT, TX US","2017-07-03","7.61",,"85","95","78","  160"
"USW00012918","HOUSTON WILLIAM P HOBBY AIRPORT, TX US","2017-07-04","7.61",,"86","95","79","  160"
"USW00012918","HOUSTON WILLIAM P HOBBY AIRPORT, TX US","2017-07-05","6.71",,"85","95","78","  140"
"USW00012918","HOUSTON WILLIAM P HOBBY AIRPORT, TX US","2017-07-06","5.82",,"85","93","79","  160"
"USW00012918","HOUSTON WILLIAM P HOBBY AIRPORT, TX US","2017-07-07","3.80",,"86","96","78","  170"
"USW00012918","HOUSTON WILLIAM P HOBBY AIRPORT, TX US","2017-07-08","4.92",,"86","96","77","  170"
"USW00012918","HOUSTON WILLIAM P HOBBY AIRPORT, TX US","2017-07-09","6.71",,"85","95","75","   10"
"USW00012918","HOUSTON WILLIAM P HOBBY AIRPORT, TX US","2017-07-10","4.47",,"80","89","75","  350"
"USW00012918","HOUSTON WILLIAM P HOBBY AIRPORT, TX US","2017-07-11","5.37",,"84","95","78","  170"
"USW00012918","HOUSTON WILLIAM P HOBBY AIRPORT, TX US","2017-07-12","5.14",,"85","93","78","  200"
"USW00012918","HOUSTON WILLIAM P HOBBY AIRPORT, TX US","2017-07-13","4.47",,"86","95","80","  150"
"USW00012918","HOUSTON WILLIAM P HOBBY AIRPORT, TX US","2017-07-14","4.47",,"87","96","79","  140"
"USW00012918","HOUSTON WILLIAM P HOBBY AIRPORT, TX US","2017-07-15","3.58",,"83","93","75","   40"
"USW00012918","HOUSTON WILLIAM P HOBBY AIRPORT, TX US","2017-07-16","4.47",,"81","93","75","  180"
"USW00012918","HOUSTON WILLIAM P HOBBY AIRPORT, TX US","2017-07-17","4.92",,"84","90","78","   80"
"USW00012918","HOUSTON WILLIAM P HOBBY AIRPORT, TX US","2017-07-18","4.70",,"84","90","79","  150"
"USW00012918","HOUSTON WILLIAM P HOBBY AIRPORT, TX US","2017-07-19","3.58",,"85","95","77","  110"
"USW00012918","HOUSTON WILLIAM P HOBBY AIRPORT, TX US","2017-07-20","4.92",,"87","98","80","  150"
"USW00012918","HOUSTON WILLIAM P HOBBY AIRPORT, TX US","2017-07-21","4.70",,"87","97","79","  160"
"USW00012918","HOUSTON WILLIAM P HOBBY AIRPORT, TX US","2017-07-22","6.04",,"86","94","80","  250"
"USW00012918","HOUSTON WILLIAM P HOBBY AIRPORT, TX US","2017-07-23","8.72",,"87","95","79","  250"
"USW00012918","HOUSTON WILLIAM P HOBBY AIRPORT, TX US","2017-07-24","7.38",,"87","96","80","  250"
"USW00012918","HOUSTON WILLIAM P HOBBY AIRPORT, TX US","2017-07-25","7.16",,"86","95","79","  160"
"USW00012918","HOUSTON WILLIAM P HOBBY AIRPORT, TX US","2017-07-26","5.14",,"86","98","79","   80"
"USW00012918","HOUSTON WILLIAM P HOBBY AIRPORT, TX US","2017-07-27","5.59",,"87","99","78","  170"
"USW00012918","HOUSTON WILLIAM P HOBBY AIRPORT, TX US","2017-07-28","6.71",,"88","100","79","  170"
"USW00012918","HOUSTON WILLIAM P HOBBY AIRPORT, TX US","2017-07-29","7.16",,"89","102","81","  240"
"USW00012918","HOUSTON WILLIAM P HOBBY AIRPORT, TX US","2017-07-30","7.38",,"89","97","82","   50"
"USW00012918","HOUSTON WILLIAM P HOBBY AIRPORT, TX US","2017-07-31","7.83",,"86","95","77","   30"
"USW00012918","HOUSTON WILLIAM P HOBBY AIRPORT, TX US","2017-08-01","7.61",,"87","95","80","   80"
"USW00012918","HOUSTON WILLIAM P HOBBY AIRPORT, TX US","2017-08-02","4.70",,"83","91","77","   50"
"USW00012918","HOUSTON WILLIAM P HOBBY AIRPORT, TX US","2017-08-03","5.14",,"82","94","77","   30"
"USW00012918","HOUSTON WILLIAM P HOBBY AIRPORT, TX US","2017-08-04","4.25",,"85","95","77","  350"
"USW00012918","HOUSTON WILLIAM P HOBBY AIRPORT, TX US","2017-08-05","5.14",,"84","95","77","  210"
"USW00012918","HOUSTON WILLIAM P HOBBY AIRPORT, TX US","2017-08-06","7.61",,"85","94","80","  190"
"USW00012918","HOUSTON WILLIAM P HOBBY AIRPORT, TX US","2017-08-07","4.25",,"84","89","76","  270"
"USW00012918","HOUSTON WILLIAM P HOBBY AIRPORT, TX US","2017-08-08","5.37",,"82","89","76","  310"
"USW00012918","HOUSTON WILLIAM P HOBBY AIRPORT, TX US","2017-08-09","6.04",,"85","95","78","  170"
"USW00012918","HOUSTON WILLIAM P HOBBY AIRPORT, TX US","2017-08-10","5.14",,"87","97","80","  180"
"USW00012918","HOUSTON WILLIAM P HOBBY AIRPORT, TX US","2017-08-11","6.26",,"88","97","81","  240"
"USW00012918","HOUSTON WILLIAM P HOBBY AIRPORT, TX US","2017-08-12","6.93",,"88","99","81","  180"
"USW00012918","HOUSTON WILLIAM P HOBBY AIRPORT, TX US","2017-08-13","8.72",,"88","98","80","  160"
"USW00012918","HOUSTON WILLIAM P HOBBY AIRPORT, TX US","2017-08-14","8.95",,"88","98","81","  200"
"USW00012918","HOUSTON WILLIAM P HOBBY AIRPORT, TX US","2017-08-15","9.40",,"88","98","81","  180"
"USW00012918","HOUSTON WILLIAM P HOBBY AIRPORT, TX US","2017-08-16","9.17",,"88","97","82","  200"
"USW00012918","HOUSTON WILLIAM P HOBBY AIRPORT, TX US","2017-08-17","8.28",,"89","99","82","  190"
"USW00012918","HOUSTON WILLIAM P HOBBY AIRPORT, TX US","2017-08-18","5.82",,"88","100","80","  130"
"USW00012918","HOUSTON WILLIAM P HOBBY AIRPORT, TX US","2017-08-19","4.92",,"88","100","80","  170"
"USW00012918","HOUSTON WILLIAM P HOBBY AIRPORT, TX US","2017-08-20","4.03",,"87","98","79","  160"
"USW00012918","HOUSTON WILLIAM P HOBBY AIRPORT, TX US","2017-08-21","4.92",,"87","95","81","  110"
"USW00012918","HOUSTON WILLIAM P HOBBY AIRPORT, TX US","2017-08-22","4.47",,"87","98","78","   60"
"USW00012918","HOUSTON WILLIAM P HOBBY AIRPORT, TX US","2017-08-23","4.47",,"86","95","79","  100"
"USW00012918","HOUSTON WILLIAM P HOBBY AIRPORT, TX US","2017-08-24","8.28",,"87","96","79","  100"
"USW00012918","HOUSTON WILLIAM P HOBBY AIRPORT, TX US","2017-08-25","17.00",,"80","82","77","   80"
"USW00012918","HOUSTON WILLIAM P HOBBY AIRPORT, TX US","2017-08-26","15.88",,"81","86","76","  110"
"USW00012918","HOUSTON WILLIAM P HOBBY AIRPORT, TX US","2017-08-27","10.51",,"79","82","76","  180"
"USW00012918","HOUSTON WILLIAM P HOBBY AIRPORT, TX US","2017-08-28","19.46",,"77","79","73","   40"
"USW00012918","HOUSTON WILLIAM P HOBBY AIRPORT, TX US","2017-08-29","24.16",,"74","76","73","   30"
"USW00012918","HOUSTON WILLIAM P HOBBY AIRPORT, TX US","2017-08-30","16.33",,"80","89","74","  310"
"USW00012918","HOUSTON WILLIAM P HOBBY AIRPORT, TX US","2017-08-31","8.28",,"84","94","74","  280"
"USW00012918","HOUSTON WILLIAM P HOBBY AIRPORT, TX US","2017-09-01","3.58",,"83","93","74","   50"
"USW00012918","HOUSTON WILLIAM P HOBBY AIRPORT, TX US","2017-09-02","2.91",,"83","93","74","  170"
"USW00012918","HOUSTON WILLIAM P HOBBY AIRPORT, TX US","2017-09-03","2.91",,"83","93","76","   80"
"USW00012918","HOUSTON WILLIAM P HOBBY AIRPORT, TX US","2017-09-04","3.58",,"83","91","76","  120"
"USW00012918","HOUSTON WILLIAM P HOBBY AIRPORT, TX US","2017-09-05","3.36",,"84","95","76","  150"
"USW00012918","HOUSTON WILLIAM P HOBBY AIRPORT, TX US","2017-09-06","11.18",,"81","86","69","   40"
"USW00012918","HOUSTON WILLIAM P HOBBY AIRPORT, TX US","2017-09-07","6.71",,"75","86","65","   30"
"USW00012918","HOUSTON WILLIAM P HOBBY AIRPORT, TX US","2017-09-08","6.26",,"76","87","65","   60"
"USW00012918","HOUSTON WILLIAM P HOBBY AIRPORT, TX US","2017-09-09","9.84",,"76","87","67","   30"
"USW00012918","HOUSTON WILLIAM P HOBBY AIRPORT, TX US","2017-09-10","11.63",,"78","88","69","   30"
"USW00012918","HOUSTON WILLIAM P HOBBY AIRPORT, TX US","2017-09-11","9.40",,"78","87","67","  360"
"USW00012918","HOUSTON WILLIAM P HOBBY AIRPORT, TX US","2017-09-12","5.37",,"76","90","64","  310"
"USW00012918","HOUSTON WILLIAM P HOBBY AIRPORT, TX US","2017-09-13","6.71",,"79","89","71","  270"
"USW00012918","HOUSTON WILLIAM P HOBBY AIRPORT, TX US","2017-09-14","5.37",,"81","93","71","  120"
"USW00012918","HOUSTON WILLIAM P HOBBY AIRPORT, TX US","2017-09-15","5.82",,"82","93","74","  110"
"USW00012918","HOUSTON WILLIAM P HOBBY AIRPORT, TX US","2017-09-16","3.58",,"82","95","72","  100"
"USW00012918","HOUSTON WILLIAM P HOBBY AIRPORT, TX US","2017-09-17","3.36",,"83","95","74","   80"
"USW00012918","HOUSTON WILLIAM P HOBBY AIRPORT, TX US","2017-09-18","4.92",,"84","93","75","  210"
"USW00012918","HOUSTON WILLIAM P HOBBY AIRPORT, TX US","2017-09-19","6.71",,"83","94","78","  150"
"USW00012918","HOUSTON WILLIAM P HOBBY AIRPORT, TX US","2017-09-20","6.26",,"84","93","79","   30"
"USW00012918","HOUSTON WILLIAM P HOBBY AIRPORT, TX US","2017-09-21","4.92",,"81","89","75","  220"
"USW00012918","HOUSTON WILLIAM P HOBBY AIRPORT, TX US","2017-09-22","4.03",,"82","91","75",
"USW00012918","HOUSTON WILLIAM P HOBBY AIRPORT, TX US","2017-09-23","4.92",,"82","91","76","  100"
"USW00012918","HOUSTON WILLIAM P HOBBY AIRPORT, TX US","2017-09-24","5.82",,"83","91","75","  110"
"USW00012918","HOUSTON WILLIAM P HOBBY AIRPORT, TX US","2017-09-25","6.04",,"83","91","76","  110"
"USW00012918","HOUSTON WILLIAM P HOBBY AIRPORT, TX US","2017-09-26","4.25",,"83","92","76","  110"
"USW00012918","HOUSTON WILLIAM P HOBBY AIRPORT, TX US","2017-09-27","3.80",,"83","93","78","   50"
"USW00012918","HOUSTON WILLIAM P HOBBY AIRPORT, TX US","2017-09-28","4.25",,"83","93","76","   40"
"USW00012918","HOUSTON WILLIAM P HOBBY AIRPORT, TX US","2017-09-29","9.62",,"81","93","76","   50"
"USW00012918","HOUSTON WILLIAM P HOBBY AIRPORT, TX US","2017-09-30","8.28",,"81","91","71","   60"
"USW00012918","HOUSTON WILLIAM P HOBBY AIRPORT, TX US","2017-10-01","4.03",,"81","93","70","  150"
"USW00012918","HOUSTON WILLIAM P HOBBY AIRPORT, TX US","2017-10-02","6.71",,"81","91","76","  120"
"USW00012918","HOUSTON WILLIAM P HOBBY AIRPORT, TX US","2017-10-03","7.61",,"81","89","78","  110"
"USW00012918","HOUSTON WILLIAM P HOBBY AIRPORT, TX US","2017-10-04","8.05",,"82","89","75","   90"
"USW00012918","HOUSTON WILLIAM P HOBBY AIRPORT, TX US","2017-10-05","5.82",,"81","88","73","   70"
"USW00012918","HOUSTON WILLIAM P HOBBY AIRPORT, TX US","2017-10-06","4.25",,"79","88","71","  130"
"USW00012918","HOUSTON WILLIAM P HOBBY AIRPORT, TX US","2017-10-07","4.92",,"81","93","73","  360"
"USW00012918","HOUSTON WILLIAM P HOBBY AIRPORT, TX US","2017-10-08","4.70",,"85","94","76","  180"
"USW00012918","HOUSTON WILLIAM P HOBBY AIRPORT, TX US","2017-10-09","7.83",,"84","95","77","  200"
"USW00012918","HOUSTON WILLIAM P HOBBY AIRPORT, TX US","2017-10-10","10.74",,"79","81","70","  340"
"USW00012918","HOUSTON WILLIAM P HOBBY AIRPORT, TX US","2017-10-11","9.62",,"74","86","66","   20"
"USW00012918","HOUSTON WILLIAM P HOBBY AIRPORT, TX US","2017-10-12","4.03",,"79","92","70","   40"
"USW00012918","HOUSTON WILLIAM P HOBBY AIRPORT, TX US","2017-10-13","2.91",,"82","93","75","  100"
"USW00012918","HOUSTON WILLIAM P HOBBY AIRPORT, TX US","2017-10-14","4.70",,"82","91","74","  130"
"USW00012918","HOUSTON WILLIAM P HOBBY AIRPORT, TX US","2017-10-15","10.51",,"81","93","73","  360"
"USW00012918","HOUSTON WILLIAM P HOBBY AIRPORT, TX US","2017-10-16","14.99",,"73","79","64","   10"
"USW00012918","HOUSTON WILLIAM P HOBBY AIRPORT, TX US","2017-10-17","6.49",,"68","80","57","   40"
"USW00012918","HOUSTON WILLIAM P HOBBY AIRPORT, TX US","2017-10-18","3.80",,"69","85","57","  130"
"USW00012918","HOUSTON WILLIAM P HOBBY AIRPORT, TX US","2017-10-19","6.49",,"74","85","67","   80"
"USW00012918","HOUSTON WILLIAM P HOBBY AIRPORT, TX US","2017-10-20","8.50",,"76","82","72","  100"
"USW00012918","HOUSTON WILLIAM P HOBBY AIRPORT, TX US","2017-10-21","6.71",,"80","89","75","  170"
"USW00012918","HOUSTON WILLIAM P HOBBY AIRPORT, TX US","2017-10-22","6.93",,"74","78","62","   10"
"USW00012918","HOUSTON WILLIAM P HOBBY AIRPORT, TX US","2017-10-23","2.91",,"67","82","54","  350"
"USW00012918","HOUSTON WILLIAM P HOBBY AIRPORT, TX US","2017-10-24","12.97",,"69","79","59","  340"
"USW00012918","HOUSTON WILLIAM P HOBBY AIRPORT, TX US","2017-10-25","5.37",,"65","78","49","  280"
"USW00012918","HOUSTON WILLIAM P HOBBY AIRPORT, TX US","2017-10-26","7.61",,"67","84","53","  190"
"USW00012918","HOUSTON WILLIAM P HOBBY AIRPORT, TX US","2017-10-27","12.08",,"68","73","52","  340"
"USW00012918","HOUSTON WILLIAM P HOBBY AIRPORT, TX US","2017-10-28","12.30",,"55","63","44","  360"
"USW00012918","HOUSTON WILLIAM P HOBBY AIRPORT, TX US","2017-10-29","4.25",,"55","71","39","  270"
"USW00012918","HOUSTON WILLIAM P HOBBY AIRPORT, TX US","2017-10-30","6.71",,"64","82","50","  150"
"USW00012918","HOUSTON WILLIAM P HOBBY AIRPORT, TX US","2017-10-31","7.61",,"71","82","65","  140"
"USW00012918","HOUSTON WILLIAM P HOBBY AIRPORT, TX US","2017-11-01","7.61",,"75","82","70","  220"
"USW00012918","HOUSTON WILLIAM P HOBBY AIRPORT, TX US","2017-11-02","9.17",,"79","90","73","  170"
"USW00012918","HOUSTON WILLIAM P HOBBY AIRPORT, TX US","2017-11-03","6.71",,"79","88","75","  160"
"USW00012918","HOUSTON WILLIAM P HOBBY AIRPORT, TX US","2017-11-04","6.93",,"78","88","72","  200"
"USW00012918","HOUSTON WILLIAM P HOBBY AIRPORT, TX US","2017-11-05","9.40",,"80","90","74","  220"
"USW00012918","HOUSTON WILLIAM P HOBBY AIRPORT, TX US","2017-11-06","7.38",,"80","89","73","  210"
"USW00012918","HOUSTON WILLIAM P HOBBY AIRPORT, TX US","2017-11-07","6.71",,"79","89","70","  350"
"USW00012918","HOUSTON WILLIAM P HOBBY AIRPORT, TX US","2017-11-08","12.75",,"66","70","56","  350"
"USW00012918","HOUSTON WILLIAM P HOBBY AIRPORT, TX US","2017-11-09","10.96",,"57","66","53","   30"
"USW00012918","HOUSTON WILLIAM P HOBBY AIRPORT, TX US","2017-11-10","6.71",,"58","68","50","   60"
"USW00012918","HOUSTON WILLIAM P HOBBY AIRPORT, TX US","2017-11-11","7.83",,"65","74","59","   90"
"USW00012918","HOUSTON WILLIAM P HOBBY AIRPORT, TX US","2017-11-12","4.47",,"68","79","61","   90"
"USW00012918","HOUSTON WILLIAM P HOBBY AIRPORT, TX US","2017-11-13","5.14",,"69","77","60","  100"
"USW00012918","HOUSTON WILLIAM P HOBBY AIRPORT, TX US","2017-11-14","5.82",,"67","77","59","  130"
"USW00012918","HOUSTON WILLIAM P HOBBY AIRPORT, TX US","2017-11-15","5.14",,"68","79","59",
"USW00012918","HOUSTON WILLIAM P HOBBY AIRPORT, TX US","2017-11-16","6.26",,"72","79","68",
"USW00012918","HOUSTON WILLIAM P HOBBY AIRPORT, TX US","2017-11-17","8.72",,"73","85","67","  180"
"USW00012918","HOUSTON WILLIAM P HOBBY AIRPORT, TX US","2017-11-18","15.21",,"74","85","58","  340"
"USW00012918","HOUSTON WILLIAM P HOBBY AIRPORT, TX US","2017-11-19","11.63",,"59","65","49","   10"
"USW00012918","HOUSTON WILLIAM P HOBBY AIRPORT, TX US","2017-11-20","5.59",,"56","66","46",
"USW00012918","HOUSTON WILLIAM P HOBBY AIRPORT, TX US","2017-11-21","4.92",,"64","77","58",
"USW00012918","HOUSTON WILLIAM P HOBBY AIRPORT, TX US","2017-11-22","13.20",,"63","69","52","   20"
"USW00012918","HOUSTON WILLIAM P HOBBY AIRPORT, TX US","2017-11-23","4.92",,"54","65","42",
"USW00012918","HOUSTON WILLIAM P HOBBY AIRPORT, TX US","2017-11-24","3.58",,"54","72","41",
"USW00012918","HOUSTON WILLIAM P HOBBY AIRPORT, TX US","2017-11-25","5.14",,"64","80","53",
"USW00012918","HOUSTON WILLIAM P HOBBY AIRPORT, TX US","2017-11-26","4.25",,"65","76","56",
"USW00012918","HOUSTON WILLIAM P HOBBY AIRPORT, TX US","2017-11-27","5.59",,"61","73","51",
"USW00012918","HOUSTON WILLIAM P HOBBY AIRPORT, TX US","2017-11-28","5.14",,"62","77","50","  150"
"USW00012918","HOUSTON WILLIAM P HOBBY AIRPORT, TX US","2017-11-29","3.36",,"65","73","60",
"USW00012918","HOUSTON WILLIAM P HOBBY AIRPORT, TX US","2017-11-30","5.59",,"64","76","54","  350"
"USW00012918","HOUSTON WILLIAM P HOBBY AIRPORT, TX US","2017-12-01","2.46",,"62","75","51","   10"
"USW00012918","HOUSTON WILLIAM P HOBBY AIRPORT, TX US","2017-12-02","2.24",,"61","77","49","  100"
"USW00012918","HOUSTON WILLIAM P HOBBY AIRPORT, TX US","2017-12-03","7.16",,"63","73","58","   70"
"USW00012918","HOUSTON WILLIAM P HOBBY AIRPORT, TX US","2017-12-04","8.50",,"71","81","65","  180"
"USW00012918","HOUSTON WILLIAM P HOBBY AIRPORT, TX US","2017-12-05","11.41",,"69","78","51","   20"
"USW00012918","HOUSTON WILLIAM P HOBBY AIRPORT, TX US","2017-12-06","15.21",,"48","51","42","   20"
"USW00012918","HOUSTON WILLIAM P HOBBY AIRPORT, TX US","2017-12-07","13.65",,"44","44","34","   40"
"USW00012918","HOUSTON WILLIAM P HOBBY AIRPORT, TX US","2017-12-08","8.72",,"37","42","31","  340"
"USW00012918","HOUSTON WILLIAM P HOBBY AIRPORT, TX US","2017-12-09","3.58",,"41","61","29","  320"
"USW00012918","HOUSTON WILLIAM P HOBBY AIRPORT, TX US","2017-12-10","2.68",,"49","64","36","  270"
"USW00012918","HOUSTON WILLIAM P HOBBY AIRPORT, TX US","2017-12-11","6.49",,"53","73","39","  240"
"USW00012918","HOUSTON WILLIAM P HOBBY AIRPORT, TX US","2017-12-12","9.62",,"55","64","41","  360"
"USW00012918","HOUSTON WILLIAM P HOBBY AIRPORT, TX US","2017-12-13","3.36",,"47","58","35","  260"
"USW00012918","HOUSTON WILLIAM P HOBBY AIRPORT, TX US","2017-12-14","4.70",,"53","65","43","   10"
"USW00012918","HOUSTON WILLIAM P HOBBY AIRPORT, TX US","2017-12-15","8.50",,"53","56","43","   10"
"USW00012918","HOUSTON WILLIAM P HOBBY AIRPORT, TX US","2017-12-16","8.95",,"51","59","41","  110"
"USW00012918","HOUSTON WILLIAM P HOBBY AIRPORT, TX US","2017-12-17","2.91",,"55","65","48","  360"
"USW00012918","HOUSTON WILLIAM P HOBBY AIRPORT, TX US","2017-12-18","6.71",,"62","68","58","  120"
"USW00012918","HOUSTON WILLIAM P HOBBY AIRPORT, TX US","2017-12-19","9.62",,"70","79","68","  190"
"USW00012918","HOUSTON WILLIAM P HOBBY AIRPORT, TX US","2017-12-20","5.82",,"70","77","58","  260"
"USW00012918","HOUSTON WILLIAM P HOBBY AIRPORT, TX US","2017-12-21","7.38",,"64","79","50","  160"
"USW00012918","HOUSTON WILLIAM P HOBBY AIRPORT, TX US","2017-12-22","12.30",,"74","80","46","  170"
"USW00012918","HOUSTON WILLIAM P HOBBY AIRPORT, TX US","2017-12-23","9.17",,"52","58","43","  330"
"USW00012918","HOUSTON WILLIAM P HOBBY AIRPORT, TX US","2017-12-24","10.07",,"52","68","40","   10"
"USW00012918","HOUSTON WILLIAM P HOBBY AIRPORT, TX US","2017-12-25","11.41",,"46","52","38","   30"
"USW00012918","HOUSTON WILLIAM P HOBBY AIRPORT, TX US","2017-12-26","11.86",,"51","54","47","   50"
"USW00012918","HOUSTON WILLIAM P HOBBY AIRPORT, TX US","2017-12-27","14.54",,"45","49","40","   30"
"USW00012918","HOUSTON WILLIAM P HOBBY AIRPORT, TX US","2017-12-28","8.72",,"41","44","38","   30"
"USW00012918","HOUSTON WILLIAM P HOBBY AIRPORT, TX US","2017-12-29","7.16",,"45","54","42","  120"
"USW00012918","HOUSTON WILLIAM P HOBBY AIRPORT, TX US","2017-12-30","7.61",,"56","61","51","  350"
"USW00012918","HOUSTON WILLIAM P HOBBY AIRPORT, TX US","2017-12-31","14.99",,"49","51","39","   40"
"USW00012918","HOUSTON WILLIAM P HOBBY AIRPORT, TX US","2018-01-01","16.11",,"37","40","31","   30"
"USW00012918","HOUSTON WILLIAM P HOBBY AIRPORT, TX US","2018-01-02","10.51",,"31","34","29","   60"
"USW00012918","HOUSTON WILLIAM P HOBBY AIRPORT, TX US","2018-01-03","8.28",,"33","46","25","  330"
"USW00012918","HOUSTON WILLIAM P HOBBY AIRPORT, TX US","2018-01-04","3.13",,"39","54","27","   50"
"USW00012918","HOUSTON WILLIAM P HOBBY AIRPORT, TX US","2018-01-05","4.47",,"47","55","41","   80"
"USW00012918","HOUSTON WILLIAM P HOBBY AIRPORT, TX US","2018-01-06","7.38",,"48","63","37","  110"
"USW00012918","HOUSTON WILLIAM P HOBBY AIRPORT, TX US","2018-01-07","6.93",,"56","70","48","  240"
"USW00012918","HOUSTON WILLIAM P HOBBY AIRPORT, TX US","2018-01-08","12.97",,"61","66","49","  250"
"USW00012918","HOUSTON WILLIAM P HOBBY AIRPORT, TX US","2018-01-09","6.26",,"51","56","44","   50"
"USW00012918","HOUSTON WILLIAM P HOBBY AIRPORT, TX US","2018-01-10","4.92",,"56","63","52","  110"
"USW00012918","HOUSTON WILLIAM P HOBBY AIRPORT, TX US","2018-01-11","10.07",,"68","70","42","  320"
"USW00012918","HOUSTON WILLIAM P HOBBY AIRPORT, TX US","2018-01-12","16.11",,"41","49","32","  320"
"USW00012918","HOUSTON WILLIAM P HOBBY AIRPORT, TX US","2018-01-13","8.50",,"41","52","32","  330"
"USW00012918","HOUSTON WILLIAM P HOBBY AIRPORT, TX US","2018-01-14","5.82",,"42","52","33","   80"
"USW00012918","HOUSTON WILLIAM P HOBBY AIRPORT, TX US","2018-01-15","6.71",,"50","67","38","  130"
"USW00012918","HOUSTON WILLIAM P HOBBY AIRPORT, TX US","2018-01-16","18.34",,"40","55","25","  360"
"USW00012918","HOUSTON WILLIAM P HOBBY AIRPORT, TX US","2018-01-17","9.62",,"26","37","19","   20"
"USW00012918","HOUSTON WILLIAM P HOBBY AIRPORT, TX US","2018-01-18","3.80",,"31","38","25","   60"
"USW00012918","HOUSTON WILLIAM P HOBBY AIRPORT, TX US","2018-01-19","7.16",,"42","52","37","  100"
"USW00012918","HOUSTON WILLIAM P HOBBY AIRPORT, TX US","2018-01-20","7.61",,"58","72","51","  170"
"USW00012918","HOUSTON WILLIAM P HOBBY AIRPORT, TX US","2018-01-21","11.18",,"67","73","63","  170"
"USW00012918","HOUSTON WILLIAM P HOBBY AIRPORT, TX US","2018-01-22","11.63",,"65","68","45","  180"
"USW00012918","HOUSTON WILLIAM P HOBBY AIRPORT, TX US","2018-01-23","6.49",,"52","64","40","   10"
"USW00012918","HOUSTON WILLIAM P HOBBY AIRPORT, TX US","2018-01-24","5.59",,"51","64","39","   70"
"USW00012918","HOUSTON WILLIAM P HOBBY AIRPORT, TX US","2018-01-25","5.82",,"47","61","36","  130"
"USW00012918","HOUSTON WILLIAM P HOBBY AIRPORT, TX US","2018-01-26","7.61",,"56","68","50","  100"
"USW00012918","HOUSTON WILLIAM P HOBBY AIRPORT, TX US","2018-01-27","5.37",,"62","67","59","   80"
"USW00012918","HOUSTON WILLIAM P HOBBY AIRPORT, TX US","2018-01-28","10.07",,"62","68","53","  360"
"USW00012918","HOUSTON WILLIAM P HOBBY AIRPORT, TX US","2018-01-29","10.96",,"55","67","43","  340"
"USW00012918","HOUSTON WILLIAM P HOBBY AIRPORT, TX US","2018-01-30","7.61",,"50","61","40","   20"
"USW00012918","HOUSTON WILLIAM P HOBBY AIRPORT, TX US","2018-01-31","7.16",,"53","70","40","  160"
"USW00012918","HOUSTON WILLIAM P HOBBY AIRPORT, TX US","2018-02-01","8.50",,"64","79","52","  230"
"USW00012918","HOUSTON WILLIAM P HOBBY AIRPORT, TX US","2018-02-02","14.99",,"58","64","50","   40"
"USW00012918","HOUSTON WILLIAM P HOBBY AIRPORT, TX US","2018-02-03","6.71",,"51","57","45","  110"
"USW00012918","HOUSTON WILLIAM P HOBBY AIRPORT, TX US","2018-02-04","6.93",,"62","72","55","  170"
"USW00012918","HOUSTON WILLIAM P HOBBY AIRPORT, TX US","2018-02-05","7.61",,"57","59","52","  110"
"USW00012918","HOUSTON WILLIAM P HOBBY AIRPORT, TX US","2018-02-06","7.83",,"64","75","58","  180"
"USW00012918","HOUSTON WILLIAM P HOBBY AIRPORT, TX US","2018-02-07","14.32",,"54","70","43","  360"
"USW00012918","HOUSTON WILLIAM P HOBBY AIRPORT, TX US","2018-02-08","6.71",,"46","55","40","   20"
"USW00012918","HOUSTON WILLIAM P HOBBY AIRPORT, TX US","2018-02-09","4.70",,"59","74","53","  170"
"USW00012918","HOUSTON WILLIAM P HOBBY AIRPORT, TX US","2018-02-10","5.82",,"66","70","53","  170"
"USW00012918","HOUSTON WILLIAM P HOBBY AIRPORT, TX US","2018-02-11","14.76",,"48","53","39","  340"
"USW00012918","HOUSTON WILLIAM P HOBBY AIRPORT, TX US","2018-02-12","11.41",,"40","46","37","   10"
"USW00012918","HOUSTON WILLIAM P HOBBY AIRPORT, TX US","2018-02-13","7.16",,"47","55","45","   60"
"USW00012918","HOUSTON WILLIAM P HOBBY AIRPORT, TX US","2018-02-14","7.16",,"64","80","55","  190"
"USW00012918","HOUSTON WILLIAM P HOBBY AIRPORT, TX US","2018-02-15","11.18",,"71","81","67","  210"
"USW00012918","HOUSTON WILLIAM P HOBBY AIRPORT, TX US","2018-02-16","7.16",,"72","83","66","  190"
"USW00012918","HOUSTON WILLIAM P HOBBY AIRPORT, TX US","2018-02-17","8.28",,"71","80","61","  200"
"USW00012918","HOUSTON WILLIAM P HOBBY AIRPORT, TX US","2018-02-18","9.40",,"67","80","60","  150"
"USW00012918","HOUSTON WILLIAM P HOBBY AIRPORT, TX US","2018-02-19","14.54",,"71","79","67","  190"
"USW00012918","HOUSTON WILLIAM P HOBBY AIRPORT, TX US","2018-02-20","14.32",,"73","77","70","  160"
"USW00012918","HOUSTON WILLIAM P HOBBY AIRPORT, TX US","2018-02-21","9.62",,"72","77","55","  160"
"USW00012918","HOUSTON WILLIAM P HOBBY AIRPORT, TX US","2018-02-22","6.71",,"61","76","52","  170"
"USW00012918","HOUSTON WILLIAM P HOBBY AIRPORT, TX US","2018-02-23","8.72",,"71","80","61","  160"
"USW00012918","HOUSTON WILLIAM P HOBBY AIRPORT, TX US","2018-02-24","12.53",,"74","80","72","  200"
"USW00012918","HOUSTON WILLIAM P HOBBY AIRPORT, TX US","2018-02-25","8.50",,"66","73","57","  350"
"USW00012918","HOUSTON WILLIAM P HOBBY AIRPORT, TX US","2018-02-26","8.50",,"62","71","56","   40"
"USW00012918","HOUSTON WILLIAM P HOBBY AIRPORT, TX US","2018-02-27","11.63",,"69","79","63","  170"
"USW00012918","HOUSTON WILLIAM P HOBBY AIRPORT, TX US","2018-02-28","12.30",,"75","82","70","  190"
"USW00012918","HOUSTON WILLIAM P HOBBY AIRPORT, TX US","2018-03-01","12.97",,"72","80","63","   20"
"USW00012918","HOUSTON WILLIAM P HOBBY AIRPORT, TX US","2018-03-02","9.17",,"66","74","58","   60"
"USW00012918","HOUSTON WILLIAM P HOBBY AIRPORT, TX US","2018-03-03","10.07",,"63","72","56","  120"
"USW00012918","HOUSTON WILLIAM P HOBBY AIRPORT, TX US","2018-03-04","11.41",,"69","75","66","  160"
"USW00012918","HOUSTON WILLIAM P HOBBY AIRPORT, TX US","2018-03-05","8.72",,"72","80","63","  200"
"USW00012918","HOUSTON WILLIAM P HOBBY AIRPORT, TX US","2018-03-06","11.18",,"64","72","54","  360"
"USW00012918","HOUSTON WILLIAM P HOBBY AIRPORT, TX US","2018-03-07","9.17",,"58","66","48","  360"
"USW00012918","HOUSTON WILLIAM P HOBBY AIRPORT, TX US","2018-03-08","7.61",,"56","65","50","   50"
"USW00012918","HOUSTON WILLIAM P HOBBY AIRPORT, TX US","2018-03-09","8.28",,"59","73","48","  190"
"USW00012918","HOUSTON WILLIAM P HOBBY AIRPORT, TX US","2018-03-10","8.50",,"71","85","67","  190"
"USW00012918","HOUSTON WILLIAM P HOBBY AIRPORT, TX US","2018-03-11","12.97",,"72","79","59","   20"
"USW00012918","HOUSTON WILLIAM P HOBBY AIRPORT, TX US","2018-03-12","12.30",,"59","66","49","   10"
"USW00012918","HOUSTON WILLIAM P HOBBY AIRPORT, TX US","2018-03-13","4.03",,"58","69","47","   20"
"USW00012918","HOUSTON WILLIAM P HOBBY AIRPORT, TX US","2018-03-14","5.59",,"59","70","48","  150"
"USW00012918","HOUSTON WILLIAM P HOBBY AIRPORT, TX US","2018-03-15","7.83",,"61","73","51","   90"
"USW00012918","HOUSTON WILLIAM P HOBBY AIRPORT, TX US","2018-03-16","9.84",,"71","81","67","  210"
"USW00012918","HOUSTON WILLIAM P HOBBY AIRPORT, TX US","2018-03-17","7.38",,"73","82","68","  140"
"USW00012918","HOUSTON WILLIAM P HOBBY AIRPORT, TX US","2018-03-18","6.04",,"74","83","69","  140"
"USW00012918","HOUSTON WILLIAM P HOBBY AIRPORT, TX US","2018-03-19","11.63",,"75","85","66","  350"
"USW00012918","HOUSTON WILLIAM P HOBBY AIRPORT, TX US","2018-03-20","11.86",,"65","72","53","  340"
"USW00012918","HOUSTON WILLIAM P HOBBY AIRPORT, TX US","2018-03-21","6.49",,"62","74","47","   60"
"USW00012918","HOUSTON WILLIAM P HOBBY AIRPORT, TX US","2018-03-22","7.16",,"63","75","51","  150"
"USW00012918","HOUSTON WILLIAM P HOBBY AIRPORT, TX US","2018-03-23","12.08",,"67","79","58","  180"
"USW00012918","HOUSTON WILLIAM P HOBBY AIRPORT, TX US","2018-03-24","10.74",,"72","80","68","  210"
"USW00012918","HOUSTON WILLIAM P HOBBY AIRPORT, TX US","2018-03-25","9.40",,"72","82","65","  140"
"USW00012918","HOUSTON WILLIAM P HOBBY AIRPORT, TX US","2018-03-26","12.08",,"73","81","68","  160"
"USW00012918","HOUSTON WILLIAM P HOBBY AIRPORT, TX US","2018-03-27","12.08",,"74","79","70","  160"
"USW00012918","HOUSTON WILLIAM P HOBBY AIRPORT, TX US","2018-03-28","10.51",,"73","78","70","  160"
"USW00012918","HOUSTON WILLIAM P HOBBY AIRPORT, TX US","2018-03-29","7.61",,"70","79","60","  310"
"USW00012918","HOUSTON WILLIAM P HOBBY AIRPORT, TX US","2018-03-30","9.17",,"68","77","59","   20"
"USW00012918","HOUSTON WILLIAM P HOBBY AIRPORT, TX US","2018-03-31","6.93",,"66","78","55","  180"
"USW00012918","HOUSTON WILLIAM P HOBBY AIRPORT, TX US","2018-04-01","7.61",,"69","80","60","  160"
"USW00012918","HOUSTON WILLIAM P HOBBY AIRPORT, TX US","2018-04-02","9.84",,"74","82","68","  160"
"USW00012918","HOUSTON WILLIAM P HOBBY AIRPORT, TX US","2018-04-03","12.75",,"75","83","64","  320"
"USW00012918","HOUSTON WILLIAM P HOBBY AIRPORT, TX US","2018-04-04","14.99",,"66","73","55","   30"
"USW00012918","HOUSTON WILLIAM P HOBBY AIRPORT, TX US","2018-04-05","9.62",,"65","73","57","  120"
"USW00012918","HOUSTON WILLIAM P HOBBY AIRPORT, TX US","2018-04-06","10.96",,"73","79","70","  190"
"USW00012918","HOUSTON WILLIAM P HOBBY AIRPORT, TX US","2018-04-07","13.20",,"65","73","47","  350"
"USW00012918","HOUSTON WILLIAM P HOBBY AIRPORT, TX US","2018-04-08","6.93",,"50","59","46","  360"
"USW00012918","HOUSTON WILLIAM P HOBBY AIRPORT, TX US","2018-04-09","9.17",,"58","63","55","   10"
"USW00012918","HOUSTON WILLIAM P HOBBY AIRPORT, TX US","2018-04-10","10.07",,"65","78","53","   30"
"USW00012918","HOUSTON WILLIAM P HOBBY AIRPORT, TX US","2018-04-11","6.04",,"65","78","50","  140"
"USW00012918","HOUSTON WILLIAM P HOBBY AIRPORT, TX US","2018-04-12","10.74",,"69","81","59","  130"
"USW00012918","HOUSTON WILLIAM P HOBBY AIRPORT, TX US","2018-04-13","15.66",,"75","82","70","  190"
"USW00012918","HOUSTON WILLIAM P HOBBY AIRPORT, TX US","2018-04-14","13.42",,"65","76","51","  320"
"USW00012918","HOUSTON WILLIAM P HOBBY AIRPORT, TX US","2018-04-15","10.51",,"57","69","46","  330"
"USW00012918","HOUSTON WILLIAM P HOBBY AIRPORT, TX US","2018-04-16","6.49",,"61","77","45","  140"
"USW00012918","HOUSTON WILLIAM P HOBBY AIRPORT, TX US","2018-04-17","11.86",,"68","81","58","  210"
"USW00012918","HOUSTON WILLIAM P HOBBY AIRPORT, TX US","2018-04-18","7.83",,"73","83","67","  220"
"USW00012918","HOUSTON WILLIAM P HOBBY AIRPORT, TX US","2018-04-19","13.20",,"72","79","60","   40"
"USW00012918","HOUSTON WILLIAM P HOBBY AIRPORT, TX US","2018-04-20","10.51",,"61","66","54","   80"
"USW00012918","HOUSTON WILLIAM P HOBBY AIRPORT, TX US","2018-04-21","11.41",,"68","75","63","  170"
"USW00012918","HOUSTON WILLIAM P HOBBY AIRPORT, TX US","2018-04-22","11.41",,"67","73","59","  350"
"USW00012918","HOUSTON WILLIAM P HOBBY AIRPORT, TX US","2018-04-23","8.28",,"67","80","53","  320"
"USW00012918","HOUSTON WILLIAM P HOBBY AIRPORT, TX US","2018-04-24","4.47",,"71","86","57","  300"
"USW00012918","HOUSTON WILLIAM P HOBBY AIRPORT, TX US","2018-04-25","7.16",,"73","85","61","  350"
"USW00012918","HOUSTON WILLIAM P HOBBY AIRPORT, TX US","2018-04-26","8.72",,"68","77","56","  340"
"USW00012918","HOUSTON WILLIAM P HOBBY AIRPORT, TX US","2018-04-27","6.04",,"68","80","58","  350"
"USW00012918","HOUSTON WILLIAM P HOBBY AIRPORT, TX US","2018-04-28","4.92",,"70","83","58","  140"
"USW00012918","HOUSTON WILLIAM P HOBBY AIRPORT, TX US","2018-04-29","4.70",,"70","81","58","  110"
"USW00012918","HOUSTON WILLIAM P HOBBY AIRPORT, TX US","2018-04-30","10.29",,"70","80","61","  120"
"USW00012918","HOUSTON WILLIAM P HOBBY AIRPORT, TX US","2018-05-01","11.41",,"73","80","70","  150"
"USW00012918","HOUSTON WILLIAM P HOBBY AIRPORT, TX US","2018-05-02","12.30",,"77","85","73","  150"
"USW00012918","HOUSTON WILLIAM P HOBBY AIRPORT, TX US","2018-05-03","12.75",,"78","84","74","  170"
"USW00012918","HOUSTON WILLIAM P HOBBY AIRPORT, TX US","2018-05-04","8.28",,"76","82","69","  360"
"USW00012918","HOUSTON WILLIAM P HOBBY AIRPORT, TX US","2018-05-05","8.05",,"73","84","67","  320"
"USW00012918","HOUSTON WILLIAM P HOBBY AIRPORT, TX US","2018-05-06","5.37",,"75","87","64","  360"
"USW00012918","HOUSTON WILLIAM P HOBBY AIRPORT, TX US","2018-05-07","5.37",,"77","90","65","  160"
"USW00012918","HOUSTON WILLIAM P HOBBY AIRPORT, TX US","2018-05-08","6.71",,"77","90","65","  190"
"USW00012918","HOUSTON WILLIAM P HOBBY AIRPORT, TX US","2018-05-09","6.71",,"76","89","65","  160"
"USW00012918","HOUSTON WILLIAM P HOBBY AIRPORT, TX US","2018-05-10","7.83",,"76","87","65","  170"
"USW00012918","HOUSTON WILLIAM P HOBBY AIRPORT, TX US","2018-05-11","10.29",,"78","87","70","  170"
"USW00012918","HOUSTON WILLIAM P HOBBY AIRPORT, TX US","2018-05-12","9.17",,"80","88","72","  140"
"USW00012918","HOUSTON WILLIAM P HOBBY AIRPORT, TX US","2018-05-13","7.38",,"80","90","71","  100"
"USW00012918","HOUSTON WILLIAM P HOBBY AIRPORT, TX US","2018-05-14","6.26",,"79","90","72","  150"
"USW00012918","HOUSTON WILLIAM P HOBBY AIRPORT, TX US","2018-05-15","4.92",,"78","91","67","  170"
"USW00012918","HOUSTON WILLIAM P HOBBY AIRPORT, TX US","2018-05-16","6.93",,"80","92","68","  210"
"USW00012918","HOUSTON WILLIAM P HOBBY AIRPORT, TX US","2018-05-17","7.61",,"81","94","70","  200"
"USW00012918","HOUSTON WILLIAM P HOBBY AIRPORT, TX US","2018-05-18","9.62",,"81","91","71","  210"
"USW00012918","HOUSTON WILLIAM P HOBBY AIRPORT, TX US","2018-05-19","10.74",,"80","89","73","  160"
"USW00012918","HOUSTON WILLIAM P HOBBY AIRPORT, TX US","2018-05-20","9.62",,"81","90","70","  170"
"USW00012918","HOUSTON WILLIAM P HOBBY AIRPORT, TX US","2018-05-21","5.59",,"75","87","71","   80"
"USW00012918","HOUSTON WILLIAM P HOBBY AIRPORT, TX US","2018-05-22","4.92",,"75","85","69","  130"
"USW00012918","HOUSTON WILLIAM P HOBBY AIRPORT, TX US","2018-05-23","4.47",,"76","82","71","  120"
"USW00012918","HOUSTON WILLIAM P HOBBY AIRPORT, TX US","2018-05-24","5.82",,"79","88","72","  120"
"USW00012918","HOUSTON WILLIAM P HOBBY AIRPORT, TX US","2018-05-25","4.70",,"79","89","72","  110"
"USW00012918","HOUSTON WILLIAM P HOBBY AIRPORT, TX US","2018-05-26","5.82",,"81","92","68","   60"
"USW00012918","HOUSTON WILLIAM P HOBBY AIRPORT, TX US","2018-05-27","4.03",,"78","91","68","   90"
"USW00012918","HOUSTON WILLIAM P HOBBY AIRPORT, TX US","2018-05-28","3.80",,"82","93","73","  350"
"USW00012918","HOUSTON WILLIAM P HOBBY AIRPORT, TX US","2018-05-29","6.93",,"83","93","75","  200"
"USW00012918","HOUSTON WILLIAM P HOBBY AIRPORT, TX US","2018-05-30","8.50",,"82","93","74","  180"
"USW00012918","HOUSTON WILLIAM P HOBBY AIRPORT, TX US","2018-05-31","8.95",,"82","92","75","  150"
"USW00012918","HOUSTON WILLIAM P HOBBY AIRPORT, TX US","2018-06-01","8.05",,"83","94","76","  140"
"USW00012918","HOUSTON WILLIAM P HOBBY AIRPORT, TX US","2018-06-02","8.05",,"84","94","75","  190"
"USW00012918","HOUSTON WILLIAM P HOBBY AIRPORT, TX US","2018-06-03","6.26",,"83","95","74","   60"
"USW00012918","HOUSTON WILLIAM P HOBBY AIRPORT, TX US","2018-06-04","5.82",,"83","93","75","  170"
"USW00012918","HOUSTON WILLIAM P HOBBY AIRPORT, TX US","2018-06-05","7.61",,"84","95","74","  240"
"USW00012918","HOUSTON WILLIAM P HOBBY AIRPORT, TX US","2018-06-06","4.70",,"83","95","76","  140"
"USW00012918","HOUSTON WILLIAM P HOBBY AIRPORT, TX US","2018-06-07","6.04",,"83","93","76","  160"
"USW00012918","HOUSTON WILLIAM P HOBBY AIRPORT, TX US","2018-06-08","4.70",,"83","94","75","  120"
"USW00012918","HOUSTON WILLIAM P HOBBY AIRPORT, TX US","2018-06-09","6.26",,"82","91","74","  170"
"USW00012918","HOUSTON WILLIAM P HOBBY AIRPORT, TX US","2018-06-10","9.62",,"84","93","78","  180"
"USW00012918","HOUSTON WILLIAM P HOBBY AIRPORT, TX US","2018-06-11","10.74",,"84","93","79","  190"
"USW00012918","HOUSTON WILLIAM P HOBBY AIRPORT, TX US","2018-06-12","8.95",,"84","94","78","  160"
"USW00012918","HOUSTON WILLIAM P HOBBY AIRPORT, TX US","2018-06-13","6.04",,"84","95","76","  160"
"USW00012918","HOUSTON WILLIAM P HOBBY AIRPORT, TX US","2018-06-14","4.92",,"81","91","73","  100"
"USW00012918","HOUSTON WILLIAM P HOBBY AIRPORT, TX US","2018-06-15","6.04",,"81","91","75","  130"
"USW00012918","HOUSTON WILLIAM P HOBBY AIRPORT, TX US","2018-06-16","8.72",,"83","91","77","  120"
"USW00012918","HOUSTON WILLIAM P HOBBY AIRPORT, TX US","2018-06-17","8.50",,"82","89","77","   90"
"USW00012918","HOUSTON WILLIAM P HOBBY AIRPORT, TX US","2018-06-18","7.83",,"78","85","75","  100"
"USW00012918","HOUSTON WILLIAM P HOBBY AIRPORT, TX US","2018-06-19","10.29",,"78","86","74","  340"
"USW00012918","HOUSTON WILLIAM P HOBBY AIRPORT, TX US","2018-06-20","8.72",,"80","87","75","  230"
"USW00012918","HOUSTON WILLIAM P HOBBY AIRPORT, TX US","2018-06-21","4.70",,"79","86","76","  160"
"USW00012918","HOUSTON WILLIAM P HOBBY AIRPORT, TX US","2018-06-22","8.05",,"83","95","75","  200"
"USW00012918","HOUSTON WILLIAM P HOBBY AIRPORT, TX US","2018-06-23","10.07",,"84","93","75","  140"
"USW00012918","HOUSTON WILLIAM P HOBBY AIRPORT, TX US","2018-06-24","10.51",,"85","92","78","  140"
"USW00012918","HOUSTON WILLIAM P HOBBY AIRPORT, TX US","2018-06-25","9.62",,"85","92","79","  200"
"USW00012918","HOUSTON WILLIAM P HOBBY AIRPORT, TX US","2018-06-26","7.16",,"84","93","77","  150"
"USW00012918","HOUSTON WILLIAM P HOBBY AIRPORT, TX US","2018-06-27","6.26",,"84","95","77","  140"
"USW00012918","HOUSTON WILLIAM P HOBBY AIRPORT, TX US","2018-06-28","6.93",,"84","92","77","  170"
"USW00012918","HOUSTON WILLIAM P HOBBY AIRPORT, TX US","2018-06-29","8.50",,"85","95","78","  170"
"USW00012918","HOUSTON WILLIAM P HOBBY AIRPORT, TX US","2018-06-30","8.05",,"85","94","78","  150"
"USW00012918","HOUSTON WILLIAM P HOBBY AIRPORT, TX US","2018-07-01","7.16",,"85","96","76","  140"
"USW00012918","HOUSTON WILLIAM P HOBBY AIRPORT, TX US","2018-07-02","5.14",,"85","95","76","  150"
"USW00012918","HOUSTON WILLIAM P HOBBY AIRPORT, TX US","2018-07-03","6.93",,"85","96","76","   60"
"USW00012918","HOUSTON WILLIAM P HOBBY AIRPORT, TX US","2018-07-04","5.37",,"77","80","73","  160"
"USW00012918","HOUSTON WILLIAM P HOBBY AIRPORT, TX US","2018-07-05","5.37",,"80","90","74","   20"
"USW00012918","HOUSTON WILLIAM P HOBBY AIRPORT, TX US","2018-07-06","5.82",,"82","92","75","   50"
"USW00012918","HOUSTON WILLIAM P HOBBY AIRPORT, TX US","2018-07-07","6.26",,"83","91","76","   80"
"USW00012918","HOUSTON WILLIAM P HOBBY AIRPORT, TX US","2018-07-08","3.13",,"79","83","75","  100"
"USW00012918","HOUSTON WILLIAM P HOBBY AIRPORT, TX US","2018-07-09","2.46",,"80","90","74","  200"
"USW00012918","HOUSTON WILLIAM P HOBBY AIRPORT, TX US","2018-07-10","4.03",,"83","92","76","  120"
"USW00012918","HOUSTON WILLIAM P HOBBY AIRPORT, TX US","2018-07-11","4.47",,"84","94","76","  160"
"USW00012918","HOUSTON WILLIAM P HOBBY AIRPORT, TX US","2018-07-12","4.47",,"85","94","78","  150"
"USW00012918","HOUSTON WILLIAM P HOBBY AIRPORT, TX US","2018-07-13","5.82",,"84","95","77","  140"
"USW00012918","HOUSTON WILLIAM P HOBBY AIRPORT, TX US","2018-07-14","6.49",,"85","93","78","  170"
"USW00012918","HOUSTON WILLIAM P HOBBY AIRPORT, TX US","2018-07-15","6.26",,"85","95","78","  190"
"USW00012918","HOUSTON WILLIAM P HOBBY AIRPORT, TX US","2018-07-16","6.04",,"85","95","77","  210"
"USW00012918","HOUSTON WILLIAM P HOBBY AIRPORT, TX US","2018-07-17","7.16",,"85","95","77","  250"
"USW00012918","HOUSTON WILLIAM P HOBBY AIRPORT, TX US","2018-07-18","8.50",,"86","96","78","  240"
"USW00012918","HOUSTON WILLIAM P HOBBY AIRPORT, TX US","2018-07-19","8.72",,"86","96","79","  230"
"USW00012918","HOUSTON WILLIAM P HOBBY AIRPORT, TX US","2018-07-20","7.83",,"86","97","78","  220"
"USW00012918","HOUSTON WILLIAM P HOBBY AIRPORT, TX US","2018-07-21","8.28",,"87","97","79","  220"
"USW00012918","HOUSTON WILLIAM P HOBBY AIRPORT, TX US","2018-07-22","9.62",,"87","98","79","  260"
"USW00012918","HOUSTON WILLIAM P HOBBY AIRPORT, TX US","2018-07-23","9.40",,"87","100","79","  230"
"USW00012918","HOUSTON WILLIAM P HOBBY AIRPORT, TX US","2018-07-24","6.04",,"87","93","80","   50"
"USW00012918","HOUSTON WILLIAM P HOBBY AIRPORT, TX US","2018-07-25","5.37",,"86","96","78","   70"
"USW00012918","HOUSTON WILLIAM P HOBBY AIRPORT, TX US","2018-07-26","4.92",,"86","98","75","   40"
"USW00012918","HOUSTON WILLIAM P HOBBY AIRPORT, TX US","2018-07-27","5.59",,"86","97","76","  100"
"USW00012918","HOUSTON WILLIAM P HOBBY AIRPORT, TX US","2018-07-28","4.92",,"86","97","77","  130"
"USW00012918","HOUSTON WILLIAM P HOBBY AIRPORT, TX US","2018-07-29","5.14",,"86","98","78","  140"
"USW00012918","HOUSTON WILLIAM P HOBBY AIRPORT, TX US","2018-07-30","5.59",,"86","96","79","   70"
"USW00012918","HOUSTON WILLIAM P HOBBY AIRPORT, TX US","2018-07-31","5.59",,"82","89","74","   30"
"USW00012918","HOUSTON WILLIAM P HOBBY AIRPORT, TX US","2018-08-01","6.49",,"83","95","74","  360"
"USW00012918","HOUSTON WILLIAM P HOBBY AIRPORT, TX US","2018-08-02","5.59",,"85","96","77","   60"
"USW00012918","HOUSTON WILLIAM P HOBBY AIRPORT, TX US","2018-08-03","6.71",,"84","95","74","  110"
"USW00012918","HOUSTON WILLIAM P HOBBY AIRPORT, TX US","2018-08-04","6.26",,"82","91","76","  230"
"USW00012918","HOUSTON WILLIAM P HOBBY AIRPORT, TX US","2018-08-05","6.93",,"82","91","75","  110"
"USW00012918","HOUSTON WILLIAM P HOBBY AIRPORT, TX US","2018-08-06","6.71",,"85","93","79","  170"
"USW00012918","HOUSTON WILLIAM P HOBBY AIRPORT, TX US","2018-08-07","4.92",,"84","93","77","  170"
"USW00012918","HOUSTON WILLIAM P HOBBY AIRPORT, TX US","2018-08-08","5.37",,"83","95","77","  260"
"USW00012918","HOUSTON WILLIAM P HOBBY AIRPORT, TX US","2018-08-09","5.37",,"84","95","77","  180"
"USW00012918","HOUSTON WILLIAM P HOBBY AIRPORT, TX US","2018-08-10","6.71",,"84","95","78","   50"
"USW00012918","HOUSTON WILLIAM P HOBBY AIRPORT, TX US","2018-08-11","3.36",,"81","89","77","  140"
"USW00012918","HOUSTON WILLIAM P HOBBY AIRPORT, TX US","2018-08-12","6.93",,"83","92","77","  160"
"USW00012918","HOUSTON WILLIAM P HOBBY AIRPORT, TX US","2018-08-13","7.83",,"85","93","78","  140"
"USW00012918","HOUSTON WILLIAM P HOBBY AIRPORT, TX US","2018-08-14","7.61",,"84","93","77","  170"
"USW00012918","HOUSTON WILLIAM P HOBBY AIRPORT, TX US","2018-08-15","7.16",,"84","93","78","  140"
"USW00012918","HOUSTON WILLIAM P HOBBY AIRPORT, TX US","2018-08-16","6.71",,"85","96","78","  200"
"USW00012918","HOUSTON WILLIAM P HOBBY AIRPORT, TX US","2018-08-17","6.04",,"85","97","77","  140"
"USW00012918","HOUSTON WILLIAM P HOBBY AIRPORT, TX US","2018-08-18","7.38",,"86","97","78","  170"
"USW00012918","HOUSTON WILLIAM P HOBBY AIRPORT, TX US","2018-08-19","9.17",,"86","97","78","  170"
"USW00012918","HOUSTON WILLIAM P HOBBY AIRPORT, TX US","2018-08-20","8.05",,"85","96","79","  250"
"USW00012918","HOUSTON WILLIAM P HOBBY AIRPORT, TX US","2018-08-21","6.26",,"87","99","79","  170"
"USW00012918","HOUSTON WILLIAM P HOBBY AIRPORT, TX US","2018-08-22","6.71",,"89","100","82","   50"
"USW00012918","HOUSTON WILLIAM P HOBBY AIRPORT, TX US","2018-08-23","4.47",,"87","96","81","  110"
"USW00012918","HOUSTON WILLIAM P HOBBY AIRPORT, TX US","2018-08-24","5.14",,"85","96","77","  160"
"USW00012918","HOUSTON WILLIAM P HOBBY AIRPORT, TX US","2018-08-25","4.70",,"86","96","78","  100"
"USW00012918","HOUSTON WILLIAM P HOBBY AIRPORT, TX US","2018-08-26","4.25",,"85","95","79","  100"
"USW00012918","HOUSTON WILLIAM P HOBBY AIRPORT, TX US","2018-08-27","5.82",,"84","95","78","   80"
"USW00012918","HOUSTON WILLIAM P HOBBY AIRPORT, TX US","2018-08-28","4.92",,"84","93","79","  120"
"USW00012918","HOUSTON WILLIAM P HOBBY AIRPORT, TX US","2018-08-29","4.25",,"81","87","75","   80"
"USW00012918","HOUSTON WILLIAM P HOBBY AIRPORT, TX US","2018-08-30","4.92",,"82","92","74","  110"
"USW00012918","HOUSTON WILLIAM P HOBBY AIRPORT, TX US","2018-08-31","5.82",,"84","94","76","  320"
"USW00012918","HOUSTON WILLIAM P HOBBY AIRPORT, TX US","2018-09-01","5.37",,"83","93","77","   80"
"USW00012918","HOUSTON WILLIAM P HOBBY AIRPORT, TX US","2018-09-02","3.80",,"80","82","76","   40"
"USW00012918","HOUSTON WILLIAM P HOBBY AIRPORT, TX US","2018-09-03","5.59",,"77","85","74","  100"
"USW00012918","HOUSTON WILLIAM P HOBBY AIRPORT, TX US","2018-09-04","8.72",,"80","89","75","   90"
"USW00012918","HOUSTON WILLIAM P HOBBY AIRPORT, TX US","2018-09-05","6.71",,"83","90","79","  100"
"USW00012918","HOUSTON WILLIAM P HOBBY AIRPORT, TX US","2018-09-06","5.14",,"82","89","78","  170"
"USW00012918","HOUSTON WILLIAM P HOBBY AIRPORT, TX US","2018-09-07","4.92",,"82","92","76","  160"
"USW00012918","HOUSTON WILLIAM P HOBBY AIRPORT, TX US","2018-09-08","4.92",,"83","92","76","  160"
"USW00012918","HOUSTON WILLIAM P HOBBY AIRPORT, TX US","2018-09-09","2.01",,"80","90","74","  290"
"USW00012918","HOUSTON WILLIAM P HOBBY AIRPORT, TX US","2018-09-10","5.14",,"76","80","72","  170"
"USW00012918","HOUSTON WILLIAM P HOBBY AIRPORT, TX US","2018-09-11","7.61",,"76","80","73","  130"
"USW00012918","HOUSTON WILLIAM P HOBBY AIRPORT, TX US","2018-09-12","8.72",,"78","85","75","  100"
"USW00012918","HOUSTON WILLIAM P HOBBY AIRPORT, TX US","2018-09-13","10.74",,"79","83","75","   60"
"USW00012918","HOUSTON WILLIAM P HOBBY AIRPORT, TX US","2018-09-14","8.28",,"77","80","74","  100"
"USW00012918","HOUSTON WILLIAM P HOBBY AIRPORT, TX US","2018-09-15","7.61",,"81","90","75","   90"
"USW00012918","HOUSTON WILLIAM P HOBBY AIRPORT, TX US","2018-09-16","3.13",,"82","92","75","  150"
"USW00012918","HOUSTON WILLIAM P HOBBY AIRPORT, TX US","2018-09-17","4.70",,"84","95","75","  290"
"USW00012918","HOUSTON WILLIAM P HOBBY AIRPORT, TX US","2018-09-18","4.92",,"85","95","76","  180"
"USW00012918","HOUSTON WILLIAM P HOBBY AIRPORT, TX US","2018-09-19","4.03",,"84","94","76","  120"
"USW00012918","HOUSTON WILLIAM P HOBBY AIRPORT, TX US","2018-09-20","6.49",,"83","91","77","  150"
"USW00012918","HOUSTON WILLIAM P HOBBY AIRPORT, TX US","2018-09-21","6.26",,"83","91","79","  210"
"USW00012918","HOUSTON WILLIAM P HOBBY AIRPORT, TX US","2018-09-22","5.82",,"80","87","74","  270"
"USW00012918","HOUSTON WILLIAM P HOBBY AIRPORT, TX US","2018-09-23","6.49",,"77","85","71","  250"
"USW00012918","HOUSTON WILLIAM P HOBBY AIRPORT, TX US","2018-09-24","4.47",,"79","89","70","  170"
"USW00012918","HOUSTON WILLIAM P HOBBY AIRPORT, TX US","2018-09-25","6.04",,"80","89","76","  200"
"USW00012918","HOUSTON WILLIAM P HOBBY AIRPORT, TX US","2018-09-26","3.58",,"80","90","74","  190"
"USW00012918","HOUSTON WILLIAM P HOBBY AIRPORT, TX US","2018-09-27","7.61",,"76","82","71","  340"
"USW00012918","HOUSTON WILLIAM P HOBBY AIRPORT, TX US","2018-09-28","6.93",,"75","83","70","  110"
"USW00012918","HOUSTON WILLIAM P HOBBY AIRPORT, TX US","2018-09-29","6.71",,"76","78","73","  130"
"USW00012918","HOUSTON WILLIAM P HOBBY AIRPORT, TX US","2018-09-30","7.16",,"77","82","73","   70"
"USW00012918","HOUSTON WILLIAM P HOBBY AIRPORT, TX US","2018-10-01","5.82",,"76","82","71","  210"
"USW00012918","HOUSTON WILLIAM P HOBBY AIRPORT, TX US","2018-10-02","5.82",,"79","89","73","  110"
"USW00012918","HOUSTON WILLIAM P HOBBY AIRPORT, TX US","2018-10-03","4.25",,"81","90","74","  130"
"USW00012918","HOUSTON WILLIAM P HOBBY AIRPORT, TX US","2018-10-04","3.36",,"81","91","75","  100"
"USW00012918","HOUSTON WILLIAM P HOBBY AIRPORT, TX US","2018-10-05","5.82",,"81","90","76","  130"
"USW00012918","HOUSTON WILLIAM P HOBBY AIRPORT, TX US","2018-10-06","5.82",,"82","92","75","   90"
"USW00012918","HOUSTON WILLIAM P HOBBY AIRPORT, TX US","2018-10-07","8.05",,"82","91","76","  140"
"USW00012918","HOUSTON WILLIAM P HOBBY AIRPORT, TX US","2018-10-08","7.38",,"80","88","75","  120"
"USW00012918","HOUSTON WILLIAM P HOBBY AIRPORT, TX US","2018-10-09","7.61",,"82","91","74","  160"
"USW00012918","HOUSTON WILLIAM P HOBBY AIRPORT, TX US","2018-10-10","8.50",,"79","87","71","  360"
"USW00012918","HOUSTON WILLIAM P HOBBY AIRPORT, TX US","2018-10-11","8.95",,"74","83","66","   40"
"USW00012918","HOUSTON WILLIAM P HOBBY AIRPORT, TX US","2018-10-12","6.93",,"74","86","66","  150"
"USW00012918","HOUSTON WILLIAM P HOBBY AIRPORT, TX US","2018-10-13","9.17",,"79","89","73","  170"
"USW00012918","HOUSTON WILLIAM P HOBBY AIRPORT, TX US","2018-10-14","7.16",,"81","91","76","  200"
"USW00012918","HOUSTON WILLIAM P HOBBY AIRPORT, TX US","2018-10-15","10.96",,"72","82","57","  310"
"USW00012918","HOUSTON WILLIAM P HOBBY AIRPORT, TX US","2018-10-16","11.41",,"60","62","57","  360"
"USW00012918","HOUSTON WILLIAM P HOBBY AIRPORT, TX US","2018-10-17","11.86",,"60","65","57","   20"
"USW00012918","HOUSTON WILLIAM P HOBBY AIRPORT, TX US","2018-10-18","11.86",,"64","74","57","   30"
"USW00012918","HOUSTON WILLIAM P HOBBY AIRPORT, TX US","2018-10-19","8.50",,"72","80","65","  300"
"USW00012918","HOUSTON WILLIAM P HOBBY AIRPORT, TX US","2018-10-20","11.86",,"71","74","65","   20"
"USW00012918","HOUSTON WILLIAM P HOBBY AIRPORT, TX US","2018-10-21","12.30",,"67","74","61","   70"
"USW00012918","HOUSTON WILLIAM P HOBBY AIRPORT, TX US","2018-10-22","8.50",,"62","70","55","   30"
"USW00012918","HOUSTON WILLIAM P HOBBY AIRPORT, TX US","2018-10-23","12.53",,"60","64","56","   30"
"USW00012918","HOUSTON WILLIAM P HOBBY AIRPORT, TX US","2018-10-24","10.51",,"65","68","63","   70"
"USW00012918","HOUSTON WILLIAM P HOBBY AIRPORT, TX US","2018-10-25","8.50",,"66","70","59","  310"
"USW00012918","HOUSTON WILLIAM P HOBBY AIRPORT, TX US","2018-10-26","5.59",,"64","77","53","  300"
"USW00012918","HOUSTON WILLIAM P HOBBY AIRPORT, TX US","2018-10-27","5.37",,"67","82","55","  260"
"USW00012918","HOUSTON WILLIAM P HOBBY AIRPORT, TX US","2018-10-28","7.16",,"71","85","60","  250"
"USW00012918","HOUSTON WILLIAM P HOBBY AIRPORT, TX US","2018-10-29","5.82",,"72","86","61","  210"
"USW00012918","HOUSTON WILLIAM P HOBBY AIRPORT, TX US","2018-10-30","8.28",,"74","86","67","  200"
"USW00012918","HOUSTON WILLIAM P HOBBY AIRPORT, TX US","2018-10-31","8.05",,"73","77","64","  310"
"USW00012918","HOUSTON WILLIAM P HOBBY AIRPORT, TX US","2018-11-01","10.51",,"64","69","54","  300"
"USW00012918","HOUSTON WILLIAM P HOBBY AIRPORT, TX US","2018-11-02","5.82",,"59","72","48","  310"
"USW00012918","HOUSTON WILLIAM P HOBBY AIRPORT, TX US","2018-11-03","9.62",,"64","78","53","  150"
"USW00012918","HOUSTON WILLIAM P HOBBY AIRPORT, TX US","2018-11-04","7.61",,"69","74","62","   10"
"USW00012918","HOUSTON WILLIAM P HOBBY AIRPORT, TX US","2018-11-05","10.51",,"73","85","64","   70"
"USW00012918","HOUSTON WILLIAM P HOBBY AIRPORT, TX US","2018-11-06","5.82",,"79","88","74","  200"
"USW00012918","HOUSTON WILLIAM P HOBBY AIRPORT, TX US","2018-11-07","6.04",,"79","88","75","  180"
"USW00012918","HOUSTON WILLIAM P HOBBY AIRPORT, TX US","2018-11-08","6.93",,"72","76","68","  110"
"USW00012918","HOUSTON WILLIAM P HOBBY AIRPORT, TX US","2018-11-09","17.22",,"61","68","52","   10"
"USW00012918","HOUSTON WILLIAM P HOBBY AIRPORT, TX US","2018-11-10","11.41",,"51","53","47","   40"
"USW00012918","HOUSTON WILLIAM P HOBBY AIRPORT, TX US","2018-11-11","10.07",,"52","58","48","   70"
"USW00012918","HOUSTON WILLIAM P HOBBY AIRPORT, TX US","2018-11-12","14.76",,"54","57","44","  340"
"USW00012918","HOUSTON WILLIAM P HOBBY AIRPORT, TX US","2018-11-13","16.78",,"42","44","35","  360"
"USW00012918","HOUSTON WILLIAM P HOBBY AIRPORT, TX US","2018-11-14","8.50",,"40","53","33","  320"
"USW00012918","HOUSTON WILLIAM P HOBBY AIRPORT, TX US","2018-11-15","2.91",,"44","60","32","  180"
"USW00012918","HOUSTON WILLIAM P HOBBY AIRPORT, TX US","2018-11-16","3.80",,"52","69","39","  130"
"USW00012918","HOUSTON WILLIAM P HOBBY AIRPORT, TX US","2018-11-17","6.26",,"59","73","48","  100"
"USW00012918","HOUSTON WILLIAM P HOBBY AIRPORT, TX US","2018-11-18","7.61",,"61","67","51","  350"
"USW00012918","HOUSTON WILLIAM P HOBBY AIRPORT, TX US","2018-11-19","11.41",,"51","52","47","   10"
"USW00012918","HOUSTON WILLIAM P HOBBY AIRPORT, TX US","2018-11-20","11.18",,"53","63","47","   40"
"USW00012918","HOUSTON WILLIAM P HOBBY AIRPORT, TX US","2018-11-21","5.82",,"51","60","43","   80"
"USW00012918","HOUSTON WILLIAM P HOBBY AIRPORT, TX US","2018-11-22","4.92",,"56","65","51","   60"
"USW00012918","HOUSTON WILLIAM P HOBBY AIRPORT, TX US","2018-11-23","4.92",,"61","77","52","  270"
"USW00012918","HOUSTON WILLIAM P HOBBY AIRPORT, TX US","2018-11-24","3.36",,"62","75","50","  160"
"USW00012918","HOUSTON WILLIAM P HOBBY AIRPORT, TX US","2018-11-25","12.08",,"67","76","53","  330"
"USW00012918","HOUSTON WILLIAM P HOBBY AIRPORT, TX US","2018-11-26","12.97",,"53","59","42","  320"
"USW00012918","HOUSTON WILLIAM P HOBBY AIRPORT, TX US","2018-11-27","4.25",,"49","62","38","  170"
"USW00012918","HOUSTON WILLIAM P HOBBY AIRPORT, TX US","2018-11-28","6.04",,"56","70","45","  190"
"USW00012918","HOUSTON WILLIAM P HOBBY AIRPORT, TX US","2018-11-29","7.38",,"69","76","64","  190"
"USW00012918","HOUSTON WILLIAM P HOBBY AIRPORT, TX US","2018-11-30","9.17",,"71","80","66","  160"
"USW00012918","HOUSTON WILLIAM P HOBBY AIRPORT, TX US","2018-12-01","8.05",,"75","80","55","  260"
"USW00012918","HOUSTON WILLIAM P HOBBY AIRPORT, TX US","2018-12-02","4.92",,"63","79","49","  340"
"USW00012918","HOUSTON WILLIAM P HOBBY AIRPORT, TX US","2018-12-03","13.20",,"60","69","52","   40"
"USW00012918","HOUSTON WILLIAM P HOBBY AIRPORT, TX US","2018-12-04","10.51",,"53","62","45","   20"
"USW00012918","HOUSTON WILLIAM P HOBBY AIRPORT, TX US","2018-12-05","6.04",,"50","59","41","   50"
"USW00012918","HOUSTON WILLIAM P HOBBY AIRPORT, TX US","2018-12-06","6.71",,"56","67","47","  130"
"USW00012918","HOUSTON WILLIAM P HOBBY AIRPORT, TX US","2018-12-07","7.83",,"67","76","57","  310"
"USW00012918","HOUSTON WILLIAM P HOBBY AIRPORT, TX US","2018-12-08","14.76",,"54","59","46","  320"
"USW00012918","HOUSTON WILLIAM P HOBBY AIRPORT, TX US","2018-12-09","12.08",,"46","49","44","  330"
"USW00012918","HOUSTON WILLIAM P HOBBY AIRPORT, TX US","2018-12-10","5.37",,"48","59","40","  300"
"USW00012918","HOUSTON WILLIAM P HOBBY AIRPORT, TX US","2018-12-11","4.70",,"49","63","37","  150"
"USW00012918","HOUSTON WILLIAM P HOBBY AIRPORT, TX US","2018-12-12","8.50",,"60","69","53","  160"
"USW00012918","HOUSTON WILLIAM P HOBBY AIRPORT, TX US","2018-12-13","12.30",,"67","74","49","  260"
"USW00012918","HOUSTON WILLIAM P HOBBY AIRPORT, TX US","2018-12-14","17.22",,"51","51","45","  280"
"USW00012918","HOUSTON WILLIAM P HOBBY AIRPORT, TX US","2018-12-15","10.51",,"54","65","48","   10"
"USW00012918","HOUSTON WILLIAM P HOBBY AIRPORT, TX US","2018-12-16","2.91",,"54","66","41","  210"
"USW00012918","HOUSTON WILLIAM P HOBBY AIRPORT, TX US","2018-12-17","2.91",,"58","70","49","   90"
"USW00012918","HOUSTON WILLIAM P HOBBY AIRPORT, TX US","2018-12-18","5.14",,"54","63","46","   90"
"USW00012918","HOUSTON WILLIAM P HOBBY AIRPORT, TX US","2018-12-19","5.59",,"58","61","52","  340"
"USW00012918","HOUSTON WILLIAM P HOBBY AIRPORT, TX US","2018-12-20","17.22",,"57","64","51","  330"
"USW00012918","HOUSTON WILLIAM P HOBBY AIRPORT, TX US","2018-12-21","9.62",,"55","64","45","  310"
"USW00012918","HOUSTON WILLIAM P HOBBY AIRPORT, TX US","2018-12-22","10.07",,"58","76","47","  220"
"USW00012918","HOUSTON WILLIAM P HOBBY AIRPORT, TX US","2018-12-23","8.50",,"62","72","53","   10"
"USW00012918","HOUSTON WILLIAM P HOBBY AIRPORT, TX US","2018-12-24","8.05",,"56","63","48","   80"
"USW00012918","HOUSTON WILLIAM P HOBBY AIRPORT, TX US","2018-12-25","7.38",,"62","70","56","  100"
"USW00012918","HOUSTON WILLIAM P HOBBY AIRPORT, TX US","2018-12-26","14.09",,"64","71","62","  150"
"USW00012918","HOUSTON WILLIAM P HOBBY AIRPORT, TX US","2018-12-27","7.61",,"66","72","54","  160"
"USW00012918","HOUSTON WILLIAM P HOBBY AIRPORT, TX US","2018-12-28","12.08",,"55","61","48","   40"
"USW00012918","HOUSTON WILLIAM P HOBBY AIRPORT, TX US","2018-12-29","13.87",,"53","55","48","   40"
"USW00012918","HOUSTON WILLIAM P HOBBY AIRPORT, TX US","2018-12-30","7.16",,"48","50","46","  360"
"USW00012918","HOUSTON WILLIAM P HOBBY AIRPORT, TX US","2018-12-31","4.92",,"51","57","47","  290"
"USW00012918","HOUSTON WILLIAM P HOBBY AIRPORT, TX US","2019-01-01","8.28",,"53","65","43","   40"
"USW00012918","HOUSTON WILLIAM P HOBBY AIRPORT, TX US","2019-01-02","12.08",,"54","58","51","   80"
"USW00012918","HOUSTON WILLIAM P HOBBY AIRPORT, TX US","2019-01-03","10.51",,"52","57","39","  290"
"USW00012918","HOUSTON WILLIAM P HOBBY AIRPORT, TX US","2019-01-04","6.71",,"46","62","37","  300"
"USW00012918","HOUSTON WILLIAM P HOBBY AIRPORT, TX US","2019-01-05","3.58",,"53","71","39","  160"
"USW00012918","HOUSTON WILLIAM P HOBBY AIRPORT, TX US","2019-01-06","7.16",,"59","73","48","  170"
"USW00012918","HOUSTON WILLIAM P HOBBY AIRPORT, TX US","2019-01-07","7.61",,"65","75","59","  190"
"USW00012918","HOUSTON WILLIAM P HOBBY AIRPORT, TX US","2019-01-08","4.92",,"66","78","57","  280"
"USW00012918","HOUSTON WILLIAM P HOBBY AIRPORT, TX US","2019-01-09","12.30",,"62","64","48","   50"
"USW00012918","HOUSTON WILLIAM P HOBBY AIRPORT, TX US","2019-01-10","4.92",,"53","62","44","  100"
"USW00012918","HOUSTON WILLIAM P HOBBY AIRPORT, TX US","2019-01-11","7.16",,"55","68","46","  140"
"USW00012918","HOUSTON WILLIAM P HOBBY AIRPORT, TX US","2019-01-12","12.30",,"63","67","48","  310"
"USW00012918","HOUSTON WILLIAM P HOBBY AIRPORT, TX US","2019-01-13","9.84",,"50","59","41","   10"
"USW00012918","HOUSTON WILLIAM P HOBBY AIRPORT, TX US","2019-01-14","7.61",,"47","56","39","   30"
"USW00012918","HOUSTON WILLIAM P HOBBY AIRPORT, TX US","2019-01-15","4.70",,"49","54","45","   60"
"USW00012918","HOUSTON WILLIAM P HOBBY AIRPORT, TX US","2019-01-16","6.93",,"55","62","51","  120"
"USW00012918","HOUSTON WILLIAM P HOBBY AIRPORT, TX US","2019-01-17","8.50",,"63","69","56","  240"
"USW00012918","HOUSTON WILLIAM P HOBBY AIRPORT, TX US","2019-01-18","8.95",,"62","71","55","  180"
"USW00012918","HOUSTON WILLIAM P HOBBY AIRPORT, TX US","2019-01-19","20.80",,"60","71","40","  300"
"USW00012918","HOUSTON WILLIAM P HOBBY AIRPORT, TX US","2019-01-20","8.72",,"42","53","33","   70"
"USW00012918","HOUSTON WILLIAM P HOBBY AIRPORT, TX US","2019-01-21","7.38",,"48","64","37","  170"
"USW00012918","HOUSTON WILLIAM P HOBBY AIRPORT, TX US","2019-01-22","12.30",,"65","74","60","  150"
"USW00012918","HOUSTON WILLIAM P HOBBY AIRPORT, TX US","2019-01-23","14.32",,"50","67","38","  330"
"USW00012918","HOUSTON WILLIAM P HOBBY AIRPORT, TX US","2019-01-24","3.80",,"44","58","32","   90"
"USW00012918","HOUSTON WILLIAM P HOBBY AIRPORT, TX US","2019-01-25","4.92",,"48","60","39","  100"
"USW00012918","HOUSTON WILLIAM P HOBBY AIRPORT, TX US","2019-01-26","5.37",,"53","64","44","   90"
"USW00012918","HOUSTON WILLIAM P HOBBY AIRPORT, TX US","2019-01-27","5.37",,"57","66","49","  360"
"USW00012918","HOUSTON WILLIAM P HOBBY AIRPORT, TX US","2019-01-28","9.40",,"57","72","47","  340"
"USW00012918","HOUSTON WILLIAM P HOBBY AIRPORT, TX US","2019-01-29","14.76",,"49","52","38","  340"
"USW00012918","HOUSTON WILLIAM P HOBBY AIRPORT, TX US","2019-01-30","7.61",,"47","52","42","   60"
"USW00012918","HOUSTON WILLIAM P HOBBY AIRPORT, TX US","2019-01-31","9.62",,"53","58","49","  110"
"USW00012918","HOUSTON WILLIAM P HOBBY AIRPORT, TX US","2019-02-01","7.38",,"59","65","57","  120"
"USW00012918","HOUSTON WILLIAM P HOBBY AIRPORT, TX US","2019-02-02","7.38",,"60","63","58","  100"
"USW00012918","HOUSTON WILLIAM P HOBBY AIRPORT, TX US","2019-02-03","6.26",,"62","71","59","  160"
"USW00012918","HOUSTON WILLIAM P HOBBY AIRPORT, TX US","2019-02-04","5.37",,"69","77","66","  220"
"USW00012918","HOUSTON WILLIAM P HOBBY AIRPORT, TX US","2019-02-05","6.93",,"70","77","67","  180"
"USW00012918","HOUSTON WILLIAM P HOBBY AIRPORT, TX US","2019-02-06","11.18",,"73","80","69","  190"
"USW00012918","HOUSTON WILLIAM P HOBBY AIRPORT, TX US","2019-02-07","14.76",,"69","76","47","  330"
"USW00012918","HOUSTON WILLIAM P HOBBY AIRPORT, TX US","2019-02-08","17.00",,"44","47","38","  350"
"USW00012918","HOUSTON WILLIAM P HOBBY AIRPORT, TX US","2019-02-09","10.51",,"41","46","38","   10"
"USW00012918","HOUSTON WILLIAM P HOBBY AIRPORT, TX US","2019-02-10","8.50",,"53","66","46","  100"
"USW00012918","HOUSTON WILLIAM P HOBBY AIRPORT, TX US","2019-02-11","9.17",,"66","74","61","  170"
"USW00012918","HOUSTON WILLIAM P HOBBY AIRPORT, TX US","2019-02-12","12.97",,"65","67","49","  280"
"USW00012918","HOUSTON WILLIAM P HOBBY AIRPORT, TX US","2019-02-13","6.04",,"53","64","41","  140"
"USW00012918","HOUSTON WILLIAM P HOBBY AIRPORT, TX US","2019-02-14","9.40",,"60","76","51","  190"
"USW00012918","HOUSTON WILLIAM P HOBBY AIRPORT, TX US","2019-02-15","10.29",,"66","76","58","  190"
"USW00012918","HOUSTON WILLIAM P HOBBY AIRPORT, TX US","2019-02-16","4.92",,"68","70","61","   10"
"USW00012918","HOUSTON WILLIAM P HOBBY AIRPORT, TX US","2019-02-17","12.75",,"65","71","50","   10"
"USW00012918","HOUSTON WILLIAM P HOBBY AIRPORT, TX US","2019-02-18","16.11",,"55","66","47","   30"
"USW00012918","HOUSTON WILLIAM P HOBBY AIRPORT, TX US","2019-02-19","11.18",,"51","53","47","   50"
"USW00012918","HOUSTON WILLIAM P HOBBY AIRPORT, TX US","2019-02-20","10.07",,"52","66","46","  310"
"USW00012918","HOUSTON WILLIAM P HOBBY AIRPORT, TX US","2019-02-21","9.84",,"55","57","51","   70"
"USW00012918","HOUSTON WILLIAM P HOBBY AIRPORT, TX US","2019-02-22","6.93",,"57","74","51","   10"
"USW00012918","HOUSTON WILLIAM P HOBBY AIRPORT, TX US","2019-02-23","9.40",,"72","78","57","  280"
"USW00012918","HOUSTON WILLIAM P HOBBY AIRPORT, TX US","2019-02-24","10.51",,"60","68","50","  350"
"USW00012918","HOUSTON WILLIAM P HOBBY AIRPORT, TX US","2019-02-25","10.51",,"55","60","51","  110"
"USW00012918","HOUSTON WILLIAM P HOBBY AIRPORT, TX US","2019-02-26","9.62",,"58","63","55","  110"
"USW00012918","HOUSTON WILLIAM P HOBBY AIRPORT, TX US","2019-02-27","4.47",,"64","73","62","  110"
"USW00012918","HOUSTON WILLIAM P HOBBY AIRPORT, TX US","2019-02-28","8.72",,"60","67","47","  330"
"USW00012918","HOUSTON WILLIAM P HOBBY AIRPORT, TX US","2019-03-01","5.37",,"53","66","47","  360"
"USW00012918","HOUSTON WILLIAM P HOBBY AIRPORT, TX US","2019-03-02","7.16",,"64","73","58","   90"
"USW00012918","HOUSTON WILLIAM P HOBBY AIRPORT, TX US","2019-03-03","12.30",,"62","66","45","  350"
"USW00012918","HOUSTON WILLIAM P HOBBY AIRPORT, TX US","2019-03-04","16.11",,"42","45","36","  350"
"USW00012918","HOUSTON WILLIAM P HOBBY AIRPORT, TX US","2019-03-05","11.63",,"38","51","31","   10"
"USW00012918","HOUSTON WILLIAM P HOBBY AIRPORT, TX US","2019-03-06","8.05",,"46","57","36","  100"
"USW00012918","HOUSTON WILLIAM P HOBBY AIRPORT, TX US","2019-03-07","6.93",,"60","69","55","  160"
"USW00012918","HOUSTON WILLIAM P HOBBY AIRPORT, TX US","2019-03-08","11.18",,"71","80","68","  200"
"USW00012918","HOUSTON WILLIAM P HOBBY AIRPORT, TX US","2019-03-09","10.51",,"74","82","69","  200"
"USW00012918","HOUSTON WILLIAM P HOBBY AIRPORT, TX US","2019-03-10","6.04",,"72","78","69","  120"
"USW00012918","HOUSTON WILLIAM P HOBBY AIRPORT, TX US","2019-03-11","8.72",,"74","82","62","  120"
"USW00012918","HOUSTON WILLIAM P HOBBY AIRPORT, TX US","2019-03-12","14.32",,"69","71","66","  130"
"USW00012918","HOUSTON WILLIAM P HOBBY AIRPORT, TX US","2019-03-13","14.99",,"71","76","70","  150"
"USW00012918","HOUSTON WILLIAM P HOBBY AIRPORT, TX US","2019-03-14","12.30",,"73","78","62","   10"
"USW00012918","HOUSTON WILLIAM P HOBBY AIRPORT, TX US","2019-03-15","13.42",,"60","63","53","   10"
"USW00012918","HOUSTON WILLIAM P HOBBY AIRPORT, TX US","2019-03-16","7.83",,"57","61","53","   40"
"USW00012918","HOUSTON WILLIAM P HOBBY AIRPORT, TX US","2019-03-17","6.04",,"57","64","51","   50"
"USW00012918","HOUSTON WILLIAM P HOBBY AIRPORT, TX US","2019-03-18","7.61",,"57","69","48","  100"
"USW00012918","HOUSTON WILLIAM P HOBBY AIRPORT, TX US","2019-03-19","8.05",,"62","72","55","  110"
"USW00012918","HOUSTON WILLIAM P HOBBY AIRPORT, TX US","2019-03-20","4.25",,"62","76","50","  170"
"USW00012918","HOUSTON WILLIAM P HOBBY AIRPORT, TX US","2019-03-21","5.59",,"65","77","55","  320"
"USW00012918","HOUSTON WILLIAM P HOBBY AIRPORT, TX US","2019-03-22","6.49",,"65","80","53","  170"
"USW00012918","HOUSTON WILLIAM P HOBBY AIRPORT, TX US","2019-03-23","9.84",,"66","73","57","  120"
"USW00012918","HOUSTON WILLIAM P HOBBY AIRPORT, TX US","2019-03-24","8.72",,"68","78","59","  140"
"USW00012918","HOUSTON WILLIAM P HOBBY AIRPORT, TX US","2019-03-25","6.71",,"73","85","66","  350"
"USW00012918","HOUSTON WILLIAM P HOBBY AIRPORT, TX US","2019-03-26","9.62",,"69","79","59","   40"
"USW00012918","HOUSTON WILLIAM P HOBBY AIRPORT, TX US","2019-03-27","8.28",,"66","73","57","  100"
"USW00012918","HOUSTON WILLIAM P HOBBY AIRPORT, TX US","2019-03-28","9.62",,"64","77","55","  170"
"USW00012918","HOUSTON WILLIAM P HOBBY AIRPORT, TX US","2019-03-29","10.74",,"69","79","62","  170"
"USW00012918","HOUSTON WILLIAM P HOBBY AIRPORT, TX US","2019-03-30","12.08",,"69","77","52","  360"
"USW00012918","HOUSTON WILLIAM P HOBBY AIRPORT, TX US","2019-03-31","14.32",,"53","56","46","   10"
"USW00012918","HOUSTON WILLIAM P HOBBY AIRPORT, TX US","2019-04-01","6.93",,"50","57","42","   50"
"USW00012918","HOUSTON WILLIAM P HOBBY AIRPORT, TX US","2019-04-02","5.14",,"55","71","40","  170"
"USW00012918","HOUSTON WILLIAM P HOBBY AIRPORT, TX US","2019-04-03","11.41",,"61","71","52","  110"
"USW00012918","HOUSTON WILLIAM P HOBBY AIRPORT, TX US","2019-04-04","10.29",,"72","83","66","  230"
"USW00012918","HOUSTON WILLIAM P HOBBY AIRPORT, TX US","2019-04-05","8.50",,"73","80","69","  110"
"USW00012918","HOUSTON WILLIAM P HOBBY AIRPORT, TX US","2019-04-06","10.96",,"74","83","69","  150"
"USW00012918","HOUSTON WILLIAM P HOBBY AIRPORT, TX US","2019-04-07","10.51",,"72","74","64","  220"
"USW00012918","HOUSTON WILLIAM P HOBBY AIRPORT, TX US","2019-04-08","11.63",,"70","83","62","  320"
"USW00012918","HOUSTON WILLIAM P HOBBY AIRPORT, TX US","2019-04-09","5.14",,"75","90","62","  270"
"USW00012918","HOUSTON WILLIAM P HOBBY AIRPORT, TX US","2019-04-10","13.65",,"76","88","64","  180"
"USW00012918","HOUSTON WILLIAM P HOBBY AIRPORT, TX US","2019-04-11","10.51",,"73","81","67","  170"
"USW00012918","HOUSTON WILLIAM P HOBBY AIRPORT, TX US","2019-04-12","14.54",,"69","79","63","  130"
"USW00012918","HOUSTON WILLIAM P HOBBY AIRPORT, TX US","2019-04-13","14.99",,"75","85","52","  290"
"USW00012918","HOUSTON WILLIAM P HOBBY AIRPORT, TX US","2019-04-14","12.30",,"60","73","48","  300"
"USW00012918","HOUSTON WILLIAM P HOBBY AIRPORT, TX US","2019-04-15","8.72",,"65","78","51","  140"
"USW00012918","HOUSTON WILLIAM P HOBBY AIRPORT, TX US","2019-04-16","12.30",,"69","79","60","  160"
"USW00012918","HOUSTON WILLIAM P HOBBY AIRPORT, TX US","2019-04-17","13.65",,"73","79","70","  150"
"USW00012918","HOUSTON WILLIAM P HOBBY AIRPORT, TX US","2019-04-18","13.87",,"71","77","62","  330"
"USW00012918","HOUSTON WILLIAM P HOBBY AIRPORT, TX US","2019-04-19","13.87",,"66","74","55","  310"
"USW00012918","HOUSTON WILLIAM P HOBBY AIRPORT, TX US","2019-04-20","4.03",,"65","78","50","  190"
"USW00012918","HOUSTON WILLIAM P HOBBY AIRPORT, TX US","2019-04-21","10.96",,"69","80","57","  140"
"USW00012918","HOUSTON WILLIAM P HOBBY AIRPORT, TX US","2019-04-22","10.96",,"71","80","63","  170"
"USW00012918","HOUSTON WILLIAM P HOBBY AIRPORT, TX US","2019-04-23","11.41",,"72","78","70","  180"
"USW00012918","HOUSTON WILLIAM P HOBBY AIRPORT, TX US","2019-04-24","11.63",,"73","80","70","  160"
"USW00012918","HOUSTON WILLIAM P HOBBY AIRPORT, TX US","2019-04-25","9.84",,"74","85","64","  320"
"USW00012918","HOUSTON WILLIAM P HOBBY AIRPORT, TX US","2019-04-26","5.82",,"76","87","62","  190"
"USW00012918","HOUSTON WILLIAM P HOBBY AIRPORT, TX US","2019-04-27","9.62",,"74","83","64","  160"
"USW00012918","HOUSTON WILLIAM P HOBBY AIRPORT, TX US","2019-04-28","8.72",,"73","82","64","  170"
"USW00012918","HOUSTON WILLIAM P HOBBY AIRPORT, TX US","2019-04-29","14.32",,"77","86","70","  170"
"USW00012918","HOUSTON WILLIAM P HOBBY AIRPORT, TX US","2019-04-30","16.55",,"80","86","76","  140"
"USW00012918","HOUSTON WILLIAM P HOBBY AIRPORT, TX US","2019-05-01","14.32",,"78","84","75","  150"
"USW00012918","HOUSTON WILLIAM P HOBBY AIRPORT, TX US","2019-05-02","12.30",,"79","86","73","  140"
"USW00012918","HOUSTON WILLIAM P HOBBY AIRPORT, TX US","2019-05-03","9.62",,"76","80","73","  150"
"USW00012918","HOUSTON WILLIAM P HOBBY AIRPORT, TX US","2019-05-04","7.38",,"76","86","66","  290"
"USW00012918","HOUSTON WILLIAM P HOBBY AIRPORT, TX US","2019-05-05","8.05",,"77","84","68","  110"
"USW00012918","HOUSTON WILLIAM P HOBBY AIRPORT, TX US","2019-05-06","8.05",,"75","84","65","  120"
"USW00012918","HOUSTON WILLIAM P HOBBY AIRPORT, TX US","2019-05-07","11.63",,"76","81","67","  120"
"USW00012918","HOUSTON WILLIAM P HOBBY AIRPORT, TX US","2019-05-08","13.42",,"75","84","72","  150"
"USW00012918","HOUSTON WILLIAM P HOBBY AIRPORT, TX US","2019-05-09","9.84",,"81","90","68","   20"
"USW00012918","HOUSTON WILLIAM P HOBBY AIRPORT, TX US","2019-05-10","9.17",,"72","78","68","   90"
"USW00012918","HOUSTON WILLIAM P HOBBY AIRPORT, TX US","2019-05-11","5.82",,"72","75","68","   10"
"USW00012918","HOUSTON WILLIAM P HOBBY AIRPORT, TX US","2019-05-12","8.05",,"71","79","65","   10"
"USW00012918","HOUSTON WILLIAM P HOBBY AIRPORT, TX US","2019-05-13","6.93",,"73","83","62","   70"
"USW00012918","HOUSTON WILLIAM P HOBBY AIRPORT, TX US","2019-05-14","7.61",,"76","86","67","  120"
"USW00012918","HOUSTON WILLIAM P HOBBY AIRPORT, TX US","2019-05-15","7.38",,"77","85","68","  110"
"USW00012918","HOUSTON WILLIAM P HOBBY AIRPORT, TX US","2019-05-16","7.83",,"77","86","68","  120"
"USW00012918","HOUSTON WILLIAM P HOBBY AIRPORT, TX US","2019-05-17","12.53",,"78","87","69","  150"
"USW00012918","HOUSTON WILLIAM P HOBBY AIRPORT, TX US","2019-05-18","14.76",,"80","86","77","  150"
"USW00012918","HOUSTON WILLIAM P HOBBY AIRPORT, TX US","2019-05-19","11.41",,"83","91","79","  200"
"USW00012918","HOUSTON WILLIAM P HOBBY AIRPORT, TX US","2019-05-20","16.11",,"82","89","78","  160"
"USW00012918","HOUSTON WILLIAM P HOBBY AIRPORT, TX US","2019-05-21","16.78",,"83","90","78","  150"
"USW00012918","HOUSTON WILLIAM P HOBBY AIRPORT, TX US","2019-05-22","15.66",,"83","88","79","  160"
"USW00012918","HOUSTON WILLIAM P HOBBY AIRPORT, TX US","2019-05-23","14.54",,"82","86","79","  140"
"USW00012918","HOUSTON WILLIAM P HOBBY AIRPORT, TX US","2019-05-24","12.97",,"82","90","76","  150"
"USW00012918","HOUSTON WILLIAM P HOBBY AIRPORT, TX US","2019-05-25","11.86",,"82","90","75","  170"
"USW00012918","HOUSTON WILLIAM P HOBBY AIRPORT, TX US","2019-05-26","10.29",,"82","90","74","  100"
"USW00012918","HOUSTON WILLIAM P HOBBY AIRPORT, TX US","2019-05-27","10.74",,"81","90","74","  190"
"USW00012918","HOUSTON WILLIAM P HOBBY AIRPORT, TX US","2019-05-28","14.99",,"83","91","77","  190"
"USW00012918","HOUSTON WILLIAM P HOBBY AIRPORT, TX US","2019-05-29","13.20",,"83","88","79","  150"
"USW00012918","HOUSTON WILLIAM P HOBBY AIRPORT, TX US","2019-05-30","6.49",,"81","92","77","  320"
"USW00012918","HOUSTON WILLIAM P HOBBY AIRPORT, TX US","2019-05-31","5.14",,"82","91","75","   20"
"USW00012918","HOUSTON WILLIAM P HOBBY AIRPORT, TX US","2019-06-01","4.03",,"81","92","73","  160"
"USW00012918","HOUSTON WILLIAM P HOBBY AIRPORT, TX US","2019-06-02","5.14",,"84","93","76","  180"
"USW00012918","HOUSTON WILLIAM P HOBBY AIRPORT, TX US","2019-06-03","5.14",,"84","93","77","  180"
"USW00012918","HOUSTON WILLIAM P HOBBY AIRPORT, TX US","2019-06-04","7.83",,"83","92","75","  140"
"USW00012918","HOUSTON WILLIAM P HOBBY AIRPORT, TX US","2019-06-05","10.29",,"77","81","75","  120"
"USW00012918","HOUSTON WILLIAM P HOBBY AIRPORT, TX US","2019-06-06","6.71",,"82","94","74","  210"
"USW00012918","HOUSTON WILLIAM P HOBBY AIRPORT, TX US","2019-06-07","8.72",,"82","94","73","  240"
"USW00012918","HOUSTON WILLIAM P HOBBY AIRPORT, TX US","2019-06-08","6.49",,"85","95","74","  330"
"USW00012918","HOUSTON WILLIAM P HOBBY AIRPORT, TX US","2019-06-09","4.70",,"88","97","79","   50"
"USW00012918","HOUSTON WILLIAM P HOBBY AIRPORT, TX US","2019-06-10","11.86",,"86","93","79","   10"
"USW00012918","HOUSTON WILLIAM P HOBBY AIRPORT, TX US","2019-06-11","9.40",,"82","90","76","   40"
"USW00012918","HOUSTON WILLIAM P HOBBY AIRPORT, TX US","2019-06-12","4.70",,"82","92","74","  350"
"USW00012918","HOUSTON WILLIAM P HOBBY AIRPORT, TX US","2019-06-13","4.92",,"83","93","74","   10"
"USW00012918","HOUSTON WILLIAM P HOBBY AIRPORT, TX US","2019-06-14","8.50",,"84","91","76","  180"
"USW00012918","HOUSTON WILLIAM P HOBBY AIRPORT, TX US","2019-06-15","12.75",,"84","93","78","  180"
"USW00012918","HOUSTON WILLIAM P HOBBY AIRPORT, TX US","2019-06-16","12.08",,"84","90","68","  350"
"USW00012918","HOUSTON WILLIAM P HOBBY AIRPORT, TX US","2019-06-17","5.82",,"76","89","69","  260"
"USW00012918","HOUSTON WILLIAM P HOBBY AIRPORT, TX US","2019-06-18","6.04",,"83","93","75","  220"
"USW00012918","HOUSTON WILLIAM P HOBBY AIRPORT, TX US","2019-06-19","10.29",,"85","94","77","  180"
"USW00012918","HOUSTON WILLIAM P HOBBY AIRPORT, TX US","2019-06-20","10.96",,"86","93","79","  180"
"USW00012918","HOUSTON WILLIAM P HOBBY AIRPORT, TX US","2019-06-21","12.97",,"86","93","82","  170"
"USW00012918","HOUSTON WILLIAM P HOBBY AIRPORT, TX US","2019-06-22","13.87",,"86","93","81","  180"
"USW00012918","HOUSTON WILLIAM P HOBBY AIRPORT, TX US","2019-06-23","14.54",,"87","93","83","  160"
"USW00012918","HOUSTON WILLIAM P HOBBY AIRPORT, TX US","2019-06-24","12.30",,"80","86","69","   40"
"USW00012918","HOUSTON WILLIAM P HOBBY AIRPORT, TX US","2019-06-25","8.05",,"77","80","72","  200"
"USW00012918","HOUSTON WILLIAM P HOBBY AIRPORT, TX US","2019-06-26","8.95",,"81","91","74","  140"
"USW00012918","HOUSTON WILLIAM P HOBBY AIRPORT, TX US","2019-06-27","5.14",,"84","91","78","  100"
"USW00012918","HOUSTON WILLIAM P HOBBY AIRPORT, TX US","2019-06-28","3.13",,"83","94","76","  120"
"USW00012918","HOUSTON WILLIAM P HOBBY AIRPORT, TX US","2019-06-29","5.82",,"78","89","71","   50"
"USW00012918","HOUSTON WILLIAM P HOBBY AIRPORT, TX US","2019-06-30","6.26",,"78","87","72","  160"
"USW00012918","HOUSTON WILLIAM P HOBBY AIRPORT, TX US","2019-07-01","6.49",,"83","93","75","  160"
"USW00012918","HOUSTON WILLIAM P HOBBY AIRPORT, TX US","2019-07-02","5.82",,"82","91","76","  140"
"USW00012918","HOUSTON WILLIAM P HOBBY AIRPORT, TX US","2019-07-03","6.71",,"80","88","75","  160"
"USW00012918","HOUSTON WILLIAM P HOBBY AIRPORT, TX US","2019-07-04","10.07",,"85","91","80","  170"
"USW00012918","HOUSTON WILLIAM P HOBBY AIRPORT, TX US","2019-07-05","7.61",,"85","94","78","  180"
"USW00012918","HOUSTON WILLIAM P HOBBY AIRPORT, TX US","2019-07-06","5.14",,"85","95","76","  160"
"USW00012918","HOUSTON WILLIAM P HOBBY AIRPORT, TX US","2019-07-07","6.26",,"85","96","77","  130"
"USW00012918","HOUSTON WILLIAM P HOBBY AIRPORT, TX US","2019-07-08","7.38",,"86","96","79","  200"
"USW00012918","HOUSTON WILLIAM P HOBBY AIRPORT, TX US","2019-07-09","8.28",,"87","96","79","  190"
"USW00012918","HOUSTON WILLIAM P HOBBY AIRPORT, TX US","2019-07-10","5.82",,"86","97","79","  140"
"USW00012918","HOUSTON WILLIAM P HOBBY AIRPORT, TX US","2019-07-11","8.50",,"88","97","79","  360"
"USW00012918","HOUSTON WILLIAM P HOBBY AIRPORT, TX US","2019-07-12","12.97",,"90","98","83","   20"
"USW00012918","HOUSTON WILLIAM P HOBBY AIRPORT, TX US","2019-07-13","12.08",,"87","93","78","  350"
"USW00012918","HOUSTON WILLIAM P HOBBY AIRPORT, TX US","2019-07-14","7.38",,"84","92","78","  170"
"USW00012918","HOUSTON WILLIAM P HOBBY AIRPORT, TX US","2019-07-15","10.51",,"85","94","81","  160"
"USW00012918","HOUSTON WILLIAM P HOBBY AIRPORT, TX US","2019-07-16","9.62",,"86","94","81","  170"
"USW00012918","HOUSTON WILLIAM P HOBBY AIRPORT, TX US","2019-07-17","10.07",,"86","95","80","  140"
"USW00012918","HOUSTON WILLIAM P HOBBY AIRPORT, TX US","2019-07-18","9.84",,"86","94","79","  170"
"USW00012918","HOUSTON WILLIAM P HOBBY AIRPORT, TX US","2019-07-19","9.40",,"86","95","79","  150"
"USW00012918","HOUSTON WILLIAM P HOBBY AIRPORT, TX US","2019-07-20","8.50",,"86","95","79","  170"
"USW00012918","HOUSTON WILLIAM P HOBBY AIRPORT, TX US","2019-07-21","6.49",,"85","94","80","   80"
"USW00012918","HOUSTON WILLIAM P HOBBY AIRPORT, TX US","2019-07-22","4.70",,"84","90","80","  200"
"USW00012918","HOUSTON WILLIAM P HOBBY AIRPORT, TX US","2019-07-23","10.96",,"82","89","79","   20"
"USW00012918","HOUSTON WILLIAM P HOBBY AIRPORT, TX US","2019-07-24","10.96",,"81","90","72","   20"
"USW00012918","HOUSTON WILLIAM P HOBBY AIRPORT, TX US","2019-07-25","6.71",,"82","91","70","   40"
"USW00012918","HOUSTON WILLIAM P HOBBY AIRPORT, TX US","2019-07-26","8.95",,"83","94","72","  120"
"USW00012918","HOUSTON WILLIAM P HOBBY AIRPORT, TX US","2019-07-27","8.72",,"85","95","79","  130"
"USW00012918","HOUSTON WILLIAM P HOBBY AIRPORT, TX US","2019-07-28","8.50",,"83","90","78","  190"
"USW00012918","HOUSTON WILLIAM P HOBBY AIRPORT, TX US","2019-07-29","8.95",,"85","95","78","  230"
"USW00012918","HOUSTON WILLIAM P HOBBY AIRPORT, TX US","2019-07-30","8.05",,"85","98","75","  130"
"USW00012918","HOUSTON WILLIAM P HOBBY AIRPORT, TX US","2019-07-31","5.59",,"83","94","77","  130"
"USW00012918","HOUSTON WILLIAM P HOBBY AIRPORT, TX US","2019-08-01","4.92",,"85","94","78","  130"
"USW00012918","HOUSTON WILLIAM P HOBBY AIRPORT, TX US","2019-08-02","4.25",,"85","96","78","  160"
"USW00012918","HOUSTON WILLIAM P HOBBY AIRPORT, TX US","2019-08-03","4.92",,"85","94","78","  110"
"USW00012918","HOUSTON WILLIAM P HOBBY AIRPORT, TX US","2019-08-04","4.25",,"84","91","77","  190"
"USW00012918","HOUSTON WILLIAM P HOBBY AIRPORT, TX US","2019-08-05","6.04",,"84","93","78","  170"
"USW00012918","HOUSTON WILLIAM P HOBBY AIRPORT, TX US","2019-08-06","5.82",,"86","95","78","  210"
"USW00012918","HOUSTON WILLIAM P HOBBY AIRPORT, TX US","2019-08-07","8.50",,"87","97","80","  200"
"USW00012918","HOUSTON WILLIAM P HOBBY AIRPORT, TX US","2019-08-08","10.07",,"88","99","80","  210"
"USW00012918","HOUSTON WILLIAM P HOBBY AIRPORT, TX US","2019-08-09","9.62",,"88","98","81","  180"
"USW00012918","HOUSTON WILLIAM P HOBBY AIRPORT, TX US","2019-08-10","7.61",,"87","98","79","  190"
"USW00012918","HOUSTON WILLIAM P HOBBY AIRPORT, TX US","2019-08-11","8.50",,"88","100","79","  170"
"USW00012918","HOUSTON WILLIAM P HOBBY AIRPORT, TX US","2019-08-12","7.61",,"88","100","80","  200"
"USW00012918","HOUSTON WILLIAM P HOBBY AIRPORT, TX US","2019-08-13","6.26",,"88","100","80","  150"
"USW00012918","HOUSTON WILLIAM P HOBBY AIRPORT, TX US","2019-08-14","6.49",,"89","100","76","   50"
"USW00012918","HOUSTON WILLIAM P HOBBY AIRPORT, TX US","2019-08-15","5.14",,"84","97","77","  120"
"USW00012918","HOUSTON WILLIAM P HOBBY AIRPORT, TX US","2019-08-16","6.49",,"87","95","81","  130"
"USW00012918","HOUSTON WILLIAM P HOBBY AIRPORT, TX US","2019-08-17","7.61",,"86","95","80","  180"
"USW00012918","HOUSTON WILLIAM P HOBBY AIRPORT, TX US","2019-08-18","9.17",,"86","93","81","  210"
"USW00012918","HOUSTON WILLIAM P HOBBY AIRPORT, TX US","2019-08-19","5.82",,"85","97","79","  180"
"USW00012918","HOUSTON WILLIAM P HOBBY AIRPORT, TX US","2019-08-20","5.14",,"84","90","78","  160"
"USW00012918","HOUSTON WILLIAM P HOBBY AIRPORT, TX US","2019-08-21","6.26",,"85","93","79","  170"
"USW00012918","HOUSTON WILLIAM P HOBBY AIRPORT, TX US","2019-08-22","7.83",,"85","94","79","  130"
"USW00012918","HOUSTON WILLIAM P HOBBY AIRPORT, TX US","2019-08-23","6.49",,"83","91","76","   60"
"USW00012918","HOUSTON WILLIAM P HOBBY AIRPORT, TX US","2019-08-24","6.26",,"83","91","77","  160"
"USW00012918","HOUSTON WILLIAM P HOBBY AIRPORT, TX US","2019-08-25","5.82",,"82","92","77","  210"
"USW00012918","HOUSTON WILLIAM P HOBBY AIRPORT, TX US","2019-08-26","9.62",,"85","95","79","  200"
"USW00012918","HOUSTON WILLIAM P HOBBY AIRPORT, TX US","2019-08-27","6.93",,"86","95","80","  140"
"USW00012918","HOUSTON WILLIAM P HOBBY AIRPORT, TX US","2019-08-28","4.25",,"84","93","73","  330"
"USW00012918","HOUSTON WILLIAM P HOBBY AIRPORT, TX US","2019-08-29","4.70",,"82","94","76","  150"
"USW00012918","HOUSTON WILLIAM P HOBBY AIRPORT, TX US","2019-08-30","4.70",,"85","92","79","  130"
"USW00012918","HOUSTON WILLIAM P HOBBY AIRPORT, TX US","2019-08-31","4.92",,"84","92","79","   80"
"USW00012918","HOUSTON WILLIAM P HOBBY AIRPORT, TX US","2019-09-01","6.71",,"86","96","79","   50"
"USW00012918","HOUSTON WILLIAM P HOBBY AIRPORT, TX US","2019-09-02","7.83",,"87","96","79","   80"
"USW00012918","HOUSTON WILLIAM P HOBBY AIRPORT, TX US","2019-09-03","7.83",,"86","95","78","  120"
"USW00012918","HOUSTON WILLIAM P HOBBY AIRPORT, TX US","2019-09-04","9.62",,"88","96","82","  100"
"USW00012918","HOUSTON WILLIAM P HOBBY AIRPORT, TX US","2019-09-05","6.04",,"87","96","77","  140"
"USW00012918","HOUSTON WILLIAM P HOBBY AIRPORT, TX US","2019-09-06","5.37",,"86","97","77","  140"
"USW00012918","HOUSTON WILLIAM P HOBBY AIRPORT, TX US","2019-09-07","5.82",,"85","96","76","  150"
"USW00012918","HOUSTON WILLIAM P HOBBY AIRPORT, TX US","2019-09-08","5.82",,"84","96","74","  160"
"USW00012918","HOUSTON WILLIAM P HOBBY AIRPORT, TX US","2019-09-09","7.61",,"85","94","76","  160"
"USW00012918","HOUSTON WILLIAM P HOBBY AIRPORT, TX US","2019-09-10","7.83",,"86","95","79","  160"
"USW00012918","HOUSTON WILLIAM P HOBBY AIRPORT, TX US","2019-09-11","5.82",,"83","92","77","  180"
"USW00012918","HOUSTON WILLIAM P HOBBY AIRPORT, TX US","2019-09-12","6.71",,"84","93","77","  130"
"USW00012918","HOUSTON WILLIAM P HOBBY AIRPORT, TX US","2019-09-13","5.37",,"85","95","76","  100"
"USW00012918","HOUSTON WILLIAM P HOBBY AIRPORT, TX US","2019-09-14","8.50",,"86","98","75","  100"
"USW00012918","HOUSTON WILLIAM P HOBBY AIRPORT, TX US","2019-09-15","7.61",,"85","95","76","  120"
"USW00012918","HOUSTON WILLIAM P HOBBY AIRPORT, TX US","2019-09-16","10.07",,"83","91","77","   80"
"USW00012918","HOUSTON WILLIAM P HOBBY AIRPORT, TX US","2019-09-17","14.54",,"78","81","75","  140"
"USW00012918","HOUSTON WILLIAM P HOBBY AIRPORT, TX US","2019-09-18","9.17",,"78","87","75","  190"
"USW00012918","HOUSTON WILLIAM P HOBBY AIRPORT, TX US","2019-09-19","10.29",,"78","82","74","   50"
"USW00012918","HOUSTON WILLIAM P HOBBY AIRPORT, TX US","2019-09-20","8.50",,"81","88","77","  160"
"USW00012918","HOUSTON WILLIAM P HOBBY AIRPORT, TX US","2019-09-21","8.50",,"82","90","76","  140"
"USW00012918","HOUSTON WILLIAM P HOBBY AIRPORT, TX US","2019-09-22","8.50",,"83","91","76","  140"
"USW00012918","HOUSTON WILLIAM P HOBBY AIRPORT, TX US","2019-09-23","6.71",,"83","90","78","  130"
"USW00012918","HOUSTON WILLIAM P HOBBY AIRPORT, TX US","2019-09-24","6.93",,"83","90","76","  130"
"USW00012918","HOUSTON WILLIAM P HOBBY AIRPORT, TX US","2019-09-25","6.26",,"81","90","74","  130"
"USW00012918","HOUSTON WILLIAM P HOBBY AIRPORT, TX US","2019-09-26","4.70",,"82","91","74","  110"
"USW00012918","HOUSTON WILLIAM P HOBBY AIRPORT, TX US","2019-09-27","7.38",,"80","86","77","  170"
"USW00012918","HOUSTON WILLIAM P HOBBY AIRPORT, TX US","2019-09-28","9.62",,"83","92","76","  180"
"USW00012918","HOUSTON WILLIAM P HOBBY AIRPORT, TX US","2019-09-29","10.29",,"84","92","78","  100"
"USW00012918","HOUSTON WILLIAM P HOBBY AIRPORT, TX US","2019-09-30","10.51",,"85","93","79","  130"
"USW00012918","HOUSTON WILLIAM P HOBBY AIRPORT, TX US","2019-10-01","8.95",,"83","91","77","  100"
"USW00012918","HOUSTON WILLIAM P HOBBY AIRPORT, TX US","2019-10-02","6.71",,"83","92","76","  130"
"USW00012918","HOUSTON WILLIAM P HOBBY AIRPORT, TX US","2019-10-03","6.71",,"84","94","77","   90"
"USW00012918","HOUSTON WILLIAM P HOBBY AIRPORT, TX US","2019-10-04","5.82",,"84","94","75","  130"
"USW00012918","HOUSTON WILLIAM P HOBBY AIRPORT, TX US","2019-10-05","4.47",,"83","93","74","  120"
"USW00012918","HOUSTON WILLIAM P HOBBY AIRPORT, TX US","2019-10-06","5.59",,"83","91","75","  110"
"USW00012918","HOUSTON WILLIAM P HOBBY AIRPORT, TX US","2019-10-07","10.74",,"81","88","69","   30"
"USW00012918","HOUSTON WILLIAM P HOBBY AIRPORT, TX US","2019-10-08","6.93",,"74","85","67","   40"
"USW00012918","HOUSTON WILLIAM P HOBBY AIRPORT, TX US","2019-10-09","7.38",,"78","89","69","  150"
"USW00012918","HOUSTON WILLIAM P HOBBY AIRPORT, TX US","2019-10-10","10.74",,"82","91","74","  190"
"USW00012918","HOUSTON WILLIAM P HOBBY AIRPORT, TX US","2019-10-11","13.65",,"74","86","54","  360"
"USW00012918","HOUSTON WILLIAM P HOBBY AIRPORT, TX US","2019-10-12","11.86",,"61","73","54","   30"
"USW00012918","HOUSTON WILLIAM P HOBBY AIRPORT, TX US","2019-10-13","5.37",,"68","84","58","  130"
"USW00012918","HOUSTON WILLIAM P HOBBY AIRPORT, TX US","2019-10-14","8.05",,"79","89","74","  160"
"USW00012918","HOUSTON WILLIAM P HOBBY AIRPORT, TX US","2019-10-15","8.50",,"83","92","77","  190"
"USW00012918","HOUSTON WILLIAM P HOBBY AIRPORT, TX US","2019-10-16","10.51",,"74","78","63","   10"
"USW00012918","HOUSTON WILLIAM P HOBBY AIRPORT, TX US","2019-10-17","9.62",,"63","68","58","   40"
"USW00012918","HOUSTON WILLIAM P HOBBY AIRPORT, TX US","2019-10-18","4.47",,"67","82","58","   80"
"USW00012918","HOUSTON WILLIAM P HOBBY AIRPORT, TX US","2019-10-19","6.49",,"76","90","66","  200"
"USW00012918","HOUSTON WILLIAM P HOBBY AIRPORT, TX US","2019-10-20","9.40",,"81","90","75","  160"
"USW00012918","HOUSTON WILLIAM P HOBBY AIRPORT, TX US","2019-10-21","9.40",,"77","81","65","  350"
"USW00012918","HOUSTON WILLIAM P HOBBY AIRPORT, TX US","2019-10-22","8.28",,"69","80","58","   20"
"USW00012918","HOUSTON WILLIAM P HOBBY AIRPORT, TX US","2019-10-23","10.07",,"70","81","60","  150"
"USW00012918","HOUSTON WILLIAM P HOBBY AIRPORT, TX US","2019-10-24","12.30",,"72","81","66","  120"
"USW00012918","HOUSTON WILLIAM P HOBBY AIRPORT, TX US","2019-10-25","17.00",,"61","69","51","  340"
"USW00012918","HOUSTON WILLIAM P HOBBY AIRPORT, TX US","2019-10-26","9.40",,"56","68","51","  310"
"USW00012918","HOUSTON WILLIAM P HOBBY AIRPORT, TX US","2019-10-27","5.59",,"63","77","52","  100"
"USW00012918","HOUSTON WILLIAM P HOBBY AIRPORT, TX US","2019-10-28","10.07",,"67","77","62","  130"
"USW00012918","HOUSTON WILLIAM P HOBBY AIRPORT, TX US","2019-10-29","11.86",,"71","74","68","  120"
"USW00012918","HOUSTON WILLIAM P HOBBY AIRPORT, TX US","2019-10-30","12.30",,"67","72","45","  330"
"USW00012918","HOUSTON WILLIAM P HOBBY AIRPORT, TX US","2019-10-31","17.00",,"48","58","40","  350"
"USW00012918","HOUSTON WILLIAM P HOBBY AIRPORT, TX US","2019-11-01","5.82",,"48","61","38","   80"
"USW00012918","HOUSTON WILLIAM P HOBBY AIRPORT, TX US","2019-11-02","6.71",,"56","67","47","   30"
"USW00012918","HOUSTON WILLIAM P HOBBY AIRPORT, TX US","2019-11-03","5.59",,"56","67","44","  110"
"USW00012918","HOUSTON WILLIAM P HOBBY AIRPORT, TX US","2019-11-04","7.61",,"63","75","55","  120"
"USW00012918","HOUSTON WILLIAM P HOBBY AIRPORT, TX US","2019-11-05","6.71",,"71","81","64","  120"
"USW00012918","HOUSTON WILLIAM P HOBBY AIRPORT, TX US","2019-11-06","8.05",,"70","78","63","  110"
"USW00012918","HOUSTON WILLIAM P HOBBY AIRPORT, TX US","2019-11-07","8.28",,"67","76","53","   10"
"USW00012918","HOUSTON WILLIAM P HOBBY AIRPORT, TX US","2019-11-08","13.20",,"54","54","48","  330"
"USW00012918","HOUSTON WILLIAM P HOBBY AIRPORT, TX US","2019-11-09","5.82",,"53","68","43","   30"
"USW00012918","HOUSTON WILLIAM P HOBBY AIRPORT, TX US","2019-11-10","4.70",,"59","75","47","  150"
"USW00012918","HOUSTON WILLIAM P HOBBY AIRPORT, TX US","2019-11-11","9.62",,"66","76","41","  350"
"USW00012918","HOUSTON WILLIAM P HOBBY AIRPORT, TX US","2019-11-12","17.45",,"42","48","36","  360"
"USW00012918","HOUSTON WILLIAM P HOBBY AIRPORT, TX US","2019-11-13","5.14",,"39","48","32","   50"
"USW00012918","HOUSTON WILLIAM P HOBBY AIRPORT, TX US","2019-11-14","10.96",,"47","49","45","   20"
"USW00012918","HOUSTON WILLIAM P HOBBY AIRPORT, TX US","2019-11-15","6.93",,"49","62","41","  360"
"USW00012918","HOUSTON WILLIAM P HOBBY AIRPORT, TX US","2019-11-16","2.46",,"51","64","40","  220"
"USW00012918","HOUSTON WILLIAM P HOBBY AIRPORT, TX US","2019-11-17","2.91",,"54","69","43","  160"
"USW00012918","HOUSTON WILLIAM P HOBBY AIRPORT, TX US","2019-11-18","4.03",,"61","74","51","  300"
"USW00012918","HOUSTON WILLIAM P HOBBY AIRPORT, TX US","2019-11-19","3.80",,"63","79","50","  170"
"USW00012918","HOUSTON WILLIAM P HOBBY AIRPORT, TX US","2019-11-20","12.97",,"68","81","59","  140"
"USW00012918","HOUSTON WILLIAM P HOBBY AIRPORT, TX US","2019-11-21","12.97",,"75","79","72","  160"
"USW00012918","HOUSTON WILLIAM P HOBBY AIRPORT, TX US","2019-11-22","10.51",,"73","80","55","  260"
"USW00012918","HOUSTON WILLIAM P HOBBY AIRPORT, TX US","2019-11-23","9.84",,"57","67","48","  360"
"USW00012918","HOUSTON WILLIAM P HOBBY AIRPORT, TX US","2019-11-24","4.25",,"56","69","46","  160"
"USW00012918","HOUSTON WILLIAM P HOBBY AIRPORT, TX US","2019-11-25","9.84",,"63","80","52","  220"
"USW00012918","HOUSTON WILLIAM P HOBBY AIRPORT, TX US","2019-11-26","14.32",,"75","82","72","  210"
"USW00012918","HOUSTON WILLIAM P HOBBY AIRPORT, TX US","2019-11-27","14.99",,"71","78","64","  350"
"USW00012918","HOUSTON WILLIAM P HOBBY AIRPORT, TX US","2019-11-28","12.75",,"66","71","63","  110"
"USW00012918","HOUSTON WILLIAM P HOBBY AIRPORT, TX US","2019-11-29","10.74",,"72","78","69","  160"
"USW00012918","HOUSTON WILLIAM P HOBBY AIRPORT, TX US","2019-11-30","14.32",,"76","81","70","  210"
"USW00012918","HOUSTON WILLIAM P HOBBY AIRPORT, TX US","2019-12-01","11.86",,"65","70","52","  350"
"USW00012918","HOUSTON WILLIAM P HOBBY AIRPORT, TX US","2019-12-02","7.61",,"55","65","45","  330"
"USW00012918","HOUSTON WILLIAM P HOBBY AIRPORT, TX US","2019-12-03","4.25",,"55","71","41","  200"
"USW00012918","HOUSTON WILLIAM P HOBBY AIRPORT, TX US","2019-12-04","3.80",,"60","75","50","   60"
"USW00012918","HOUSTON WILLIAM P HOBBY AIRPORT, TX US","2019-12-05","6.93",,"63","76","52","  180"
"USW00012918","HOUSTON WILLIAM P HOBBY AIRPORT, TX US","2019-12-06","9.62",,"68","75","59","  360"
"USW00012918","HOUSTON WILLIAM P HOBBY AIRPORT, TX US","2019-12-07","7.16",,"62","72","52","   50"
"USW00012918","HOUSTON WILLIAM P HOBBY AIRPORT, TX US","2019-12-08","6.49",,"61","75","50","  190"
"USW00012918","HOUSTON WILLIAM P HOBBY AIRPORT, TX US","2019-12-09","10.07",,"71","84","66","  200"
"USW00012918","HOUSTON WILLIAM P HOBBY AIRPORT, TX US","2019-12-10","16.55",,"60","72","48","   30"
"USW00012918","HOUSTON WILLIAM P HOBBY AIRPORT, TX US","2019-12-11","12.08",,"50","60","44","   30"
"USW00012918","HOUSTON WILLIAM P HOBBY AIRPORT, TX US","2019-12-12","5.82",,"53","63","45","   80"
"USW00012918","HOUSTON WILLIAM P HOBBY AIRPORT, TX US","2019-12-13","5.82",,"63","75","56","  240"
"USW00012918","HOUSTON WILLIAM P HOBBY AIRPORT, TX US","2019-12-14","6.04",,"60","73","48","  180"
"USW00012918","HOUSTON WILLIAM P HOBBY AIRPORT, TX US","2019-12-15","14.32",,"72","83","66","  190"
"USW00012918","HOUSTON WILLIAM P HOBBY AIRPORT, TX US","2019-12-16","14.09",,"70","80","44","  350"
"USW00012918","HOUSTON WILLIAM P HOBBY AIRPORT, TX US","2019-12-17","14.76",,"47","55","40","  350"
"USW00012918","HOUSTON WILLIAM P HOBBY AIRPORT, TX US","2019-12-18","5.14",,"46","59","35","  350"
"USW00012918","HOUSTON WILLIAM P HOBBY AIRPORT, TX US","2019-12-19","4.92",,"47","59","36","  110"
"USW00012918","HOUSTON WILLIAM P HOBBY AIRPORT, TX US","2019-12-20","8.72",,"52","56","50","  110"
"USW00012918","HOUSTON WILLIAM P HOBBY AIRPORT, TX US","2019-12-21","7.38",,"53","57","47","   10"
"USW00012918","HOUSTON WILLIAM P HOBBY AIRPORT, TX US","2019-12-22","8.95",,"51","62","42","   10"
"USW00012918","HOUSTON WILLIAM P HOBBY AIRPORT, TX US","2019-12-23","4.25",,"54","71","42","  350"
"USW00012918","HOUSTON WILLIAM P HOBBY AIRPORT, TX US","2019-12-24","3.13",,"57","73","45","  130"
"USW00012918","HOUSTON WILLIAM P HOBBY AIRPORT, TX US","2019-12-25","5.37",,"59","73","47","  200"
"USW00012918","HOUSTON WILLIAM P HOBBY AIRPORT, TX US","2019-12-26","5.59",,"63","74","55","  140"
"USW00012918","HOUSTON WILLIAM P HOBBY AIRPORT, TX US","2019-12-27","7.61",,"63","67","59","  100"
"USW00012918","HOUSTON WILLIAM P HOBBY AIRPORT, TX US","2019-12-28","11.41",,"69","78","63","  170"
"USW00012918","HOUSTON WILLIAM P HOBBY AIRPORT, TX US","2019-12-29","10.96",,"67","71","50","  320"
"USW00012918","HOUSTON WILLIAM P HOBBY AIRPORT, TX US","2019-12-30","6.49",,"53","63","42","  340"
"USW00012918","HOUSTON WILLIAM P HOBBY AIRPORT, TX US","2019-12-31","4.25",,"51","61","40","   40"
"USW00012918","HOUSTON WILLIAM P HOBBY AIRPORT, TX US","2020-01-01","7.61",,"56","61","52","  140"
"USW00012918","HOUSTON WILLIAM P HOBBY AIRPORT, TX US","2020-01-02","5.14",,"61","66","59","  230"
"USW00012918","HOUSTON WILLIAM P HOBBY AIRPORT, TX US","2020-01-03","8.50",,"62","70","53","  320"
"USW00012918","HOUSTON WILLIAM P HOBBY AIRPORT, TX US","2020-01-04","6.04",,"56","69","44","  340"
"USW00012918","HOUSTON WILLIAM P HOBBY AIRPORT, TX US","2020-01-05","7.38",,"57","75","44","  220"
"USW00012918","HOUSTON WILLIAM P HOBBY AIRPORT, TX US","2020-01-06","5.82",,"61","76","51","  180"
"USW00012918","HOUSTON WILLIAM P HOBBY AIRPORT, TX US","2020-01-07","7.61",,"60","67","44","  360"
"USW00012918","HOUSTON WILLIAM P HOBBY AIRPORT, TX US","2020-01-08","8.95",,"53","69","39","  170"
"USW00012918","HOUSTON WILLIAM P HOBBY AIRPORT, TX US","2020-01-09","13.87",,"66","75","60","  180"
"USW00012918","HOUSTON WILLIAM P HOBBY AIRPORT, TX US","2020-01-10","20.58",,"72","75","71","  170"
"USW00012918","HOUSTON WILLIAM P HOBBY AIRPORT, TX US","2020-01-11","10.96",,"61","73","43","  340"
"USW00012918","HOUSTON WILLIAM P HOBBY AIRPORT, TX US","2020-01-12","6.71",,"47","59","38","  110"
"USW00012918","HOUSTON WILLIAM P HOBBY AIRPORT, TX US","2020-01-13","7.16",,"57","68","53","   80"
"USW00012918","HOUSTON WILLIAM P HOBBY AIRPORT, TX US","2020-01-14","10.07",,"71","80","69","  200"
"USW00012918","HOUSTON WILLIAM P HOBBY AIRPORT, TX US","2020-01-15","8.95",,"73","81","70","  170"
"USW00012918","HOUSTON WILLIAM P HOBBY AIRPORT, TX US","2020-01-16","8.05",,"70","73","67","  100"
"USW00012918","HOUSTON WILLIAM P HOBBY AIRPORT, TX US","2020-01-17","12.30",,"66","71","62","  120"
"USW00012918","HOUSTON WILLIAM P HOBBY AIRPORT, TX US","2020-01-18","8.95",,"69","74","57","   10"
"USW00012918","HOUSTON WILLIAM P HOBBY AIRPORT, TX US","2020-01-19","14.32",,"56","61","46","   20"
"USW00012918","HOUSTON WILLIAM P HOBBY AIRPORT, TX US","2020-01-20","8.50",,"51","62","42","  340"
"USW00012918","HOUSTON WILLIAM P HOBBY AIRPORT, TX US","2020-01-21","8.28",,"51","58","41","  110"
"USW00012918","HOUSTON WILLIAM P HOBBY AIRPORT, TX US","2020-01-22","12.97",,"53","62","48","  140"
"USW00012918","HOUSTON WILLIAM P HOBBY AIRPORT, TX US","2020-01-23","9.40",,"61","64","48","  350"
"USW00012918","HOUSTON WILLIAM P HOBBY AIRPORT, TX US","2020-01-24","4.92",,"54","68","43","  360"
"USW00012918","HOUSTON WILLIAM P HOBBY AIRPORT, TX US","2020-01-25","8.50",,"56","66","47","  140"
"USW00012918","HOUSTON WILLIAM P HOBBY AIRPORT, TX US","2020-01-26","6.04",,"66","75","57","  320"
"USW00012918","HOUSTON WILLIAM P HOBBY AIRPORT, TX US","2020-01-27","8.05",,"60","65","56","  120"
"USW00012918","HOUSTON WILLIAM P HOBBY AIRPORT, TX US","2020-01-28","10.29",,"59","64","52","  290"
"USW00012918","HOUSTON WILLIAM P HOBBY AIRPORT, TX US","2020-01-29","13.42",,"53","58","47","  310"
"USW00012918","HOUSTON WILLIAM P HOBBY AIRPORT, TX US","2020-01-30","8.28",,"52","56","50","   40"
"USW00012918","HOUSTON WILLIAM P HOBBY AIRPORT, TX US","2020-01-31","7.16",,"54","62","47","  300"
"USW00012918","HOUSTON WILLIAM P HOBBY AIRPORT, TX US","2020-02-01","6.93",,"54","69","42","  290"
"USW00012918","HOUSTON WILLIAM P HOBBY AIRPORT, TX US","2020-02-02","8.95",,"59","76","46","  250"
"USW00012918","HOUSTON WILLIAM P HOBBY AIRPORT, TX US","2020-02-03","13.42",,"64","76","55","  190"
"USW00012918","HOUSTON WILLIAM P HOBBY AIRPORT, TX US","2020-02-04","10.96",,"72","79","68","  210"
"USW00012918","HOUSTON WILLIAM P HOBBY AIRPORT, TX US","2020-02-05","13.87",,"57","70","41","  320"
"USW00012918","HOUSTON WILLIAM P HOBBY AIRPORT, TX US","2020-02-06","12.97",,"44","53","37","  300"
"USW00012918","HOUSTON WILLIAM P HOBBY AIRPORT, TX US","2020-02-07","8.95",,"52","73","36","  240"
"USW00012918","HOUSTON WILLIAM P HOBBY AIRPORT, TX US","2020-02-08","8.05",,"61","72","53","  120"
"USW00012918","HOUSTON WILLIAM P HOBBY AIRPORT, TX US","2020-02-09","13.87",,"66","74","58","  160"
"USW00012918","HOUSTON WILLIAM P HOBBY AIRPORT, TX US","2020-02-10","12.08",,"73","77","57","  280"
"USW00012918","HOUSTON WILLIAM P HOBBY AIRPORT, TX US","2020-02-11","10.74",,"59","59","52","   20"
"USW00012918","HOUSTON WILLIAM P HOBBY AIRPORT, TX US","2020-02-12","8.95",,"57","62","51","  320"
"USW00012918","HOUSTON WILLIAM P HOBBY AIRPORT, TX US","2020-02-13","12.30",,"52","59","46","  340"
"USW00012918","HOUSTON WILLIAM P HOBBY AIRPORT, TX US","2020-02-14","8.72",,"50","61","42","   40"
"USW00012918","HOUSTON WILLIAM P HOBBY AIRPORT, TX US","2020-02-15","9.84",,"54","67","47","  120"
"USW00012918","HOUSTON WILLIAM P HOBBY AIRPORT, TX US","2020-02-16","5.59",,"64","74","60","  270"
"USW00012918","HOUSTON WILLIAM P HOBBY AIRPORT, TX US","2020-02-17","9.84",,"68","80","59","  170"
"USW00012918","HOUSTON WILLIAM P HOBBY AIRPORT, TX US","2020-02-18","8.05",,"73","79","63","  170"
"USW00012918","HOUSTON WILLIAM P HOBBY AIRPORT, TX US","2020-02-19","9.62",,"63","63","54","   20"
"USW00012918","HOUSTON WILLIAM P HOBBY AIRPORT, TX US","2020-02-20","16.55",,"51","54","46","   20"
"USW00012918","HOUSTON WILLIAM P HOBBY AIRPORT, TX US","2020-02-21","11.86",,"49","57","42","   20"
"USW00012918","HOUSTON WILLIAM P HOBBY AIRPORT, TX US","2020-02-22","7.16",,"51","63","41","  100"
"USW00012918","HOUSTON WILLIAM P HOBBY AIRPORT, TX US","2020-02-23","9.84",,"60","69","50","  160"
"USW00012918","HOUSTON WILLIAM P HOBBY AIRPORT, TX US","2020-02-24","6.93",,"67","73","57","  160"
"USW00012918","HOUSTON WILLIAM P HOBBY AIRPORT, TX US","2020-02-25","8.05",,"63","75","54","  340"
"USW00012918","HOUSTON WILLIAM P HOBBY AIRPORT, TX US","2020-02-26","18.34",,"55","59","43","  330"
"USW00012918","HOUSTON WILLIAM P HOBBY AIRPORT, TX US","2020-02-27","4.70",,"47","60","35","  160"
"USW00012918","HOUSTON WILLIAM P HOBBY AIRPORT, TX US","2020-02-28","7.38",,"53","73","41","  270"
"USW00012918","HOUSTON WILLIAM P HOBBY AIRPORT, TX US","2020-02-29","8.72",,"60","75","46","  160"
"USW00012918","HOUSTON WILLIAM P HOBBY AIRPORT, TX US","2020-03-01","12.30",,"66","71","60","  190"
"USW00012918","HOUSTON WILLIAM P HOBBY AIRPORT, TX US","2020-03-02","9.40",,"70","80","64","  180"
"USW00012918","HOUSTON WILLIAM P HOBBY AIRPORT, TX US","2020-03-03","6.71",,"73","80","69","  120"
"USW00012918","HOUSTON WILLIAM P HOBBY AIRPORT, TX US","2020-03-04","10.74",,"71","79","59","  330"
"USW00012918","HOUSTON WILLIAM P HOBBY AIRPORT, TX US","2020-03-05","12.97",,"62","75","57","   10"
"USW00012918","HOUSTON WILLIAM P HOBBY AIRPORT, TX US","2020-03-06","9.40",,"63","74","52","   50"
"USW00012918","HOUSTON WILLIAM P HOBBY AIRPORT, TX US","2020-03-07","8.95",,"58","62","50","  100"
"USW00012918","HOUSTON WILLIAM P HOBBY AIRPORT, TX US","2020-03-08","13.20",,"61","72","50","  110"
"USW00012918","HOUSTON WILLIAM P HOBBY AIRPORT, TX US","2020-03-09","11.41",,"68","74","63","  180"
"USW00012918","HOUSTON WILLIAM P HOBBY AIRPORT, TX US","2020-03-10","6.04",,"72","82","66","  160"
"USW00012918","HOUSTON WILLIAM P HOBBY AIRPORT, TX US","2020-03-11","8.95",,"71","83","62","  200"
"USW00012918","HOUSTON WILLIAM P HOBBY AIRPORT, TX US","2020-03-12","12.30",,"74","84","69","  200"
"USW00012918","HOUSTON WILLIAM P HOBBY AIRPORT, TX US","2020-03-13","11.18",,"74","82","71","  140"
"USW00012918","HOUSTON WILLIAM P HOBBY AIRPORT, TX US","2020-03-14","11.41",,"75","81","72","  170"
"USW00012918","HOUSTON WILLIAM P HOBBY AIRPORT, TX US","2020-03-15","7.83",,"75","83","67","  120"
"USW00012918","HOUSTON WILLIAM P HOBBY AIRPORT, TX US","2020-03-16","6.93",,"70","76","66","  140"
"USW00012918","HOUSTON WILLIAM P HOBBY AIRPORT, TX US","2020-03-17","10.07",,"74","84","70","  150"
"USW00012918","HOUSTON WILLIAM P HOBBY AIRPORT, TX US","2020-03-18","12.97",,"75","84","71","  150"
"USW00012918","HOUSTON WILLIAM P HOBBY AIRPORT, TX US","2020-03-19","14.76",,"77","85","74","  160"
"USW00012918","HOUSTON WILLIAM P HOBBY AIRPORT, TX US","2020-03-20","10.96",,"74","78","58","   20"
"USW00012918","HOUSTON WILLIAM P HOBBY AIRPORT, TX US","2020-03-21","11.41",,"61","63","57","   40"
"USW00012918","HOUSTON WILLIAM P HOBBY AIRPORT, TX US","2020-03-22","10.29",,"67","80","61","  180"
"USW00012918","HOUSTON WILLIAM P HOBBY AIRPORT, TX US","2020-03-23","11.41",,"76","86","70","  160"
"USW00012918","HOUSTON WILLIAM P HOBBY AIRPORT, TX US","2020-03-24","12.97",,"78","89","71","  220"
"USW00012918","HOUSTON WILLIAM P HOBBY AIRPORT, TX US","2020-03-25","8.05",,"77","88","71","  160"
"USW00012918","HOUSTON WILLIAM P HOBBY AIRPORT, TX US","2020-03-26","11.41",,"76","87","69","  150"
"USW00012918","HOUSTON WILLIAM P HOBBY AIRPORT, TX US","2020-03-27","14.99",,"79","88","73","  190"
"USW00012918","HOUSTON WILLIAM P HOBBY AIRPORT, TX US","2020-03-28","11.41",,"76","81","64","  350"
"USW00012918","HOUSTON WILLIAM P HOBBY AIRPORT, TX US","2020-03-29","10.07",,"70","83","56","   80"
"USW00012918","HOUSTON WILLIAM P HOBBY AIRPORT, TX US","2020-03-30","12.75",,"76","85","70","  180"
"USW00012918","HOUSTON WILLIAM P HOBBY AIRPORT, TX US","2020-03-31","12.30",,"74","77","61","  360"
"USW00012918","HOUSTON WILLIAM P HOBBY AIRPORT, TX US","2020-04-01","10.29",,"66","75","57","  110"
"USW00012918","HOUSTON WILLIAM P HOBBY AIRPORT, TX US","2020-04-02","11.41",,"69","77","64","  120"
"USW00012918","HOUSTON WILLIAM P HOBBY AIRPORT, TX US","2020-04-03","10.29",,"73","81","69","  150"
"USW00012918","HOUSTON WILLIAM P HOBBY AIRPORT, TX US","2020-04-04","9.62",,"64","72","57","   20"
"USW00012918","HOUSTON WILLIAM P HOBBY AIRPORT, TX US","2020-04-05","8.72",,"66","76","61","   10"
"USW00012918","HOUSTON WILLIAM P HOBBY AIRPORT, TX US","2020-04-06","7.16",,"71","76","65","  110"
"USW00012918","HOUSTON WILLIAM P HOBBY AIRPORT, TX US","2020-04-07","7.83",,"78","87","73","  250"
"USW00012918","HOUSTON WILLIAM P HOBBY AIRPORT, TX US","2020-04-08","7.16",,"78","87","73","  190"
"USW00012918","HOUSTON WILLIAM P HOBBY AIRPORT, TX US","2020-04-09","7.16",,"80","91","70","  350"
"USW00012918","HOUSTON WILLIAM P HOBBY AIRPORT, TX US","2020-04-10","10.07",,"71","77","67","   50"
"USW00012918","HOUSTON WILLIAM P HOBBY AIRPORT, TX US","2020-04-11","10.96",,"71","79","65","  140"
"USW00012918","HOUSTON WILLIAM P HOBBY AIRPORT, TX US","2020-04-12","13.65",,"80","93","66","  270"
"USW00012918","HOUSTON WILLIAM P HOBBY AIRPORT, TX US","2020-04-13","13.20",,"67","71","54","  350"
"USW00012918","HOUSTON WILLIAM P HOBBY AIRPORT, TX US","2020-04-14","13.65",,"60","72","50","  350"
"USW00012918","HOUSTON WILLIAM P HOBBY AIRPORT, TX US","2020-04-15","9.17",,"60","72","50","   50"
"USW00012918","HOUSTON WILLIAM P HOBBY AIRPORT, TX US","2020-04-16","11.18",,"65","75","56","  120"
"USW00012918","HOUSTON WILLIAM P HOBBY AIRPORT, TX US","2020-04-17","7.38",,"72","82","65","  140"
"USW00012918","HOUSTON WILLIAM P HOBBY AIRPORT, TX US","2020-04-18","10.29",,"70","76","63","  120"
"USW00012918","HOUSTON WILLIAM P HOBBY AIRPORT, TX US","2020-04-19","8.72",,"75","83","69","  230"
"USW00012918","HOUSTON WILLIAM P HOBBY AIRPORT, TX US","2020-04-20","6.49",,"73","83","66","  150"
"USW00012918","HOUSTON WILLIAM P HOBBY AIRPORT, TX US","2020-04-21","9.84",,"76","86","68","  150"
"USW00012918","HOUSTON WILLIAM P HOBBY AIRPORT, TX US","2020-04-22","13.42",,"77","83","73","  190"
"USW00012918","HOUSTON WILLIAM P HOBBY AIRPORT, TX US","2020-04-23","11.63",,"82","89","65","  330"
"USW00012918","HOUSTON WILLIAM P HOBBY AIRPORT, TX US","2020-04-24","9.62",,"76","91","62","  320"
"USW00012918","HOUSTON WILLIAM P HOBBY AIRPORT, TX US","2020-04-25","9.40",,"75","84","65","  310"
"USW00012918","HOUSTON WILLIAM P HOBBY AIRPORT, TX US","2020-04-26","7.16",,"73","86","61","  130"
"USW00012918","HOUSTON WILLIAM P HOBBY AIRPORT, TX US","2020-04-27","10.96",,"73","84","61","  120"
"USW00012918","HOUSTON WILLIAM P HOBBY AIRPORT, TX US","2020-04-28","13.42",,"77","85","74","  160"
"USW00012918","HOUSTON WILLIAM P HOBBY AIRPORT, TX US","2020-04-29","11.41",,"75","84","63","  350"
"USW00012918","HOUSTON WILLIAM P HOBBY AIRPORT, TX US","2020-04-30","4.92",,"71","84","55","  310"
"USW00012918","HOUSTON WILLIAM P HOBBY AIRPORT, TX US","2020-05-01","8.95",,"72","84","62","  140"
"USW00012918","HOUSTON WILLIAM P HOBBY AIRPORT, TX US","2020-05-02","10.51",,"76","86","66","  140"
"USW00012918","HOUSTON WILLIAM P HOBBY AIRPORT, TX US","2020-05-03","9.40",,"78","87","72","  190"
"USW00012918","HOUSTON WILLIAM P HOBBY AIRPORT, TX US","2020-05-04","9.17",,"79","90","71","  150"
"USW00012918","HOUSTON WILLIAM P HOBBY AIRPORT, TX US","2020-05-05","7.16",,"81","92","70","   40"
"USW00012918","HOUSTON WILLIAM P HOBBY AIRPORT, TX US","2020-05-06","10.51",,"76","85","66","   40"
"USW00012918","HOUSTON WILLIAM P HOBBY AIRPORT, TX US","2020-05-07","11.63",,"75","86","64","  180"
"USW00012918","HOUSTON WILLIAM P HOBBY AIRPORT, TX US","2020-05-08","16.11",,"80","90","72","  330"
"USW00012918","HOUSTON WILLIAM P HOBBY AIRPORT, TX US","2020-05-09","12.97",,"70","74","63","   50"
"USW00012918","HOUSTON WILLIAM P HOBBY AIRPORT, TX US","2020-05-10","7.38",,"71","82","62","   50"
"USW00012918","HOUSTON WILLIAM P HOBBY AIRPORT, TX US","2020-05-11","9.62",,"73","82","64","  110"
"USW00012918","HOUSTON WILLIAM P HOBBY AIRPORT, TX US","2020-05-12","12.53",,"76","85","70","  120"
"USW00012918","HOUSTON WILLIAM P HOBBY AIRPORT, TX US","2020-05-13","10.51",,"78","87","72","  140"
"USW00012918","HOUSTON WILLIAM P HOBBY AIRPORT, TX US","2020-05-14","9.84",,"81","88","74","  140"
"USW00012918","HOUSTON WILLIAM P HOBBY AIRPORT, TX US","2020-05-15","8.28",,"77","88","70","  110"
"USW00012918","HOUSTON WILLIAM P HOBBY AIRPORT, TX US","2020-05-16","9.40",,"74","82","67","  260"
"USW00012918","HOUSTON WILLIAM P HOBBY AIRPORT, TX US","2020-05-17","7.83",,"76","89","67","  330"
"USW00012918","HOUSTON WILLIAM P HOBBY AIRPORT, TX US","2020-05-18","6.93",,"80","92","66","  210"
"USW00012918","HOUSTON WILLIAM P HOBBY AIRPORT, TX US","2020-05-19","10.51",,"81","92","70","  200"
"USW00012918","HOUSTON WILLIAM P HOBBY AIRPORT, TX US","2020-05-20","7.61",,"83","94","77","  170"
"USW00012918","HOUSTON WILLIAM P HOBBY AIRPORT, TX US","2020-05-21","9.84",,"82","90","76","  190"
"USW00012918","HOUSTON WILLIAM P HOBBY AIRPORT, TX US","2020-05-22","10.96",,"83","91","76","  180"
"USW00012918","HOUSTON WILLIAM P HOBBY AIRPORT, TX US","2020-05-23","12.75",,"84","92","79","  150"
"USW00012918","HOUSTON WILLIAM P HOBBY AIRPORT, TX US","2020-05-24","13.20",,"83","90","69","  150"
"USW00012918","HOUSTON WILLIAM P HOBBY AIRPORT, TX US","2020-05-25","9.62",,"75","85","69","  220"
"USW00012918","HOUSTON WILLIAM P HOBBY AIRPORT, TX US","2020-05-26","7.61",,"78","88","70","  140"
"USW00012918","HOUSTON WILLIAM P HOBBY AIRPORT, TX US","2020-05-27","7.83",,"78","90","67","  350"
"USW00012918","HOUSTON WILLIAM P HOBBY AIRPORT, TX US","2020-05-28","6.49",,"75","88","68","   80"
"USW00012918","HOUSTON WILLIAM P HOBBY AIRPORT, TX US","2020-05-29","7.83",,"79","89","70","  320"
"USW00012918","HOUSTON WILLIAM P HOBBY AIRPORT, TX US","2020-05-30","7.83",,"81","89","75","   60"
"USW00012918","HOUSTON WILLIAM P HOBBY AIRPORT, TX US","2020-05-31","7.16",,"79","85","74","  100"
"USW00012918","HOUSTON WILLIAM P HOBBY AIRPORT, TX US","2020-06-01","7.38",,"78","87","74","  110"
"USW00012918","HOUSTON WILLIAM P HOBBY AIRPORT, TX US","2020-06-02","7.16",,"82","90","73","  120"
"USW00012918","HOUSTON WILLIAM P HOBBY AIRPORT, TX US","2020-06-03","4.70",,"81","90","75","  130"
"USW00012918","HOUSTON WILLIAM P HOBBY AIRPORT, TX US","2020-06-04","5.82",,"83","93","75","  140"
"USW00012918","HOUSTON WILLIAM P HOBBY AIRPORT, TX US","2020-06-05","4.70",,"84","94","76","  110"
"USW00012918","HOUSTON WILLIAM P HOBBY AIRPORT, TX US","2020-06-06","8.05",,"86","97","76","  320"
"USW00012918","HOUSTON WILLIAM P HOBBY AIRPORT, TX US","2020-06-07","10.96",,"85","95","77","   60"
"USW00012918","HOUSTON WILLIAM P HOBBY AIRPORT, TX US","2020-06-08","8.95",,"86","94","78","  250"
"USW00012918","HOUSTON WILLIAM P HOBBY AIRPORT, TX US","2020-06-09","10.51",,"86","95","80","  210"
"USW00012918","HOUSTON WILLIAM P HOBBY AIRPORT, TX US","2020-06-10","8.50",,"85","94","76","   10"
"USW00012918","HOUSTON WILLIAM P HOBBY AIRPORT, TX US","2020-06-11","8.95",,"83","92","72","   50"
"USW00012918","HOUSTON WILLIAM P HOBBY AIRPORT, TX US","2020-06-12","10.96",,"83","91","72","   20"
"USW00012918","HOUSTON WILLIAM P HOBBY AIRPORT, TX US","2020-06-13","9.62",,"84","93","71","   50"
"USW00012918","HOUSTON WILLIAM P HOBBY AIRPORT, TX US","2020-06-14","8.50",,"82","92","70","  110"
"USW00012918","HOUSTON WILLIAM P HOBBY AIRPORT, TX US","2020-06-15","8.28",,"85","93","78","  140"
"USW00012918","HOUSTON WILLIAM P HOBBY AIRPORT, TX US","2020-06-16","5.82",,"84","94","76","  170"
"USW00012918","HOUSTON WILLIAM P HOBBY AIRPORT, TX US","2020-06-17","6.04",,"83","93","73","  160"
"USW00012918","HOUSTON WILLIAM P HOBBY AIRPORT, TX US","2020-06-18","8.50",,"83","93","74","  170"
"USW00012918","HOUSTON WILLIAM P HOBBY AIRPORT, TX US","2020-06-19","9.62",,"83","92","76","  130"
"USW00012918","HOUSTON WILLIAM P HOBBY AIRPORT, TX US","2020-06-20","6.93",,"81","90","74","   60"
"USW00012918","HOUSTON WILLIAM P HOBBY AIRPORT, TX US","2020-06-21","8.05",,"82","91","76","  150"
"USW00012918","HOUSTON WILLIAM P HOBBY AIRPORT, TX US","2020-06-22","8.05",,"79","83","71","  140"
"USW00012918","HOUSTON WILLIAM P HOBBY AIRPORT, TX US","2020-06-23","8.50",,"80","89","72","  160"
"USW00012918","HOUSTON WILLIAM P HOBBY AIRPORT, TX US","2020-06-24","9.62",,"80","88","72","  190"
"USW00012918","HOUSTON WILLIAM P HOBBY AIRPORT, TX US","2020-06-25","8.05",,"80","87","75","  180"
"USW00012918","HOUSTON WILLIAM P HOBBY AIRPORT, TX US","2020-06-26","8.72",,"82","87","78","  140"
"USW00012918","HOUSTON WILLIAM P HOBBY AIRPORT, TX US","2020-06-27","10.29",,"84","91","79","  170"
"USW00012918","HOUSTON WILLIAM P HOBBY AIRPORT, TX US","2020-06-28","12.53",,"85","92","81","  150"
"USW00012918","HOUSTON WILLIAM P HOBBY AIRPORT, TX US","2020-06-29","13.20",,"85","91","83","  190"
"USW00012918","HOUSTON WILLIAM P HOBBY AIRPORT, TX US","2020-06-30","13.42",,"86","94","82","  190"
"USW00012918","HOUSTON WILLIAM P HOBBY AIRPORT, TX US","2020-07-01","11.18",,"87","94","81","  200"
"USW00012918","HOUSTON WILLIAM P HOBBY AIRPORT, TX US","2020-07-02","8.50",,"87","96","80","  210"
"USW00012918","HOUSTON WILLIAM P HOBBY AIRPORT, TX US","2020-07-03","6.49",,"86","96","78","   50"
"USW00012918","HOUSTON WILLIAM P HOBBY AIRPORT, TX US","2020-07-04","5.37",,"85","96","76","  260"
"USW00012918","HOUSTON WILLIAM P HOBBY AIRPORT, TX US","2020-07-05","8.05",,"85","95","78","  200"
"USW00012918","HOUSTON WILLIAM P HOBBY AIRPORT, TX US","2020-07-06","9.40",,"86","95","82","  200"
"USW00012918","HOUSTON WILLIAM P HOBBY AIRPORT, TX US","2020-07-07","8.95",,"86","94","81","  220"
"USW00012918","HOUSTON WILLIAM P HOBBY AIRPORT, TX US","2020-07-08","10.51",,"87","96","81","  210"
"USW00012918","HOUSTON WILLIAM P HOBBY AIRPORT, TX US","2020-07-09","10.51",,"87","96","81","  180"
"USW00012918","HOUSTON WILLIAM P HOBBY AIRPORT, TX US","2020-07-10","7.61",,"87","98","80","  150"
"USW00012918","HOUSTON WILLIAM P HOBBY AIRPORT, TX US","2020-07-11","6.93",,"88","98","80","  180"
"USW00012918","HOUSTON WILLIAM P HOBBY AIRPORT, TX US","2020-07-12","7.61",,"86","97","78","  250"
"USW00012918","HOUSTON WILLIAM P HOBBY AIRPORT, TX US","2020-07-13","8.50",,"88","99","81","  190"
"USW00012918","HOUSTON WILLIAM P HOBBY AIRPORT, TX US","2020-07-14","9.40",,"87","97","79","  190"
"USW00012918","HOUSTON WILLIAM P HOBBY AIRPORT, TX US","2020-07-15","10.07",,"87","97","80","  210"
"USW00012918","HOUSTON WILLIAM P HOBBY AIRPORT, TX US","2020-07-16","6.71",,"87","99","80","  120"
"USW00012918","HOUSTON WILLIAM P HOBBY AIRPORT, TX US","2020-07-17","6.26",,"84","90","76","   80"
"USW00012918","HOUSTON WILLIAM P HOBBY AIRPORT, TX US","2020-07-18","7.61",,"84","93","78","  140"
"USW00012918","HOUSTON WILLIAM P HOBBY AIRPORT, TX US","2020-07-19","5.82",,"85","93","79","  110"
"USW00012918","HOUSTON WILLIAM P HOBBY AIRPORT, TX US","2020-07-20","8.05",,"83","88","79","  120"
"USW00012918","HOUSTON WILLIAM P HOBBY AIRPORT, TX US","2020-07-21","7.61",,"80","88","76","  100"
"USW00012918","HOUSTON WILLIAM P HOBBY AIRPORT, TX US","2020-07-22","4.92",,"84","90","80","  100"
"USW00012918","HOUSTON WILLIAM P HOBBY AIRPORT, TX US","2020-07-23","8.50",,"86","96","78","   80"
"USW00012918","HOUSTON WILLIAM P HOBBY AIRPORT, TX US","2020-07-24","14.32",,"86","92","80","   60"
"USW00012918","HOUSTON WILLIAM P HOBBY AIRPORT, TX US","2020-07-25","13.42",,"81","87","76","  160"
"USW00012918","HOUSTON WILLIAM P HOBBY AIRPORT, TX US","2020-07-26","10.96",,"83","91","79","  100"
"USW00012918","HOUSTON WILLIAM P HOBBY AIRPORT, TX US","2020-07-27","6.71",,"83","92","78","  190"
"USW00012918","HOUSTON WILLIAM P HOBBY AIRPORT, TX US","2020-07-28","4.47",,"81","86","75","  230"
"USW00012918","HOUSTON WILLIAM P HOBBY AIRPORT, TX US","2020-07-29","6.04",,"79","90","75","  200"
"USW00012918","HOUSTON WILLIAM P HOBBY AIRPORT, TX US","2020-07-30","9.84",,"85","94","79","  180"
"USW00012918","HOUSTON WILLIAM P HOBBY AIRPORT, TX US","2020-07-31","9.84",,"86","95","79","  260"
"USW00012918","HOUSTON WILLIAM P HOBBY AIRPORT, TX US","2020-08-01","4.70",,"80","86","73","  250"
"USW00012918","HOUSTON WILLIAM P HOBBY AIRPORT, TX US","2020-08-02","4.03",,"83","94","75","   40"
"USW00012918","HOUSTON WILLIAM P HOBBY AIRPORT, TX US","2020-08-03","5.14",,"84","97","76","  170"
"USW00012918","HOUSTON WILLIAM P HOBBY AIRPORT, TX US","2020-08-04","6.71",,"86","96","79","   30"
"USW00012918","HOUSTON WILLIAM P HOBBY AIRPORT, TX US","2020-08-05","6.93",,"85","95","78","  220"
"USW00012918","HOUSTON WILLIAM P HOBBY AIRPORT, TX US","2020-08-06","6.26",,"86","95","80","  170"
"USW00012918","HOUSTON WILLIAM P HOBBY AIRPORT, TX US","2020-08-07","5.59",,"87","96","80","  140"
"USW00012918","HOUSTON WILLIAM P HOBBY AIRPORT, TX US","2020-08-08","5.82",,"86","94","80","  190"
"USW00012918","HOUSTON WILLIAM P HOBBY AIRPORT, TX US","2020-08-09","8.72",,"87","94","80","  160"
"USW00012918","HOUSTON WILLIAM P HOBBY AIRPORT, TX US","2020-08-10","8.28",,"87","95","80","  170"
"USW00012918","HOUSTON WILLIAM P HOBBY AIRPORT, TX US","2020-08-11","8.50",,"87","97","81","  160"
"USW00012918","HOUSTON WILLIAM P HOBBY AIRPORT, TX US","2020-08-12","8.05",,"88","97","80","  160"
"USW00012918","HOUSTON WILLIAM P HOBBY AIRPORT, TX US","2020-08-13","6.71",,"87","97","80","  150"
"USW00012918","HOUSTON WILLIAM P HOBBY AIRPORT, TX US","2020-08-14","7.83",,"87","97","79","  180"
"USW00012918","HOUSTON WILLIAM P HOBBY AIRPORT, TX US","2020-08-15","7.38",,"88","98","80","  180"
"USW00012918","HOUSTON WILLIAM P HOBBY AIRPORT, TX US","2020-08-16","6.49",,"88","100","80","  150"
"USW00012918","HOUSTON WILLIAM P HOBBY AIRPORT, TX US","2020-08-17","6.26",,"84","94","73","  360"
"USW00012918","HOUSTON WILLIAM P HOBBY AIRPORT, TX US","2020-08-18","5.82",,"87","98","76","   50"
"USW00012918","HOUSTON WILLIAM P HOBBY AIRPORT, TX US","2020-08-19","5.37",,"87","97","78","   50"
"USW00012918","HOUSTON WILLIAM P HOBBY AIRPORT, TX US","2020-08-20","5.37",,"86","96","76","  160"
"USW00012918","HOUSTON WILLIAM P HOBBY AIRPORT, TX US","2020-08-21","4.70",,"85","95","78","  210"
"USW00012918","HOUSTON WILLIAM P HOBBY AIRPORT, TX US","2020-08-22","4.25",,"82","93","76","  360"
"USW00012918","HOUSTON WILLIAM P HOBBY AIRPORT, TX US","2020-08-23","6.26",,"83","95","75","  110"
"USW00012918","HOUSTON WILLIAM P HOBBY AIRPORT, TX US","2020-08-24","7.61",,"86","94","79","   70"
"USW00012918","HOUSTON WILLIAM P HOBBY AIRPORT, TX US","2020-08-25","10.07",,"87","96","79","   50"
"USW00012918","HOUSTON WILLIAM P HOBBY AIRPORT, TX US","2020-08-26","14.99",,"86","94","80","   60"
"USW00012918","HOUSTON WILLIAM P HOBBY AIRPORT, TX US","2020-08-27","8.95",,"86","97","78","  320"
"USW00012918","HOUSTON WILLIAM P HOBBY AIRPORT, TX US","2020-08-28","10.74",,"88","96","79","  200"
"USW00012918","HOUSTON WILLIAM P HOBBY AIRPORT, TX US","2020-08-29","7.16",,"88","98","81","  160"
"USW00012918","HOUSTON WILLIAM P HOBBY AIRPORT, TX US","2020-08-30","5.82",,"86","96","81","  260"
"USW00012918","HOUSTON WILLIAM P HOBBY AIRPORT, TX US","2020-08-31","11.41",,"88","97","83","  170"
"USW00012918","HOUSTON WILLIAM P HOBBY AIRPORT, TX US","2020-09-01","14.09",,"89","97","84","  170"
"USW00012918","HOUSTON WILLIAM P HOBBY AIRPORT, TX US","2020-09-02","10.74",,"89","99","82","  160"
"USW00012918","HOUSTON WILLIAM P HOBBY AIRPORT, TX US","2020-09-03","6.04",,"87","96","82","  170"
"USW00012918","HOUSTON WILLIAM P HOBBY AIRPORT, TX US","2020-09-04","7.61",,"87","95","80","  170"
"USW00012918","HOUSTON WILLIAM P HOBBY AIRPORT, TX US","2020-09-05","8.72",,"85","94","79","   50"
"USW00012918","HOUSTON WILLIAM P HOBBY AIRPORT, TX US","2020-09-06","4.92",,"83","97","77","  260"
"USW00012918","HOUSTON WILLIAM P HOBBY AIRPORT, TX US","2020-09-07","4.25",,"83","94","76","  240"
"USW00012918","HOUSTON WILLIAM P HOBBY AIRPORT, TX US","2020-09-08","6.93",,"82","90","77","  210"
"USW00012918","HOUSTON WILLIAM P HOBBY AIRPORT, TX US","2020-09-09","8.50",,"85","93","80","  120"
"USW00012918","HOUSTON WILLIAM P HOBBY AIRPORT, TX US","2020-09-10","6.93",,"83","94","75","   40"
"USW00012918","HOUSTON WILLIAM P HOBBY AIRPORT, TX US","2020-09-11","8.50",,"80","93","73","   10"
"USW00012918","HOUSTON WILLIAM P HOBBY AIRPORT, TX US","2020-09-12","8.72",,"85","96","76","   90"
"USW00012918","HOUSTON WILLIAM P HOBBY AIRPORT, TX US","2020-09-13","9.17",,"85","95","78","   20"
"USW00012918","HOUSTON WILLIAM P HOBBY AIRPORT, TX US","2020-09-14","12.08",,"84","94","79","   10"
"USW00012918","HOUSTON WILLIAM P HOBBY AIRPORT, TX US","2020-09-15","10.29",,"87","97","79","   50"
"USW00012918","HOUSTON WILLIAM P HOBBY AIRPORT, TX US","2020-09-16","8.05",,"88","96","80","   10"
"USW00012918","HOUSTON WILLIAM P HOBBY AIRPORT, TX US","2020-09-17","9.84",,"85","92","79","   60"
"USW00012918","HOUSTON WILLIAM P HOBBY AIRPORT, TX US","2020-09-18","13.65",,"83","92","77","   10"
"USW00012918","HOUSTON WILLIAM P HOBBY AIRPORT, TX US","2020-09-19","16.11",,"80","88","73","   30"
"USW00012918","HOUSTON WILLIAM P HOBBY AIRPORT, TX US","2020-09-20","16.55",,"74","76","69","   30"
"USW00012918","HOUSTON WILLIAM P HOBBY AIRPORT, TX US","2020-09-21","19.24",,"74","78","71","   50"
"USW00012918","HOUSTON WILLIAM P HOBBY AIRPORT, TX US","2020-09-22","10.29",,"77","82","74","   80"
"USW00012918","HOUSTON WILLIAM P HOBBY AIRPORT, TX US","2020-09-23","10.51",,"76","81","72","  330"
"USW00012918","HOUSTON WILLIAM P HOBBY AIRPORT, TX US","2020-09-24","6.71",,"73","76","69","   10"
"USW00012918","HOUSTON WILLIAM P HOBBY AIRPORT, TX US","2020-09-25","4.47",,"76","85","71","  120"
"USW00012918","HOUSTON WILLIAM P HOBBY AIRPORT, TX US","2020-09-26","4.25",,"78","89","68","  140"
"USW00012918","HOUSTON WILLIAM P HOBBY AIRPORT, TX US","2020-09-27","10.29",,"82","92","74","  180"
"USW00012918","HOUSTON WILLIAM P HOBBY AIRPORT, TX US","2020-09-28","12.30",,"77","80","69","  350"
"USW00012918","HOUSTON WILLIAM P HOBBY AIRPORT, TX US","2020-09-29","7.61",,"72","83","58","  350"
"USW00012918","HOUSTON WILLIAM P HOBBY AIRPORT, TX US","2020-09-30","4.47",,"71","86","59","  210"
"USW00012918","HOUSTON WILLIAM P HOBBY AIRPORT, TX US","2020-10-01","5.14",,"74","90","61",
"USW00012918","HOUSTON WILLIAM P HOBBY AIRPORT, TX US","2020-10-02","7.61",,"75","84","63","   20"
"USW00012918","HOUSTON WILLIAM P HOBBY AIRPORT, TX US","2020-10-03","6.04",,"72","85","61","  110"
"USW00012918","HOUSTON WILLIAM P HOBBY AIRPORT, TX US","2020-10-04","3.58",,"74","88","61","   60"
"USW00012918","HOUSTON WILLIAM P HOBBY AIRPORT, TX US","2020-10-05","6.04",,"75","84","68","   80"
"USW00012918","HOUSTON WILLIAM P HOBBY AIRPORT, TX US","2020-10-06","5.82",,"75","87","66","   30"
"USW00012918","HOUSTON WILLIAM P HOBBY AIRPORT, TX US","2020-10-07","6.26",,"76","89","64","   80"
"USW00012918","HOUSTON WILLIAM P HOBBY AIRPORT, TX US","2020-10-08","10.51",,"80","84","75","   40"
"USW00012918","HOUSTON WILLIAM P HOBBY AIRPORT, TX US","2020-10-09","17.67",,"77","80","73","  360"
"USW00012918","HOUSTON WILLIAM P HOBBY AIRPORT, TX US","2020-10-10","5.14",,"78","92","68","  320"
"USW00012918","HOUSTON WILLIAM P HOBBY AIRPORT, TX US","2020-10-11","7.61",,"82","93","76","  190"
"USW00012918","HOUSTON WILLIAM P HOBBY AIRPORT, TX US","2020-10-12","8.72",,"81","92","75","   40"
"USW00012918","HOUSTON WILLIAM P HOBBY AIRPORT, TX US","2020-10-13","6.26",,"80","89","72","   30"
"USW00012918","HOUSTON WILLIAM P HOBBY AIRPORT, TX US","2020-10-14","6.04",,"78","89","69","  160"
"USW00012918","HOUSTON WILLIAM P HOBBY AIRPORT, TX US","2020-10-15","8.05",,"80","93","71","  210"
"USW00012918","HOUSTON WILLIAM P HOBBY AIRPORT, TX US","2020-10-16","13.20",,"67","77","57","   50"
"USW00012918","HOUSTON WILLIAM P HOBBY AIRPORT, TX US","2020-10-17","9.84",,"71","82","65","  160"
"USW00012918","HOUSTON WILLIAM P HOBBY AIRPORT, TX US","2020-10-18","10.07",,"78","88","70","  160"
"USW00012918","HOUSTON WILLIAM P HOBBY AIRPORT, TX US","2020-10-19","9.17",,"80","87","75","  150"
"USW00012918","HOUSTON WILLIAM P HOBBY AIRPORT, TX US","2020-10-20","7.83",,"79","87","72","  110"
"USW00012918","HOUSTON WILLIAM P HOBBY AIRPORT, TX US","2020-10-21","7.61",,"79","87","73","  120"
"USW00012918","HOUSTON WILLIAM P HOBBY AIRPORT, TX US","2020-10-22","8.50",,"79","88","74","  130"
"USW00012918","HOUSTON WILLIAM P HOBBY AIRPORT, TX US","2020-10-23","10.07",,"80","91","60","  320"
"USW00012918","HOUSTON WILLIAM P HOBBY AIRPORT, TX US","2020-10-24","9.62",,"63","72","56","  340"
"USW00012918","HOUSTON WILLIAM P HOBBY AIRPORT, TX US","2020-10-25","8.28",,"69","77","64","  110"
"USW00012918","HOUSTON WILLIAM P HOBBY AIRPORT, TX US","2020-10-26","12.08",,"76","83","72","  110"
"USW00012918","HOUSTON WILLIAM P HOBBY AIRPORT, TX US","2020-10-27","9.62",,"70","77","63","  350"
"USW00012918","HOUSTON WILLIAM P HOBBY AIRPORT, TX US","2020-10-28","12.08",,"57","63","47","  310"
"USW00012918","HOUSTON WILLIAM P HOBBY AIRPORT, TX US","2020-10-29","13.20",,"54","67","46","  340"
"USW00012918","HOUSTON WILLIAM P HOBBY AIRPORT, TX US","2020-10-30","6.26",,"57","70","50","   10"
"USW00012918","HOUSTON WILLIAM P HOBBY AIRPORT, TX US","2020-10-31","2.24",,"62","76","50","  120"
"USW00012918","HOUSTON WILLIAM P HOBBY AIRPORT, TX US","2020-11-01","8.72",,"66","79","54","   20"
"USW00012918","HOUSTON WILLIAM P HOBBY AIRPORT, TX US","2020-11-02","6.71",,"64","74","49","   70"
"USW00012918","HOUSTON WILLIAM P HOBBY AIRPORT, TX US","2020-11-03","3.80",,"62","77","50","  140"
"USW00012918","HOUSTON WILLIAM P HOBBY AIRPORT, TX US","2020-11-04","6.26",,"64","80","51","  100"
"USW00012918","HOUSTON WILLIAM P HOBBY AIRPORT, TX US","2020-11-05","6.04",,"70","80","63","  120"
"USW00012918","HOUSTON WILLIAM P HOBBY AIRPORT, TX US","2020-11-06","4.70",,"68","80","59","   90"
"USW00012918","HOUSTON WILLIAM P HOBBY AIRPORT, TX US","2020-11-07","5.82",,"69","84","57","  130"
"USW00012918","HOUSTON WILLIAM P HOBBY AIRPORT, TX US","2020-11-08","8.05",,"71","81","64","  130"
"USW00012918","HOUSTON WILLIAM P HOBBY AIRPORT, TX US","2020-11-09","9.40",,"76","84","71","  130"
"USW00012918","HOUSTON WILLIAM P HOBBY AIRPORT, TX US","2020-11-10","4.92",,"77","87","72","  110"
"USW00012918","HOUSTON WILLIAM P HOBBY AIRPORT, TX US","2020-11-11","6.49",,"76","85","67","   60"
"USW00012918","HOUSTON WILLIAM P HOBBY AIRPORT, TX US","2020-11-12","6.71",,"73","85","64","  140"
"USW00012918","HOUSTON WILLIAM P HOBBY AIRPORT, TX US","2020-11-13","7.38",,"73","78","70","  130"
"USW00012918","HOUSTON WILLIAM P HOBBY AIRPORT, TX US","2020-11-14","10.51",,"76","86","70","  190"
"USW00012918","HOUSTON WILLIAM P HOBBY AIRPORT, TX US","2020-11-15","12.08",,"75","78","60","   10"
"USW00012918","HOUSTON WILLIAM P HOBBY AIRPORT, TX US","2020-11-16","5.82",,"63","73","49","   60"
"USW00012918","HOUSTON WILLIAM P HOBBY AIRPORT, TX US","2020-11-17","6.26",,"61","76","48","   70"
"USW00012918","HOUSTON WILLIAM P HOBBY AIRPORT, TX US","2020-11-18","7.61",,"62","75","52","  100"
"USW00012918","HOUSTON WILLIAM P HOBBY AIRPORT, TX US","2020-11-19","8.95",,"66","78","57","  100"
"USW00012918","HOUSTON WILLIAM P HOBBY AIRPORT, TX US","2020-11-20","9.84",,"71","81","65","  110"
"USW00012918","HOUSTON WILLIAM P HOBBY AIRPORT, TX US","2020-11-21","6.71",,"72","81","64","  120"
"USW00012918","HOUSTON WILLIAM P HOBBY AIRPORT, TX US","2020-11-22","4.25",,"72","83","64","   40"
"USW00012918","HOUSTON WILLIAM P HOBBY AIRPORT, TX US","2020-11-23","8.28",,"66","71","59","   50"
"USW00012918","HOUSTON WILLIAM P HOBBY AIRPORT, TX US","2020-11-24","12.30",,"70","83","59","  170"
"USW00012918","HOUSTON WILLIAM P HOBBY AIRPORT, TX US","2020-11-25","8.28",,"73","76","59","  320"
"USW00012918","HOUSTON WILLIAM P HOBBY AIRPORT, TX US","2020-11-26","8.28",,"66","75","57","  120"
"USW00012918","HOUSTON WILLIAM P HOBBY AIRPORT, TX US","2020-11-27","6.71",,"74","84","68","  310"
"USW00012918","HOUSTON WILLIAM P HOBBY AIRPORT, TX US","2020-11-28","10.07",,"67","69","64","   80"
"USW00012918","HOUSTON WILLIAM P HOBBY AIRPORT, TX US","2020-11-29","16.55",,"61","64","50","  330"
"USW00012918","HOUSTON WILLIAM P HOBBY AIRPORT, TX US","2020-11-30","11.86",,"51","58","39","  330"
"USW00012918","HOUSTON WILLIAM P HOBBY AIRPORT, TX US","2020-12-01","6.93",,"48","65","32","  170"
"USW00012918","HOUSTON WILLIAM P HOBBY AIRPORT, TX US","2020-12-02","10.51",,"63","68","55","  340"
"USW00012918","HOUSTON WILLIAM P HOBBY AIRPORT, TX US","2020-12-03","12.97",,"53","58","46","  340"
"USW00012918","HOUSTON WILLIAM P HOBBY AIRPORT, TX US","2020-12-04","6.49",,"50","60","42","   10"
"USW00012918","HOUSTON WILLIAM P HOBBY AIRPORT, TX US","2020-12-05","3.58",,"49","55","40","   50"
"USW00012918","HOUSTON WILLIAM P HOBBY AIRPORT, TX US","2020-12-06","6.71",,"54","66","46","  280"
"USW00012918","HOUSTON WILLIAM P HOBBY AIRPORT, TX US","2020-12-07","5.82",,"56","68","43","   10"
"USW00012918","HOUSTON WILLIAM P HOBBY AIRPORT, TX US","2020-12-08","4.03",,"56","74","43","  270"
"USW00012918","HOUSTON WILLIAM P HOBBY AIRPORT, TX US","2020-12-09","5.14",,"60","79","45","  260"
"USW00012918","HOUSTON WILLIAM P HOBBY AIRPORT, TX US","2020-12-10","6.93",,"62","79","48","  190"
"USW00012918","HOUSTON WILLIAM P HOBBY AIRPORT, TX US","2020-12-11","8.50",,"68","76","60","  150"
"USW00012918","HOUSTON WILLIAM P HOBBY AIRPORT, TX US","2020-12-12","7.16",,"67","70","60","  350"
"USW00012918","HOUSTON WILLIAM P HOBBY AIRPORT, TX US","2020-12-13","16.11",,"64","72","46","  310"
"USW00012918","HOUSTON WILLIAM P HOBBY AIRPORT, TX US","2020-12-14","10.74",,"47","49","43","  330"
"USW00012918","HOUSTON WILLIAM P HOBBY AIRPORT, TX US","2020-12-15","9.84",,"49","52","47","  330"
"USW00012918","HOUSTON WILLIAM P HOBBY AIRPORT, TX US","2020-12-16","10.96",,"49","54","40","  330"
"USW00012918","HOUSTON WILLIAM P HOBBY AIRPORT, TX US","2020-12-17","4.25",,"45","59","33","   60"
"USW00012918","HOUSTON WILLIAM P HOBBY AIRPORT, TX US","2020-12-18","8.95",,"51","65","40","  140"
"USW00012918","HOUSTON WILLIAM P HOBBY AIRPORT, TX US","2020-12-19","7.83",,"63","70","54","  350"
"USW00012918","HOUSTON WILLIAM P HOBBY AIRPORT, TX US","2020-12-20","4.47",,"58","68","48","  330"
"USW00012918","HOUSTON WILLIAM P HOBBY AIRPORT, TX US","2020-12-21","3.80",,"57","72","45","  170"
"USW00012918","HOUSTON WILLIAM P HOBBY AIRPORT, TX US","2020-12-22","6.26",,"60","72","49","  160"
"USW00012918","HOUSTON WILLIAM P HOBBY AIRPORT, TX US","2020-12-23","12.75",,"69","81","58","  340"
"USW00012918","HOUSTON WILLIAM P HOBBY AIRPORT, TX US","2020-12-24","17.45",,"54","58","41","  350"
"USW00012918","HOUSTON WILLIAM P HOBBY AIRPORT, TX US","2020-12-25","4.70",,"49","66","39","  150"
"USW00012918","HOUSTON WILLIAM P HOBBY AIRPORT, TX US","2020-12-26","7.61",,"55","70","44","  170"
"USW00012918","HOUSTON WILLIAM P HOBBY AIRPORT, TX US","2020-12-27","10.29",,"62","75","50","  200"
"USW00012918","HOUSTON WILLIAM P HOBBY AIRPORT, TX US","2020-12-28","8.50",,"67","77","60","  120"
"USW00012918","HOUSTON WILLIAM P HOBBY AIRPORT, TX US","2020-12-29","14.76",,"66","76","61","  130"
"USW00012918","HOUSTON WILLIAM P HOBBY AIRPORT, TX US","2020-12-30","12.97",,"70","79","65","  160"
"USW00012918","HOUSTON WILLIAM P HOBBY AIRPORT, TX US","2020-12-31","14.54",,"67","71","45","  160"
"USW00012918","HOUSTON WILLIAM P HOBBY AIRPORT, TX US","2021-01-01","10.74",,"47","56","40","  240"
"USW00012918","HOUSTON WILLIAM P HOBBY AIRPORT, TX US","2021-01-02","6.71",,"47","59","41","  310"
"USW00012918","HOUSTON WILLIAM P HOBBY AIRPORT, TX US","2021-01-03","8.72",,"53","69","42","  200"
"USW00012918","HOUSTON WILLIAM P HOBBY AIRPORT, TX US","2021-01-04","4.03",,"60","76","48","  230"
"USW00012918","HOUSTON WILLIAM P HOBBY AIRPORT, TX US","2021-01-05","7.38",,"60","70","50","  110"
"USW00012918","HOUSTON WILLIAM P HOBBY AIRPORT, TX US","2021-01-06","13.20",,"64","76","53","  310"
"USW00012918","HOUSTON WILLIAM P HOBBY AIRPORT, TX US","2021-01-07","13.20",,"55","61","45","  310"
"USW00012918","HOUSTON WILLIAM P HOBBY AIRPORT, TX US","2021-01-08","8.28",,"49","55","41","  330"
"USW00012918","HOUSTON WILLIAM P HOBBY AIRPORT, TX US","2021-01-09","5.14",,"47","56","38","   80"
"USW00012918","HOUSTON WILLIAM P HOBBY AIRPORT, TX US","2021-01-10","15.88",,"45","50","37","   20"
"USW00012918","HOUSTON WILLIAM P HOBBY AIRPORT, TX US","2021-01-11","12.53",,"39","47","36","  340"
"USW00012918","HOUSTON WILLIAM P HOBBY AIRPORT, TX US","2021-01-12","3.80",,"41","51","33","  250"
"USW00012918","HOUSTON WILLIAM P HOBBY AIRPORT, TX US","2021-01-13","6.26",,"49","61","38","  200"
"USW00012918","HOUSTON WILLIAM P HOBBY AIRPORT, TX US","2021-01-14","9.84",,"53","75","40","  210"
"USW00012918","HOUSTON WILLIAM P HOBBY AIRPORT, TX US","2021-01-15","12.75",,"54","62","43","  300"
"USW00012918","HOUSTON WILLIAM P HOBBY AIRPORT, TX US","2021-01-16","6.71",,"51","61","41","  260"
"USW00012918","HOUSTON WILLIAM P HOBBY AIRPORT, TX US","2021-01-17","4.92",,"52","69","38","  330"
"USW00012918","HOUSTON WILLIAM P HOBBY AIRPORT, TX US","2021-01-18","8.28",,"55","71","41","  140"
"USW00012918","HOUSTON WILLIAM P HOBBY AIRPORT, TX US","2021-01-19","9.62",,"68","76","60","  170"
"USW00012918","HOUSTON WILLIAM P HOBBY AIRPORT, TX US","2021-01-20","6.93",,"62","64","59","  130"
"USW00012918","HOUSTON WILLIAM P HOBBY AIRPORT, TX US","2021-01-21","5.59",,"65","71","61","  220"
"USW00012918","HOUSTON WILLIAM P HOBBY AIRPORT, TX US","2021-01-22","5.14",,"68","72","63","   50"
"USW00012918","HOUSTON WILLIAM P HOBBY AIRPORT, TX US","2021-01-23","10.51",,"64","66","61","  100"
"USW00012918","HOUSTON WILLIAM P HOBBY AIRPORT, TX US","2021-01-24","12.08",,"67","79","61","  170"
"USW00012918","HOUSTON WILLIAM P HOBBY AIRPORT, TX US","2021-01-25","11.18",,"74","81","67","  160"
"USW00012918","HOUSTON WILLIAM P HOBBY AIRPORT, TX US","2021-01-26","7.38",,"70","78","60","   40"
"USW00012918","HOUSTON WILLIAM P HOBBY AIRPORT, TX US","2021-01-27","16.11",,"65","70","51","  360"
"USW00012918","HOUSTON WILLIAM P HOBBY AIRPORT, TX US","2021-01-28","8.50",,"52","62","42","   50"
"USW00012918","HOUSTON WILLIAM P HOBBY AIRPORT, TX US","2021-01-29","7.61",,"53","65","43","  110"
"USW00012918","HOUSTON WILLIAM P HOBBY AIRPORT, TX US","2021-01-30","13.20",,"65","76","56","  190"
"USW00012918","HOUSTON WILLIAM P HOBBY AIRPORT, TX US","2021-01-31","13.87",,"66","70","52","  330"
"USW00012918","HOUSTON WILLIAM P HOBBY AIRPORT, TX US","2021-02-01","9.62",,"54","65","44","  340"
"USW00012918","HOUSTON WILLIAM P HOBBY AIRPORT, TX US","2021-02-02","6.49",,"55","66","45","  110"
"USW00012918","HOUSTON WILLIAM P HOBBY AIRPORT, TX US","2021-02-03","9.62",,"57","69","48","  170"
"USW00012918","HOUSTON WILLIAM P HOBBY AIRPORT, TX US","2021-02-04","12.30",,"68","80","61","  220"
"USW00012918","HOUSTON WILLIAM P HOBBY AIRPORT, TX US","2021-02-05","12.75",,"58","63","48","   40"
"USW00012918","HOUSTON WILLIAM P HOBBY AIRPORT, TX US","2021-02-06","8.28",,"55","68","50","  360"
"USW00012918","HOUSTON WILLIAM P HOBBY AIRPORT, TX US","2021-02-07","8.95",,"54","64","43","  110"
"USW00012918","HOUSTON WILLIAM P HOBBY AIRPORT, TX US","2021-02-08","9.40",,"60","72","51","  110"
"USW00012918","HOUSTON WILLIAM P HOBBY AIRPORT, TX US","2021-02-09","6.49",,"66","72","63","  110"
"USW00012918","HOUSTON WILLIAM P HOBBY AIRPORT, TX US","2021-02-10","7.83",,"65","68","48","  340"
"USW00012918","HOUSTON WILLIAM P HOBBY AIRPORT, TX US","2021-02-11","14.54",,"47","48","40","   20"
"USW00012918","HOUSTON WILLIAM P HOBBY AIRPORT, TX US","2021-02-12","16.11",,"40","42","35","  350"
"USW00012918","HOUSTON WILLIAM P HOBBY AIRPORT, TX US","2021-02-13","14.09",,"39","44","36","  350"
"USW00012918","HOUSTON WILLIAM P HOBBY AIRPORT, TX US","2021-02-14","14.09",,"37","39","28","  350"
"USW00012918","HOUSTON WILLIAM P HOBBY AIRPORT, TX US","2021-02-15","19.24",,"24","28","17","  330"
"USW00012918","HOUSTON WILLIAM P HOBBY AIRPORT, TX US","2021-02-16","8.72",,"22","36","15","  100"
"USW00012918","HOUSTON WILLIAM P HOBBY AIRPORT, TX US","2021-02-17","14.09",,"36","39","33","   20"
"USW00012918","HOUSTON WILLIAM P HOBBY AIRPORT, TX US","2021-02-18","16.11",,"36","44","31","  350"
"USW00012918","HOUSTON WILLIAM P HOBBY AIRPORT, TX US","2021-02-19","6.49",,"36","51","26","  340"
"USW00012918","HOUSTON WILLIAM P HOBBY AIRPORT, TX US","2021-02-20","7.61",,"45","60","31","  170"
"USW00012918","HOUSTON WILLIAM P HOBBY AIRPORT, TX US","2021-02-21","8.72",,"56","73","45","  170"
"USW00012918","HOUSTON WILLIAM P HOBBY AIRPORT, TX US","2021-02-22","6.93",,"63","77","51","   40"
"USW00012918","HOUSTON WILLIAM P HOBBY AIRPORT, TX US","2021-02-23","8.28",,"61","79","44","  180"
"USW00012918","HOUSTON WILLIAM P HOBBY AIRPORT, TX US","2021-02-24","9.84",,"67","81","57","  210"
"USW00012918","HOUSTON WILLIAM P HOBBY AIRPORT, TX US","2021-02-25","10.29",,"69","72","66","  160"
"USW00012918","HOUSTON WILLIAM P HOBBY AIRPORT, TX US","2021-02-26","11.18",,"72","81","69","  170"
"USW00012918","HOUSTON WILLIAM P HOBBY AIRPORT, TX US","2021-02-27","12.53",,"72","78","70","  150"
"USW00012918","HOUSTON WILLIAM P HOBBY AIRPORT, TX US","2021-02-28","11.18",,"74","82","71","  180"
"USW00012918","HOUSTON WILLIAM P HOBBY AIRPORT, TX US","2021-03-01","13.42",,"68","72","53","   60"
"USW00012918","HOUSTON WILLIAM P HOBBY AIRPORT, TX US","2021-03-02","11.63",,"55","66","49","  360"
"USW00012918","HOUSTON WILLIAM P HOBBY AIRPORT, TX US","2021-03-03","4.70",,"56","68","44","  180"
"USW00012918","HOUSTON WILLIAM P HOBBY AIRPORT, TX US","2021-03-04","6.93",,"57","71","45","  110"
"USW00012918","HOUSTON WILLIAM P HOBBY AIRPORT, TX US","2021-03-05","8.05",,"62","76","53","   50"
"USW00012918","HOUSTON WILLIAM P HOBBY AIRPORT, TX US","2021-03-06","11.86",,"62","71","53","   20"
"USW00012918","HOUSTON WILLIAM P HOBBY AIRPORT, TX US","2021-03-07","9.40",,"58","67","47","  120"
"USW00012918","HOUSTON WILLIAM P HOBBY AIRPORT, TX US","2021-03-08","7.38",,"58","73","46","  120"
"USW00012918","HOUSTON WILLIAM P HOBBY AIRPORT, TX US","2021-03-09","12.53",,"66","76","57","  150"
"USW00012918","HOUSTON WILLIAM P HOBBY AIRPORT, TX US","2021-03-10","14.32",,"69","78","63","  170"
"USW00012918","HOUSTON WILLIAM P HOBBY AIRPORT, TX US","2021-03-11","14.54",,"72","80","70","  160"
"USW00012918","HOUSTON WILLIAM P HOBBY AIRPORT, TX US","2021-03-12","12.75",,"74","83","67","  170"
"USW00012918","HOUSTON WILLIAM P HOBBY AIRPORT, TX US","2021-03-13","13.20",,"72","83","65","  160"
"USW00012918","HOUSTON WILLIAM P HOBBY AIRPORT, TX US","2021-03-14","12.30",,"72","76","59","  160"
"USW00012918","HOUSTON WILLIAM P HOBBY AIRPORT, TX US","2021-03-15","5.59",,"68","82","61","  170"
"USW00012918","HOUSTON WILLIAM P HOBBY AIRPORT, TX US","2021-03-16","8.05",,"73","81","68","  180"
"USW00012918","HOUSTON WILLIAM P HOBBY AIRPORT, TX US","2021-03-17","15.66",,"75","81","58","  310"
"USW00012918","HOUSTON WILLIAM P HOBBY AIRPORT, TX US","2021-03-18","15.21",,"61","70","50","  310"
"USW00012918","HOUSTON WILLIAM P HOBBY AIRPORT, TX US","2021-03-19","12.08",,"58","69","48","  350"
"USW00012918","HOUSTON WILLIAM P HOBBY AIRPORT, TX US","2021-03-20","9.40",,"57","69","46","   10"
"USW00012918","HOUSTON WILLIAM P HOBBY AIRPORT, TX US","2021-03-21","7.83",,"58","70","48","  120"
"USW00012918","HOUSTON WILLIAM P HOBBY AIRPORT, TX US","2021-03-22","12.97",,"65","77","56","  170"
"USW00012918","HOUSTON WILLIAM P HOBBY AIRPORT, TX US","2021-03-23","4.70",,"72","84","62","  350"
"USW00012918","HOUSTON WILLIAM P HOBBY AIRPORT, TX US","2021-03-24","14.76",,"69","72","63","  110"
"USW00012918","HOUSTON WILLIAM P HOBBY AIRPORT, TX US","2021-03-25","9.84",,"73","83","63","  320"
"USW00012918","HOUSTON WILLIAM P HOBBY AIRPORT, TX US","2021-03-26","10.29",,"70","84","57","  120"
"USW00012918","HOUSTON WILLIAM P HOBBY AIRPORT, TX US","2021-03-27","10.96",,"75","85","71","  190"
"USW00012918","HOUSTON WILLIAM P HOBBY AIRPORT, TX US","2021-03-28","9.84",,"69","76","53","   10"
"USW00012918","HOUSTON WILLIAM P HOBBY AIRPORT, TX US","2021-03-29","8.05",,"61","73","49","   70"
"USW00012918","HOUSTON WILLIAM P HOBBY AIRPORT, TX US","2021-03-30","11.86",,"72","84","66","  180"
"USW00012918","HOUSTON WILLIAM P HOBBY AIRPORT, TX US","2021-03-31","11.86",,"74","83","60","   10"
"USW00012918","HOUSTON WILLIAM P HOBBY AIRPORT, TX US","2021-04-01","13.65",,"63","72","53","   40"
"USW00012918","HOUSTON WILLIAM P HOBBY AIRPORT, TX US","2021-04-02","10.51",,"60","67","52","  100"
"USW00012918","HOUSTON WILLIAM P HOBBY AIRPORT, TX US","2021-04-03","8.28",,"60","69","52","  120"
"USW00012918","HOUSTON WILLIAM P HOBBY AIRPORT, TX US","2021-04-04","8.95",,"65","75","56","  100"
"USW00012918","HOUSTON WILLIAM P HOBBY AIRPORT, TX US","2021-04-05","10.29",,"70","80","61","  130"
"USW00012918","HOUSTON WILLIAM P HOBBY AIRPORT, TX US","2021-04-06","14.54",,"73","82","69","  180"
"USW00012918","HOUSTON WILLIAM P HOBBY AIRPORT, TX US","2021-04-07","12.97",,"76","83","65","  170"
"USW00012918","HOUSTON WILLIAM P HOBBY AIRPORT, TX US","2021-04-08","6.93",,"73","88","60","  160"
"USW00012918","HOUSTON WILLIAM P HOBBY AIRPORT, TX US","2021-04-09","12.30",,"77","83","73","  180"
"USW00012918","HOUSTON WILLIAM P HOBBY AIRPORT, TX US","2021-04-10","10.51",,"77","86","65","   10"
"USW00012918","HOUSTON WILLIAM P HOBBY AIRPORT, TX US","2021-04-11","7.16",,"72","86","59","   70"
"USW00012918","HOUSTON WILLIAM P HOBBY AIRPORT, TX US","2021-04-12","8.95",,"72","84","59","  110"
"USW00012918","HOUSTON WILLIAM P HOBBY AIRPORT, TX US","2021-04-13","10.29",,"77","87","72","  120"
"USW00012918","HOUSTON WILLIAM P HOBBY AIRPORT, TX US","2021-04-14","9.62",,"75","79","69","  360"
"USW00012918","HOUSTON WILLIAM P HOBBY AIRPORT, TX US","2021-04-15","11.63",,"69","73","65","   50"
"USW00012918","HOUSTON WILLIAM P HOBBY AIRPORT, TX US","2021-04-16","10.29",,"69","73","64","   20"
"USW00012918","HOUSTON WILLIAM P HOBBY AIRPORT, TX US","2021-04-17","15.43",,"64","66","56","   10"
"USW00012918","HOUSTON WILLIAM P HOBBY AIRPORT, TX US","2021-04-18","9.62",,"60","69","53","  360"
"USW00012918","HOUSTON WILLIAM P HOBBY AIRPORT, TX US","2021-04-19","5.59",,"63","74","51","  110"
"USW00012918","HOUSTON WILLIAM P HOBBY AIRPORT, TX US","2021-04-20","5.82",,"67","83","55","  350"
"USW00012918","HOUSTON WILLIAM P HOBBY AIRPORT, TX US","2021-04-21","11.18",,"62","71","49","  360"
"USW00012918","HOUSTON WILLIAM P HOBBY AIRPORT, TX US","2021-04-22","12.97",,"64","75","55","  100"
"USW00012918","HOUSTON WILLIAM P HOBBY AIRPORT, TX US","2021-04-23","12.30",,"72","77","68","  150"
"USW00012918","HOUSTON WILLIAM P HOBBY AIRPORT, TX US","2021-04-24","11.41",,"79","89","69","  330"
"USW00012918","HOUSTON WILLIAM P HOBBY AIRPORT, TX US","2021-04-25","10.51",,"73","81","63","   80"
"USW00012918","HOUSTON WILLIAM P HOBBY AIRPORT, TX US","2021-04-26","10.29",,"72","83","64","  140"
"USW00012918","HOUSTON WILLIAM P HOBBY AIRPORT, TX US","2021-04-27","11.86",,"76","82","74","  110"
"USW00012918","HOUSTON WILLIAM P HOBBY AIRPORT, TX US","2021-04-28","17.00",,"80","86","76","  170"
"USW00012918","HOUSTON WILLIAM P HOBBY AIRPORT, TX US","2021-04-29","9.17",,"79","84","75","  110"
"USW00012918","HOUSTON WILLIAM P HOBBY AIRPORT, TX US","2021-04-30","10.74",,"76","78","71","   80"
"USW00012918","HOUSTON WILLIAM P HOBBY AIRPORT, TX US","2021-05-01","10.96",,"73","79","70","  130"
"USW00012918","HOUSTON WILLIAM P HOBBY AIRPORT, TX US","2021-05-02","12.30",,"78","88","72","  200"
"USW00012918","HOUSTON WILLIAM P HOBBY AIRPORT, TX US","2021-05-03","13.42",,"80","88","77","  160"
"USW00012918","HOUSTON WILLIAM P HOBBY AIRPORT, TX US","2021-05-04","9.40",,"82","90","72","   10"
"USW00012918","HOUSTON WILLIAM P HOBBY AIRPORT, TX US","2021-05-05","10.96",,"74","85","63","   10"
"USW00012918","HOUSTON WILLIAM P HOBBY AIRPORT, TX US","2021-05-06","7.38",,"76","87","66","   50"
"USW00012918","HOUSTON WILLIAM P HOBBY AIRPORT, TX US","2021-05-07","7.38",,"77","87","64","  110"
"USW00012918","HOUSTON WILLIAM P HOBBY AIRPORT, TX US","2021-05-08","13.42",,"76","87","67","  170"
"USW00012918","HOUSTON WILLIAM P HOBBY AIRPORT, TX US","2021-05-09","14.32",,"81","89","78","  200"
"USW00012918","HOUSTON WILLIAM P HOBBY AIRPORT, TX US","2021-05-10","9.62",,"83","90","78","  120"
"USW00012918","HOUSTON WILLIAM P HOBBY AIRPORT, TX US","2021-05-11","12.08",,"83","89","70","   10"
"USW00012918","HOUSTON WILLIAM P HOBBY AIRPORT, TX US","2021-05-12","12.75",,"70","77","65","  340"
"USW00012918","HOUSTON WILLIAM P HOBBY AIRPORT, TX US","2021-05-13","8.95",,"71","79","65","   20"
"USW00012918","HOUSTON WILLIAM P HOBBY AIRPORT, TX US","2021-05-14","8.72",,"74","84","66","  140"
"USW00012918","HOUSTON WILLIAM P HOBBY AIRPORT, TX US","2021-05-15","10.74",,"75","85","66","  130"
"USW00012918","HOUSTON WILLIAM P HOBBY AIRPORT, TX US","2021-05-16","10.07",,"76","79","72","  170"
"USW00012918","HOUSTON WILLIAM P HOBBY AIRPORT, TX US","2021-05-17","10.07",,"77","89","69","   50"
"USW00012918","HOUSTON WILLIAM P HOBBY AIRPORT, TX US","2021-05-18","13.42",,"74","84","66","  250"
"USW00012918","HOUSTON WILLIAM P HOBBY AIRPORT, TX US","2021-05-19","9.62",,"70","72","67","  130"
"USW00012918","HOUSTON WILLIAM P HOBBY AIRPORT, TX US","2021-05-20","7.38",,"74","83","66","  100"
"USW00012918","HOUSTON WILLIAM P HOBBY AIRPORT, TX US","2021-05-21","12.30",,"77","84","72","  100"
"USW00012918","HOUSTON WILLIAM P HOBBY AIRPORT, TX US","2021-05-22","14.54",,"78","82","74","  110"
"USW00012918","HOUSTON WILLIAM P HOBBY AIRPORT, TX US","2021-05-23","11.41",,"76","78","73","  160"
"USW00012918","HOUSTON WILLIAM P HOBBY AIRPORT, TX US","2021-05-24","9.62",,"77","82","73","  130"
"USW00012918","HOUSTON WILLIAM P HOBBY AIRPORT, TX US","2021-05-25","11.18",,"79","86","76","  150"
"USW00012918","HOUSTON WILLIAM P HOBBY AIRPORT, TX US","2021-05-26","8.50",,"81","89","75","  140"
"USW00012918","HOUSTON WILLIAM P HOBBY AIRPORT, TX US","2021-05-27","9.62",,"81","90","74","  180"
"USW00012918","HOUSTON WILLIAM P HOBBY AIRPORT, TX US","2021-05-28","9.84",,"81","88","70","  320"
"USW00012918","HOUSTON WILLIAM P HOBBY AIRPORT, TX US","2021-05-29","5.59",,"80","91","70","  150"
"USW00012918","HOUSTON WILLIAM P HOBBY AIRPORT, TX US","2021-05-30","9.40",,"79","85","75","  100"
"USW00012918","HOUSTON WILLIAM P HOBBY AIRPORT, TX US","2021-05-31","10.51",,"80","88","74","  140"
"USW00012918","HOUSTON WILLIAM P HOBBY AIRPORT, TX US","2021-06-01","7.16",,"80","85","76","  180"
"USW00012918","HOUSTON WILLIAM P HOBBY AIRPORT, TX US","2021-06-02","5.59",,"81","91","72","  360"
"USW00012918","HOUSTON WILLIAM P HOBBY AIRPORT, TX US","2021-06-03","7.16",,"76","89","72","  160"
"USW00012918","HOUSTON WILLIAM P HOBBY AIRPORT, TX US","2021-06-04","7.38",,"75","80","73","   80"
"USW00012918","HOUSTON WILLIAM P HOBBY AIRPORT, TX US","2021-06-05","5.82",,"78","89","73","  130"
"USW00012918","HOUSTON WILLIAM P HOBBY AIRPORT, TX US","2021-06-06","8.50",,"82","92","74","  180"
"USW00012918","HOUSTON WILLIAM P HOBBY AIRPORT, TX US","2021-06-07","12.75",,"85","91","81","  180"
"USW00012918","HOUSTON WILLIAM P HOBBY AIRPORT, TX US","2021-06-08","11.41",,"86","93","81","  140"
"USW00012918","HOUSTON WILLIAM P HOBBY AIRPORT, TX US","2021-06-09","10.51",,"87","92","80","  150"
"USW00012918","HOUSTON WILLIAM P HOBBY AIRPORT, TX US","2021-06-10","9.84",,"85","93","79","  160"
"USW00012918","HOUSTON WILLIAM P HOBBY AIRPORT, TX US","2021-06-11","10.51",,"85","94","77","  170"
"USW00012918","HOUSTON WILLIAM P HOBBY AIRPORT, TX US","2021-06-12","5.82",,"86","97","79","  210"
"USW00012918","HOUSTON WILLIAM P HOBBY AIRPORT, TX US","2021-06-13","6.71",,"88","100","81","   40"
"USW00012918","HOUSTON WILLIAM P HOBBY AIRPORT, TX US","2021-06-14","5.82",,"89","99","81","   20"
"USW00012918","HOUSTON WILLIAM P HOBBY AIRPORT, TX US","2021-06-15","7.38",,"87","98","74","  310"
"USW00012918","HOUSTON WILLIAM P HOBBY AIRPORT, TX US","2021-06-16","6.49",,"83","97","74","   60"
"USW00012918","HOUSTON WILLIAM P HOBBY AIRPORT, TX US","2021-06-17","7.38",,"87","95","79","  100"
"USW00012918","HOUSTON WILLIAM P HOBBY AIRPORT, TX US","2021-06-18","6.71",,"85","95","74","   70"
"USW00012918","HOUSTON WILLIAM P HOBBY AIRPORT, TX US","2021-06-19","7.38",,"87","98","78","  190"
"USW00012918","HOUSTON WILLIAM P HOBBY AIRPORT, TX US","2021-06-20","9.17",,"86","93","80","  210"
"USW00012918","HOUSTON WILLIAM P HOBBY AIRPORT, TX US","2021-06-21","11.18",,"86","92","82","  160"
"USW00012918","HOUSTON WILLIAM P HOBBY AIRPORT, TX US","2021-06-22","5.82",,"85","95","77","  180"
"USW00012918","HOUSTON WILLIAM P HOBBY AIRPORT, TX US","2021-06-23","8.05",,"85","95","79","  180"
"USW00012918","HOUSTON WILLIAM P HOBBY AIRPORT, TX US","2021-06-24","9.40",,"87","93","81","  160"
"USW00012918","HOUSTON WILLIAM P HOBBY AIRPORT, TX US","2021-06-25","9.62",,"87","96","81","  170"
"USW00012918","HOUSTON WILLIAM P HOBBY AIRPORT, TX US","2021-06-26","10.29",,"86","94","80","  140"
"USW00012918","HOUSTON WILLIAM P HOBBY AIRPORT, TX US","2021-06-27","9.17",,"86","93","79","  120"
"USW00012918","HOUSTON WILLIAM P HOBBY AIRPORT, TX US","2021-06-28","5.82",,"80","82","74","  130"
"USW00012918","HOUSTON WILLIAM P HOBBY AIRPORT, TX US","2021-06-29","4.92",,"80","87","77","  120"
"USW00012918","HOUSTON WILLIAM P HOBBY AIRPORT, TX US","2021-06-30","6.71",,"84","93","79","   70"
"USW00012918","HOUSTON WILLIAM P HOBBY AIRPORT, TX US","2021-07-01","4.70",,"85","92","78","  140"
"USW00012918","HOUSTON WILLIAM P HOBBY AIRPORT, TX US","2021-07-02","4.03",,"86","95","78","  100"
"USW00012918","HOUSTON WILLIAM P HOBBY AIRPORT, TX US","2021-07-03","4.03",,"84","89","78","   40"
"USW00012918","HOUSTON WILLIAM P HOBBY AIRPORT, TX US","2021-07-04","4.47",,"82","92","78","  220"
"USW00012918","HOUSTON WILLIAM P HOBBY AIRPORT, TX US","2021-07-05","4.25",,"82","89","78","  130"
"USW00012918","HOUSTON WILLIAM P HOBBY AIRPORT, TX US","2021-07-06","7.16",,"81","88","76","  130"
"USW00012918","HOUSTON WILLIAM P HOBBY AIRPORT, TX US","2021-07-07","7.16",,"81","87","75","  150"
"USW00012918","HOUSTON WILLIAM P HOBBY AIRPORT, TX US","2021-07-08","10.07",,"81","89","75","  130"
"USW00012918","HOUSTON WILLIAM P HOBBY AIRPORT, TX US","2021-07-09","7.16",,"78","83","73","  230"
"USW00012918","HOUSTON WILLIAM P HOBBY AIRPORT, TX US","2021-07-10","9.17",,"84","93","79","  180"
"USW00012918","HOUSTON WILLIAM P HOBBY AIRPORT, TX US","2021-07-11","7.83",,"86","94","79","  200"
"USW00012918","HOUSTON WILLIAM P HOBBY AIRPORT, TX US","2021-07-12","6.49",,"85","94","79","  340"
"USW00012918","HOUSTON WILLIAM P HOBBY AIRPORT, TX US","2021-07-13","5.14",,"83","92","77","  160"
"USW00012918","HOUSTON WILLIAM P HOBBY AIRPORT, TX US","2021-07-14","5.37",,"81","89","76","   90"
"USW00012918","HOUSTON WILLIAM P HOBBY AIRPORT, TX US","2021-07-15","7.61",,"84","91","77","  170"
"USW00012918","HOUSTON WILLIAM P HOBBY AIRPORT, TX US","2021-07-16","8.95",,"86","93","80","  200"
"USW00012918","HOUSTON WILLIAM P HOBBY AIRPORT, TX US","2021-07-17","6.04",,"86","96","78","  180"
"USW00012918","HOUSTON WILLIAM P HOBBY AIRPORT, TX US","2021-07-18","5.82",,"86","94","80","  110"
"USW00012918","HOUSTON WILLIAM P HOBBY AIRPORT, TX US","2021-07-19","6.49",,"87","95","77","  190"
"USW00012918","HOUSTON WILLIAM P HOBBY AIRPORT, TX US","2021-07-20","6.04",,"82","92","78","   20"
"USW00012918","HOUSTON WILLIAM P HOBBY AIRPORT, TX US","2021-07-21","4.03",,"83","89","76","  180"
"USW00012918","HOUSTON WILLIAM P HOBBY AIRPORT, TX US","2021-07-22","6.04",,"85","93","78","  180"
"USW00012918","HOUSTON WILLIAM P HOBBY AIRPORT, TX US","2021-07-23","8.05",,"87","96","80","  180"
"USW00012918","HOUSTON WILLIAM P HOBBY AIRPORT, TX US","2021-07-24","7.61",,"87","97","79","  180"
"USW00012918","HOUSTON WILLIAM P HOBBY AIRPORT, TX US","2021-07-25","5.82",,"86","96","78","  190"
"USW00012918","HOUSTON WILLIAM P HOBBY AIRPORT, TX US","2021-07-26","6.04",,"87","98","79","  150"
"USW00012918","HOUSTON WILLIAM P HOBBY AIRPORT, TX US","2021-07-27","7.38",,"87","96","79","   50"
"USW00012918","HOUSTON WILLIAM P HOBBY AIRPORT, TX US","2021-07-28","5.59",,"87","97","77","  110"
"USW00012918","HOUSTON WILLIAM P HOBBY AIRPORT, TX US","2021-07-29","6.04",,"88","97","81","  160"
"USW00012918","HOUSTON WILLIAM P HOBBY AIRPORT, TX US","2021-07-30","4.92",,"87","97","77","  360"
"USW00012918","HOUSTON WILLIAM P HOBBY AIRPORT, TX US","2021-07-31","6.04",,"86","96","80","  180"
"USW00012918","HOUSTON WILLIAM P HOBBY AIRPORT, TX US","2021-08-01","7.38",,"87","95","81","  200"
"USW00012918","HOUSTON WILLIAM P HOBBY AIRPORT, TX US","2021-08-02","7.38",,"87","95","81","  280"
"USW00012918","HOUSTON WILLIAM P HOBBY AIRPORT, TX US","2021-08-03","6.71",,"85","92","78","   80"
"USW00012918","HOUSTON WILLIAM P HOBBY AIRPORT, TX US","2021-08-04","6.71",,"83","89","78","  120"
"USW00012918","HOUSTON WILLIAM P HOBBY AIRPORT, TX US","2021-08-05","7.83",,"85","88","79","  130"
"USW00012918","HOUSTON WILLIAM P HOBBY AIRPORT, TX US","2021-08-06","4.92",,"84","93","77","  170"
"USW00012918","HOUSTON WILLIAM P HOBBY AIRPORT, TX US","2021-08-07","7.38",,"86","95","79","  160"
"USW00012918","HOUSTON WILLIAM P HOBBY AIRPORT, TX US","2021-08-08","10.29",,"87","95","81","  140"
"USW00012918","HOUSTON WILLIAM P HOBBY AIRPORT, TX US","2021-08-09","10.51",,"88","96","82","  170"
"USW00012918","HOUSTON WILLIAM P HOBBY AIRPORT, TX US","2021-08-10","8.72",,"88","97","81","  160"
"USW00012918","HOUSTON WILLIAM P HOBBY AIRPORT, TX US","2021-08-11","6.71",,"87","96","81","  220"
"USW00012918","HOUSTON WILLIAM P HOBBY AIRPORT, TX US","2021-08-12","4.92",,"86","96","79","   60"
"USW00012918","HOUSTON WILLIAM P HOBBY AIRPORT, TX US","2021-08-13","3.58",,"85","94","80","  120"
"USW00012918","HOUSTON WILLIAM P HOBBY AIRPORT, TX US","2021-08-14","4.70",,"86","96","80","  100"
"USW00012918","HOUSTON WILLIAM P HOBBY AIRPORT, TX US","2021-08-15","4.92",,"85","96","73","  330"
"USW00012918","HOUSTON WILLIAM P HOBBY AIRPORT, TX US","2021-08-16","3.36",,"80","91","76","  330"
"USW00012918","HOUSTON WILLIAM P HOBBY AIRPORT, TX US","2021-08-17","6.04",,"84","95","77","  140"
"USW00012918","HOUSTON WILLIAM P HOBBY AIRPORT, TX US","2021-08-18","6.93",,"86","93","81","  130"
"USW00012918","HOUSTON WILLIAM P HOBBY AIRPORT, TX US","2021-08-19","8.50",,"88","96","82","  170"
"USW00012918","HOUSTON WILLIAM P HOBBY AIRPORT, TX US","2021-08-20","8.72",,"88","95","81","  140"
"USW00012918","HOUSTON WILLIAM P HOBBY AIRPORT, TX US","2021-08-21","6.26",,"87","96","80","  160"
"USW00012918","HOUSTON WILLIAM P HOBBY AIRPORT, TX US","2021-08-22","4.70",,"87","98","78","  160"
"USW00012918","HOUSTON WILLIAM P HOBBY AIRPORT, TX US","2021-08-23","4.92",,"86","98","77","  140"
"USW00012918","HOUSTON WILLIAM P HOBBY AIRPORT, TX US","2021-08-24","4.70",,"87","98","80","  150"
"USW00012918","HOUSTON WILLIAM P HOBBY AIRPORT, TX US","2021-08-25","3.13",,"87","97","81","   50"
"USW00012918","HOUSTON WILLIAM P HOBBY AIRPORT, TX US","2021-08-26","6.93",,"86","95","78","  110"
"USW00012918","HOUSTON WILLIAM P HOBBY AIRPORT, TX US","2021-08-27","6.71",,"84","92","77","  120"
"USW00012918","HOUSTON WILLIAM P HOBBY AIRPORT, TX US","2021-08-28","6.49",,"84","91","80","   90"
"USW00012918","HOUSTON WILLIAM P HOBBY AIRPORT, TX US","2021-08-29","6.93",,"85","96","78","   40"
"USW00012918","HOUSTON WILLIAM P HOBBY AIRPORT, TX US","2021-08-30","6.71",,"88","98","79","  290"
"USW00012918","HOUSTON WILLIAM P HOBBY AIRPORT, TX US","2021-08-31","7.16",,"88","98","81","   70"
"USW00012918","HOUSTON WILLIAM P HOBBY AIRPORT, TX US","2021-09-01","5.37",,"86","97","82","  100"
"USW00012918","HOUSTON WILLIAM P HOBBY AIRPORT, TX US","2021-09-02","5.14",,"85","94","80","  230"
"USW00012918","HOUSTON WILLIAM P HOBBY AIRPORT, TX US","2021-09-03","4.70",,"84","93","77","  230"
"USW00012918","HOUSTON WILLIAM P HOBBY AIRPORT, TX US","2021-09-04","4.92",,"84","97","77","  180"
"USW00012918","HOUSTON WILLIAM P HOBBY AIRPORT, TX US","2021-09-05","6.49",,"87","96","79","  260"
"USW00012918","HOUSTON WILLIAM P HOBBY AIRPORT, TX US","2021-09-06","6.04",,"85","94","76","  320"
"USW00012918","HOUSTON WILLIAM P HOBBY AIRPORT, TX US","2021-09-07","5.82",,"85","94","75","   30"
"USW00012918","HOUSTON WILLIAM P HOBBY AIRPORT, TX US","2021-09-08","4.92",,"83","95","73","   10"
"USW00012918","HOUSTON WILLIAM P HOBBY AIRPORT, TX US","2021-09-09","6.71",,"85","96","74","   40"
"USW00012918","HOUSTON WILLIAM P HOBBY AIRPORT, TX US","2021-09-10","7.61",,"85","93","76","   50"
"USW00012918","HOUSTON WILLIAM P HOBBY AIRPORT, TX US","2021-09-11","8.50",,"81","91","69","   60"
"USW00012918","HOUSTON WILLIAM P HOBBY AIRPORT, TX US","2021-09-12","8.72",,"83","92","75","  160"
"USW00012918","HOUSTON WILLIAM P HOBBY AIRPORT, TX US","2021-09-13","12.75",,"78","79","72","   90"
"USW00012918","HOUSTON WILLIAM P HOBBY AIRPORT, TX US","2021-09-14","16.11",,"74","78","71","   90"
"USW00012918","HOUSTON WILLIAM P HOBBY AIRPORT, TX US","2021-09-15","10.07",,"76","84","74","  360"
"USW00012918","HOUSTON WILLIAM P HOBBY AIRPORT, TX US","2021-09-16","7.61",,"79","85","74","   20"
"USW00012918","HOUSTON WILLIAM P HOBBY AIRPORT, TX US","2021-09-17","3.80",,"81","92","74","   10"
"USW00012918","HOUSTON WILLIAM P HOBBY AIRPORT, TX US","2021-09-18","3.80",,"82","95","75","  350"
"USW00012918","HOUSTON WILLIAM P HOBBY AIRPORT, TX US","2021-09-19","4.70",,"81","91","75","  250"
"USW00012918","HOUSTON WILLIAM P HOBBY AIRPORT, TX US","2021-09-20","6.49",,"85","95","77","  160"
"USW00012918","HOUSTON WILLIAM P HOBBY AIRPORT, TX US","2021-09-21","6.71",,"86","97","79","   10"
"USW00012918","HOUSTON WILLIAM P HOBBY AIRPORT, TX US","2021-09-22","12.97",,"80","85","67","   10"
"USW00012918","HOUSTON WILLIAM P HOBBY AIRPORT, TX US","2021-09-23","5.14",,"74","84","63","   60"
"USW00012918","HOUSTON WILLIAM P HOBBY AIRPORT, TX US","2021-09-24","5.82",,"74","85","64","  100"
"USW00012918","HOUSTON WILLIAM P HOBBY AIRPORT, TX US","2021-09-25","3.58",,"75","88","64","   30"
"USW00012918","HOUSTON WILLIAM P HOBBY AIRPORT, TX US","2021-09-26","5.82",,"76","87","66","  120"
"USW00012918","HOUSTON WILLIAM P HOBBY AIRPORT, TX US","2021-09-27","6.71",,"80","91","73","  140"
"USW00012918","HOUSTON WILLIAM P HOBBY AIRPORT, TX US","2021-09-28","6.71",,"81","88","75","  130"
"USW00012918","HOUSTON WILLIAM P HOBBY AIRPORT, TX US","2021-09-29","7.61",,"78","86","69","  300"
"USW00012918","HOUSTON WILLIAM P HOBBY AIRPORT, TX US","2021-09-30","7.83",,"81","88","77","  150"
"USW00012918","HOUSTON WILLIAM P HOBBY AIRPORT, TX US","2021-10-01","6.26",,"79","81","74","  190"
"USW00012918","HOUSTON WILLIAM P HOBBY AIRPORT, TX US","2021-10-02","4.25",,"78","85","76","  210"
"USW00012918","HOUSTON WILLIAM P HOBBY AIRPORT, TX US","2021-10-03","4.70",,"81","92","74","  360"
"USW00012918","HOUSTON WILLIAM P HOBBY AIRPORT, TX US","2021-10-04","6.49",,"81","90","72","  350"
"USW00012918","HOUSTON WILLIAM P HOBBY AIRPORT, TX US","2021-10-05","5.82",,"79","89","67","   30"
"USW00012918","HOUSTON WILLIAM P HOBBY AIRPORT, TX US","2021-10-06","3.58",,"79","90","66","  350"
"USW00012918","HOUSTON WILLIAM P HOBBY AIRPORT, TX US","2021-10-07","2.68",,"79","91","68","   40"
"USW00012918","HOUSTON WILLIAM P HOBBY AIRPORT, TX US","2021-10-08","4.03",,"78","91","68","  160"
"USW00012918","HOUSTON WILLIAM P HOBBY AIRPORT, TX US","2021-10-09","6.26",,"79","90","70","  150"
"USW00012918","HOUSTON WILLIAM P HOBBY AIRPORT, TX US","2021-10-10","13.20",,"81","89","74","  180"
"USW00012918","HOUSTON WILLIAM P HOBBY AIRPORT, TX US","2021-10-11","5.82",,"81","88","71","  310"
"USW00012918","HOUSTON WILLIAM P HOBBY AIRPORT, TX US","2021-10-12","10.51",,"84","92","78","  160"
"USW00012918","HOUSTON WILLIAM P HOBBY AIRPORT, TX US","2021-10-13","10.29",,"83","92","77","  140"
"USW00012918","HOUSTON WILLIAM P HOBBY AIRPORT, TX US","2021-10-14","8.05",,"81","84","78","  160"
"USW00012918","HOUSTON WILLIAM P HOBBY AIRPORT, TX US","2021-10-15","8.95",,"83","93","72","  300"
"USW00012918","HOUSTON WILLIAM P HOBBY AIRPORT, TX US","2021-10-16","14.32",,"72","77","61","   50"
"USW00012918","HOUSTON WILLIAM P HOBBY AIRPORT, TX US","2021-10-17","5.37",,"66","75","54","   60"
"USW00012918","HOUSTON WILLIAM P HOBBY AIRPORT, TX US","2021-10-18","5.59",,"67","79","57","  120"
"USW00012918","HOUSTON WILLIAM P HOBBY AIRPORT, TX US","2021-10-19","8.05",,"72","83","64","  100"
"USW00012918","HOUSTON WILLIAM P HOBBY AIRPORT, TX US","2021-10-20","6.04",,"78","88","73","  140"
"USW00012918","HOUSTON WILLIAM P HOBBY AIRPORT, TX US","2021-10-21","3.58",,"80","89","73","   80"
"USW00012918","HOUSTON WILLIAM P HOBBY AIRPORT, TX US","2021-10-22","4.70",,"78","88","70","  150"
"USW00012918","HOUSTON WILLIAM P HOBBY AIRPORT, TX US","2021-10-23","7.16",,"78","86","71","  150"
"USW00012918","HOUSTON WILLIAM P HOBBY AIRPORT, TX US","2021-10-24","7.16",,"78","89","70","  130"
"USW00012918","HOUSTON WILLIAM P HOBBY AIRPORT, TX US","2021-10-25","3.80",,"81","92","74","  130"
"USW00012918","HOUSTON WILLIAM P HOBBY AIRPORT, TX US","2021-10-26","8.05",,"80","87","74","  150"
"USW00012918","HOUSTON WILLIAM P HOBBY AIRPORT, TX US","2021-10-27","10.74",,"77","82","65","  260"
"USW00012918","HOUSTON WILLIAM P HOBBY AIRPORT, TX US","2021-10-28","15.43",,"70","80","60","  320"
"USW00012918","HOUSTON WILLIAM P HOBBY AIRPORT, TX US","2021-10-29","12.75",,"66","75","56","  340"
"USW00012918","HOUSTON WILLIAM P HOBBY AIRPORT, TX US","2021-10-30","4.03",,"63","78","50","  300"
"USW00012918","HOUSTON WILLIAM P HOBBY AIRPORT, TX US","2021-10-31","4.03",,"66","81","53","   90"
"USW00012918","HOUSTON WILLIAM P HOBBY AIRPORT, TX US","2021-11-01","5.37",,"68","80","58","  120"
"USW00012918","HOUSTON WILLIAM P HOBBY AIRPORT, TX US","2021-11-02","6.49",,"71","80","63","  110"
"USW00012918","HOUSTON WILLIAM P HOBBY AIRPORT, TX US","2021-11-03","8.50",,"68","74","57","  360"
"USW00012918","HOUSTON WILLIAM P HOBBY AIRPORT, TX US","2021-11-04","12.30",,"57","58","52","   20"
"USW00012918","HOUSTON WILLIAM P HOBBY AIRPORT, TX US","2021-11-05","7.61",,"58","68","49","   10"
"USW00012918","HOUSTON WILLIAM P HOBBY AIRPORT, TX US","2021-11-06","4.70",,"58","71","48","   70"
"USW00012918","HOUSTON WILLIAM P HOBBY AIRPORT, TX US","2021-11-07","4.47",,"61","73","51","  120"
"USW00012918","HOUSTON WILLIAM P HOBBY AIRPORT, TX US","2021-11-08","5.37",,"63","77","53","  120"
"USW00012918","HOUSTON WILLIAM P HOBBY AIRPORT, TX US","2021-11-09","5.82",,"67","79","57","  150"
"USW00012918","HOUSTON WILLIAM P HOBBY AIRPORT, TX US","2021-11-10","9.17",,"72","84","64","  150"
"USW00012918","HOUSTON WILLIAM P HOBBY AIRPORT, TX US","2021-11-11","8.05",,"72","77","60","  340"
"USW00012918","HOUSTON WILLIAM P HOBBY AIRPORT, TX US","2021-11-12","6.71",,"67","80","54","  350"
"USW00012918","HOUSTON WILLIAM P HOBBY AIRPORT, TX US","2021-11-13","7.16",,"61","70","48","   10"
"USW00012918","HOUSTON WILLIAM P HOBBY AIRPORT, TX US","2021-11-14","5.82",,"62","79","50","  200"
"USW00012918","HOUSTON WILLIAM P HOBBY AIRPORT, TX US","2021-11-15","7.61",,"70","84","59","  170"
"USW00012918","HOUSTON WILLIAM P HOBBY AIRPORT, TX US","2021-11-16","9.84",,"73","84","64","  150"
"USW00012918","HOUSTON WILLIAM P HOBBY AIRPORT, TX US","2021-11-17","9.40",,"74","87","65","  210"
"USW00012918","HOUSTON WILLIAM P HOBBY AIRPORT, TX US","2021-11-18","12.97",,"70","74","56","   40"
"USW00012918","HOUSTON WILLIAM P HOBBY AIRPORT, TX US","2021-11-19","8.28",,"58","67","50","   40"
"USW00012918","HOUSTON WILLIAM P HOBBY AIRPORT, TX US","2021-11-20","7.38",,"64","79","53","  160"
"USW00012918","HOUSTON WILLIAM P HOBBY AIRPORT, TX US","2021-11-21","7.61",,"72","83","64","   80"
"USW00012918","HOUSTON WILLIAM P HOBBY AIRPORT, TX US","2021-11-22","9.40",,"67","73","53","  340"
"USW00012918","HOUSTON WILLIAM P HOBBY AIRPORT, TX US","2021-11-23","5.59",,"60","71","50","  110"
"USW00012918","HOUSTON WILLIAM P HOBBY AIRPORT, TX US","2021-11-24","11.41",,"68","79","60","  160"
"USW00012918","HOUSTON WILLIAM P HOBBY AIRPORT, TX US","2021-11-25","9.84",,"69","73","55","   10"
"USW00012918","HOUSTON WILLIAM P HOBBY AIRPORT, TX US","2021-11-26","9.84",,"55","63","48","   20"
"USW00012918","HOUSTON WILLIAM P HOBBY AIRPORT, TX US","2021-11-27","3.58",,"54","60","49","   20"
"USW00012918","HOUSTON WILLIAM P HOBBY AIRPORT, TX US","2021-11-28","6.26",,"57","61","50","   10"
"USW00012918","HOUSTON WILLIAM P HOBBY AIRPORT, TX US","2021-11-29","3.36",,"58","72","46","  170"
"USW00012918","HOUSTON WILLIAM P HOBBY AIRPORT, TX US","2021-11-30","5.82",,"60","76","49","  160"
"USW00012918","HOUSTON WILLIAM P HOBBY AIRPORT, TX US","2021-12-01","3.58",,"65","80","53","  240"
"USW00012918","HOUSTON WILLIAM P HOBBY AIRPORT, TX US","2021-12-02","3.58",,"67","80","56","  230"
"USW00012918","HOUSTON WILLIAM P HOBBY AIRPORT, TX US","2021-12-03","7.16",,"71","83","62","  190"
"USW00012918","HOUSTON WILLIAM P HOBBY AIRPORT, TX US","2021-12-04","6.26",,"72","83","66","  170"
"USW00012918","HOUSTON WILLIAM P HOBBY AIRPORT, TX US","2021-12-05","8.72",,"72","81","65","  170"
"USW00012918","HOUSTON WILLIAM P HOBBY AIRPORT, TX US","2021-12-06","11.86",,"74","80","62","  220"
"USW00012918","HOUSTON WILLIAM P HOBBY AIRPORT, TX US","2021-12-07","6.04",,"62","67","57","   40"
"USW00012918","HOUSTON WILLIAM P HOBBY AIRPORT, TX US","2021-12-08","7.16",,"66","73","63","  120"
"USW00012918","HOUSTON WILLIAM P HOBBY AIRPORT, TX US","2021-12-09","12.75",,"74","87","68","  220"
"USW00012918","HOUSTON WILLIAM P HOBBY AIRPORT, TX US","2021-12-10","15.21",,"79","85","76","  210"
"USW00012918","HOUSTON WILLIAM P HOBBY AIRPORT, TX US","2021-12-11","15.21",,"69","78","51","  350"
"USW00012918","HOUSTON WILLIAM P HOBBY AIRPORT, TX US","2021-12-12","7.61",,"53","63","45","   20"
"USW00012918","HOUSTON WILLIAM P HOBBY AIRPORT, TX US","2021-12-13","7.83",,"60","71","51","  110"
"USW00012918","HOUSTON WILLIAM P HOBBY AIRPORT, TX US","2021-12-14","9.17",,"73","83","69","  180"
"USW00012918","HOUSTON WILLIAM P HOBBY AIRPORT, TX US","2021-12-15","12.75",,"76","83","74","  160"
"USW00012918","HOUSTON WILLIAM P HOBBY AIRPORT, TX US","2021-12-16","10.29",,"76","84","71","  170"
"USW00012918","HOUSTON WILLIAM P HOBBY AIRPORT, TX US","2021-12-17","11.63",,"76","82","71","  140"
"USW00012918","HOUSTON WILLIAM P HOBBY AIRPORT, TX US","2021-12-18","12.53",,"72","78","54","  330"
"USW00012918","HOUSTON WILLIAM P HOBBY AIRPORT, TX US","2021-12-19","12.53",,"55","60","50","   10"
"USW00012918","HOUSTON WILLIAM P HOBBY AIRPORT, TX US","2021-12-20","6.93",,"53","59","47","   50"
"USW00012918","HOUSTON WILLIAM P HOBBY AIRPORT, TX US","2021-12-21","4.25",,"52","65","42","  360"
"USW00012918","HOUSTON WILLIAM P HOBBY AIRPORT, TX US","2021-12-22","6.93",,"58","73","48","  140"
"USW00012918","HOUSTON WILLIAM P HOBBY AIRPORT, TX US","2021-12-23","10.07",,"65","78","57","  180"
"USW00012918","HOUSTON WILLIAM P HOBBY AIRPORT, TX US","2021-12-24","12.97",,"71","82","64","  200"
"USW00012918","HOUSTON WILLIAM P HOBBY AIRPORT, TX US","2021-12-25","8.28",,"73","84","64","  200"
"USW00012918","HOUSTON WILLIAM P HOBBY AIRPORT, TX US","2021-12-26","9.62",,"74","84","67","  190"
"USW00012918","HOUSTON WILLIAM P HOBBY AIRPORT, TX US","2021-12-27","8.95",,"74","81","68","  170"
"USW00012918","HOUSTON WILLIAM P HOBBY AIRPORT, TX US","2021-12-28","12.30",,"76","84","72","  170"
"USW00012918","HOUSTON WILLIAM P HOBBY AIRPORT, TX US","2021-12-29","8.95",,"77","85","71","  200"
"USW00012918","HOUSTON WILLIAM P HOBBY AIRPORT, TX US","2021-12-30","6.49",,"74","83","66","  150"
"USW00012918","HOUSTON WILLIAM P HOBBY AIRPORT, TX US","2021-12-31","11.41",,"77","85","73","  180"
"USW00012918","HOUSTON WILLIAM P HOBBY AIRPORT, TX US","2022-01-01","12.75",,"79","85","71","  200"
"USW00012918","HOUSTON WILLIAM P HOBBY AIRPORT, TX US","2022-01-02","19.91",,"51","72","34","  350"
"USW00012918","HOUSTON WILLIAM P HOBBY AIRPORT, TX US","2022-01-03","5.37",,"42","55","33","  350"
"USW00012918","HOUSTON WILLIAM P HOBBY AIRPORT, TX US","2022-01-04","6.71",,"52","69","42","  180"
"USW00012918","HOUSTON WILLIAM P HOBBY AIRPORT, TX US","2022-01-05","6.93",,"63","80","52","  250"
"USW00012918","HOUSTON WILLIAM P HOBBY AIRPORT, TX US","2022-01-06","9.62",,"67","75","48","  360"
"USW00012918","HOUSTON WILLIAM P HOBBY AIRPORT, TX US","2022-01-07","10.96",,"49","57","41","   50"
"USW00012918","HOUSTON WILLIAM P HOBBY AIRPORT, TX US","2022-01-08","14.32",,"64","76","57","  170"
"USW00012918","HOUSTON WILLIAM P HOBBY AIRPORT, TX US","2022-01-09","12.08",,"75","79","58","  170"
"USW00012918","HOUSTON WILLIAM P HOBBY AIRPORT, TX US","2022-01-10","15.66",,"57","62","49","   50"
"USW00012918","HOUSTON WILLIAM P HOBBY AIRPORT, TX US","2022-01-11","8.05",,"52","59","46","   70"
"USW00012918","HOUSTON WILLIAM P HOBBY AIRPORT, TX US","2022-01-12","4.47",,"56","62","49","  360"
"USW00012918","HOUSTON WILLIAM P HOBBY AIRPORT, TX US","2022-01-13","4.70",,"58","73","46","  250"
"USW00012918","HOUSTON WILLIAM P HOBBY AIRPORT, TX US","2022-01-14","5.37",,"61","77","47","  200"
"USW00012918","HOUSTON WILLIAM P HOBBY AIRPORT, TX US","2022-01-15","19.91",,"56","63","39","  300"
"USW00012918","HOUSTON WILLIAM P HOBBY AIRPORT, TX US","2022-01-16","9.62",,"45","59","35","  310"
"USW00012918","HOUSTON WILLIAM P HOBBY AIRPORT, TX US","2022-01-17","4.03",,"51","69","38","  200"
"USW00012918","HOUSTON WILLIAM P HOBBY AIRPORT, TX US","2022-01-18","10.51",,"60","76","48","  190"
"USW00012918","HOUSTON WILLIAM P HOBBY AIRPORT, TX US","2022-01-19","12.30",,"69","82","57","  180"
"USW00012918","HOUSTON WILLIAM P HOBBY AIRPORT, TX US","2022-01-20","17.67",,"52","57","40","  340"
"USW00012918","HOUSTON WILLIAM P HOBBY AIRPORT, TX US","2022-01-21","11.41",,"43","52","39","  350"
"USW00012918","HOUSTON WILLIAM P HOBBY AIRPORT, TX US","2022-01-22","9.40",,"44","57","34","   40"
"USW00012918","HOUSTON WILLIAM P HOBBY AIRPORT, TX US","2022-01-23","4.03",,"49","61","41","  210"
"USW00012918","HOUSTON WILLIAM P HOBBY AIRPORT, TX US","2022-01-24","7.83",,"53","54","50","   80"
"USW00012918","HOUSTON WILLIAM P HOBBY AIRPORT, TX US","2022-01-25","9.40",,"52","61","48","   40"
"USW00012918","HOUSTON WILLIAM P HOBBY AIRPORT, TX US","2022-01-26","7.61",,"49","56","41","   50"
"USW00012918","HOUSTON WILLIAM P HOBBY AIRPORT, TX US","2022-01-27","6.26",,"51","63","42","   50"
"USW00012918","HOUSTON WILLIAM P HOBBY AIRPORT, TX US","2022-01-28","11.86",,"53","59","44","   20"
"USW00012918","HOUSTON WILLIAM P HOBBY AIRPORT, TX US","2022-01-29","5.82",,"49","62","35","  220"
"USW00012918","HOUSTON WILLIAM P HOBBY AIRPORT, TX US","2022-01-30","7.16",,"52","70","39","  230"
"USW00012918","HOUSTON WILLIAM P HOBBY AIRPORT, TX US","2022-01-31","10.29",,"57","62","51","  120"
"USW00012918","HOUSTON WILLIAM P HOBBY AIRPORT, TX US","2022-02-01","7.61",,"61","68","56","  120"
"USW00012918","HOUSTON WILLIAM P HOBBY AIRPORT, TX US","2022-02-02","7.16",,"60","69","53","  310"
"USW00012918","HOUSTON WILLIAM P HOBBY AIRPORT, TX US","2022-02-03","17.22",,"46","53","30","  330"
"USW00012918","HOUSTON WILLIAM P HOBBY AIRPORT, TX US","2022-02-04","16.55",,"30","34","27","  340"
"USW00012918","HOUSTON WILLIAM P HOBBY AIRPORT, TX US","2022-02-05","6.04",,"37","50","27","  360"
"USW00012918","HOUSTON WILLIAM P HOBBY AIRPORT, TX US","2022-02-06","3.80",,"42","57","30","  120"
"USW00012918","HOUSTON WILLIAM P HOBBY AIRPORT, TX US","2022-02-07","8.05",,"52","64","44","   10"
"USW00012918","HOUSTON WILLIAM P HOBBY AIRPORT, TX US","2022-02-08","4.25",,"51","64","37","  150"
"USW00012918","HOUSTON WILLIAM P HOBBY AIRPORT, TX US","2022-02-09","6.04",,"52","70","37","  240"
"USW00012918","HOUSTON WILLIAM P HOBBY AIRPORT, TX US","2022-02-10","2.91",,"55","69","42","  170"
"USW00012918","HOUSTON WILLIAM P HOBBY AIRPORT, TX US","2022-02-11","7.16",,"56","74","32","  170"
"USW00012918","HOUSTON WILLIAM P HOBBY AIRPORT, TX US","2022-02-12","12.75",,"55","63","39","  360"
"USW00012918","HOUSTON WILLIAM P HOBBY AIRPORT, TX US","2022-02-13","7.61",,"45","61","31","  360"
"USW00012918","HOUSTON WILLIAM P HOBBY AIRPORT, TX US","2022-02-14","6.93",,"51","68","38","  150"
"USW00012918","HOUSTON WILLIAM P HOBBY AIRPORT, TX US","2022-02-15","11.86",,"57","73","46","  140"
"USW00012918","HOUSTON WILLIAM P HOBBY AIRPORT, TX US","2022-02-16","15.21",,"67","77","63","  180"
"USW00012918","HOUSTON WILLIAM P HOBBY AIRPORT, TX US","2022-02-17","16.78",,"72","82","42","  320"
"USW00012918","HOUSTON WILLIAM P HOBBY AIRPORT, TX US","2022-02-18","13.42",,"46","59","36","  340"
"USW00012918","HOUSTON WILLIAM P HOBBY AIRPORT, TX US","2022-02-19","6.49",,"53","66","43","   60"
"USW00012918","HOUSTON WILLIAM P HOBBY AIRPORT, TX US","2022-02-20","6.71",,"56","66","47","  150"
"USW00012918","HOUSTON WILLIAM P HOBBY AIRPORT, TX US","2022-02-21","18.12",,"70","83","60","  190"
"USW00012918","HOUSTON WILLIAM P HOBBY AIRPORT, TX US","2022-02-22","10.74",,"73","79","69","  180"
"USW00012918","HOUSTON WILLIAM P HOBBY AIRPORT, TX US","2022-02-23","12.30",,"60","71","39","   10"
"USW00012918","HOUSTON WILLIAM P HOBBY AIRPORT, TX US","2022-02-24","11.41",,"43","52","40","  360"
"USW00012918","HOUSTON WILLIAM P HOBBY AIRPORT, TX US","2022-02-25","13.42",,"42","46","39","   10"
"USW00012918","HOUSTON WILLIAM P HOBBY AIRPORT, TX US","2022-02-26","11.18",,"43","44","41","   20"
"USW00012918","HOUSTON WILLIAM P HOBBY AIRPORT, TX US","2022-02-27","13.20",,"47","61","41","  360"
"USW00012918","HOUSTON WILLIAM P HOBBY AIRPORT, TX US","2022-02-28","5.14",,"51","66","36","   80"
"USW00012918","HOUSTON WILLIAM P HOBBY AIRPORT, TX US","2022-03-01","3.80",,"55","71","40","  130"
"USW00012918","HOUSTON WILLIAM P HOBBY AIRPORT, TX US","2022-03-02","4.92",,"57","74","44","  110"
"USW00012918","HOUSTON WILLIAM P HOBBY AIRPORT, TX US","2022-03-03","4.92",,"63","76","54","  120"
"USW00012918","HOUSTON WILLIAM P HOBBY AIRPORT, TX US","2022-03-04","9.17",,"65","78","57","  150"
"USW00012918","HOUSTON WILLIAM P HOBBY AIRPORT, TX US","2022-03-05","12.53",,"71","81","67","  170"
"USW00012918","HOUSTON WILLIAM P HOBBY AIRPORT, TX US","2022-03-06","14.54",,"74","81","70","  150"
"USW00012918","HOUSTON WILLIAM P HOBBY AIRPORT, TX US","2022-03-07","13.87",,"64","72","51","   20"
"USW00012918","HOUSTON WILLIAM P HOBBY AIRPORT, TX US","2022-03-08","11.63",,"50","52","44","  360"
"USW00012918","HOUSTON WILLIAM P HOBBY AIRPORT, TX US","2022-03-09","9.17",,"49","62","44","   20"
"USW00012918","HOUSTON WILLIAM P HOBBY AIRPORT, TX US","2022-03-10","6.71",,"56","71","45","  170"
"USW00012918","HOUSTON WILLIAM P HOBBY AIRPORT, TX US","2022-03-11","14.54",,"59","68","40","  360"
"USW00012918","HOUSTON WILLIAM P HOBBY AIRPORT, TX US","2022-03-12","9.17",,"44","58","32","   20"
"USW00012918","HOUSTON WILLIAM P HOBBY AIRPORT, TX US","2022-03-13","8.28",,"49","63","35","  180"
"USW00012918","HOUSTON WILLIAM P HOBBY AIRPORT, TX US","2022-03-14","12.30",,"64","77","56","  290"
"USW00012918","HOUSTON WILLIAM P HOBBY AIRPORT, TX US","2022-03-15","10.74",,"65","75","54","  320"
"USW00012918","HOUSTON WILLIAM P HOBBY AIRPORT, TX US","2022-03-16","5.82",,"64","78","51","  160"
"USW00012918","HOUSTON WILLIAM P HOBBY AIRPORT, TX US","2022-03-17","12.30",,"64","78","53","  160"
"USW00012918","HOUSTON WILLIAM P HOBBY AIRPORT, TX US","2022-03-18","14.54",,"69","73","57","  310"
"USW00012918","HOUSTON WILLIAM P HOBBY AIRPORT, TX US","2022-03-19","6.04",,"63","77","47","  360"
"USW00012918","HOUSTON WILLIAM P HOBBY AIRPORT, TX US","2022-03-20","11.41",,"61","74","48","  110"
"USW00012918","HOUSTON WILLIAM P HOBBY AIRPORT, TX US","2022-03-21","19.91",,"69","76","65","  150"
"USW00012918","HOUSTON WILLIAM P HOBBY AIRPORT, TX US","2022-03-22","13.65",,"69","74","52","   10"
"USW00012918","HOUSTON WILLIAM P HOBBY AIRPORT, TX US","2022-03-23","9.62",,"58","70","45","  320"
"USW00012918","HOUSTON WILLIAM P HOBBY AIRPORT, TX US","2022-03-24","9.62",,"60","70","48","  280"
"USW00012918","HOUSTON WILLIAM P HOBBY AIRPORT, TX US","2022-03-25","4.47",,"64","84","49","  300"
"USW00012918","HOUSTON WILLIAM P HOBBY AIRPORT, TX US","2022-03-26","8.28",,"68","85","52","  180"
"USW00012918","HOUSTON WILLIAM P HOBBY AIRPORT, TX US","2022-03-27","10.96",,"70","85","59","  210"
"USW00012918","HOUSTON WILLIAM P HOBBY AIRPORT, TX US","2022-03-28","12.08",,"71","83","62","  160"
"USW00012918","HOUSTON WILLIAM P HOBBY AIRPORT, TX US","2022-03-29","17.00",,"74","81","70","  170"
"USW00012918","HOUSTON WILLIAM P HOBBY AIRPORT, TX US","2022-03-30","15.21",,"74","84","60","  160"
"USW00012918","HOUSTON WILLIAM P HOBBY AIRPORT, TX US","2022-03-31","7.38",,"65","78","53","   10"
"USW00012918","HOUSTON WILLIAM P HOBBY AIRPORT, TX US","2022-04-01","9.84",,"67","76","55","  140"
"USW00012918","HOUSTON WILLIAM P HOBBY AIRPORT, TX US","2022-04-02","4.92",,"69","84","61","   10"
"USW00012918","HOUSTON WILLIAM P HOBBY AIRPORT, TX US","2022-04-03","8.50",,"71","82","61","  110"
"USW00012918","HOUSTON WILLIAM P HOBBY AIRPORT, TX US","2022-04-04","9.62",,"70","77","67","  130"
"USW00012918","HOUSTON WILLIAM P HOBBY AIRPORT, TX US","2022-04-05","10.29",,"76","87","71","  180"
"USW00012918","HOUSTON WILLIAM P HOBBY AIRPORT, TX US","2022-04-06","14.99",,"77","83","65","  330"
"USW00012918","HOUSTON WILLIAM P HOBBY AIRPORT, TX US","2022-04-07","14.32",,"67","78","53","  320"
"USW00012918","HOUSTON WILLIAM P HOBBY AIRPORT, TX US","2022-04-08","10.51",,"64","76","50","  310"
"USW00012918","HOUSTON WILLIAM P HOBBY AIRPORT, TX US","2022-04-09","9.40",,"66","84","47","  200"
"USW00012918","HOUSTON WILLIAM P HOBBY AIRPORT, TX US","2022-04-10","17.22",,"71","81","65","  190"
"USW00012918","HOUSTON WILLIAM P HOBBY AIRPORT, TX US","2022-04-11","14.09",,"74","83","69","  160"
"USW00012918","HOUSTON WILLIAM P HOBBY AIRPORT, TX US","2022-04-12","16.11",,"76","83","73","  170"
"USW00012918","HOUSTON WILLIAM P HOBBY AIRPORT, TX US","2022-04-13","12.97",,"76","82","69","  170"
"USW00012918","HOUSTON WILLIAM P HOBBY AIRPORT, TX US","2022-04-14","13.87",,"73","83","62","   70"
"USW00012918","HOUSTON WILLIAM P HOBBY AIRPORT, TX US","2022-04-15","11.86",,"74","84","69","  200"
"USW00012918","HOUSTON WILLIAM P HOBBY AIRPORT, TX US","2022-04-16","8.95",,"77","81","72","  180"
"USW00012918","HOUSTON WILLIAM P HOBBY AIRPORT, TX US","2022-04-17","7.61",,"78","87","71","  180"
"USW00012918","HOUSTON WILLIAM P HOBBY AIRPORT, TX US","2022-04-18","11.41",,"74","82","65","   50"
"USW00012918","HOUSTON WILLIAM P HOBBY AIRPORT, TX US","2022-04-19","17.22",,"68","77","58","  110"
"USW00012918","HOUSTON WILLIAM P HOBBY AIRPORT, TX US","2022-04-20","15.21",,"75","83","71","  180"
"USW00012918","HOUSTON WILLIAM P HOBBY AIRPORT, TX US","2022-04-21","14.32",,"77","86","73","  150"
"USW00012918","HOUSTON WILLIAM P HOBBY AIRPORT, TX US","2022-04-22","14.32",,"77","85","72","  130"
"USW00012918","HOUSTON WILLIAM P HOBBY AIRPORT, TX US","2022-04-23","15.43",,"76","83","72","  180"
"USW00012918","HOUSTON WILLIAM P HOBBY AIRPORT, TX US","2022-04-24","14.32",,"77","86","70","  160"
"USW00012918","HOUSTON WILLIAM P HOBBY AIRPORT, TX US","2022-04-25","12.08",,"76","87","64","   40"
"USW00012918","HOUSTON WILLIAM P HOBBY AIRPORT, TX US","2022-04-26","10.74",,"69","80","63","   50"
"USW00012918","HOUSTON WILLIAM P HOBBY AIRPORT, TX US","2022-04-27","9.17",,"72","80","63","   70"
"USW00012918","HOUSTON WILLIAM P HOBBY AIRPORT, TX US","2022-04-28","10.07",,"73","84","65","  170"
"USW00012918","HOUSTON WILLIAM P HOBBY AIRPORT, TX US","2022-04-29","12.30",,"76","85","67","  140"
"USW00012918","HOUSTON WILLIAM P HOBBY AIRPORT, TX US","2022-04-30","9.62",,"78","88","73","  190"
"USW00012918","HOUSTON WILLIAM P HOBBY AIRPORT, TX US","2022-05-01","8.50",,"79","88","73","  170"
"USW00012918","HOUSTON WILLIAM P HOBBY AIRPORT, TX US","2022-05-02","14.99",,"79","87","75","  180"
"USW00012918","HOUSTON WILLIAM P HOBBY AIRPORT, TX US","2022-05-03","12.08",,"80","87","76","  170"
"USW00012918","HOUSTON WILLIAM P HOBBY AIRPORT, TX US","2022-05-04","12.75",,"80","88","76","  130"
"USW00012918","HOUSTON WILLIAM P HOBBY AIRPORT, TX US","2022-05-05","14.76",,"81","89","69","   10"
"USW00012918","HOUSTON WILLIAM P HOBBY AIRPORT, TX US","2022-05-06","6.49",,"77","91","67","  240"
"USW00012918","HOUSTON WILLIAM P HOBBY AIRPORT, TX US","2022-05-07","9.17",,"81","91","76","  140"
"USW00012918","HOUSTON WILLIAM P HOBBY AIRPORT, TX US","2022-05-08","12.53",,"83","91","77","  160"
"USW00012918","HOUSTON WILLIAM P HOBBY AIRPORT, TX US","2022-05-09","13.87",,"83","90","78","  170"
"USW00012918","HOUSTON WILLIAM P HOBBY AIRPORT, TX US","2022-05-10","12.30",,"82","91","76","  100"
"USW00012918","HOUSTON WILLIAM P HOBBY AIRPORT, TX US","2022-05-11","7.83",,"80","88","72","  110"
"USW00012918","HOUSTON WILLIAM P HOBBY AIRPORT, TX US","2022-05-12","6.49",,"79","90","69","  180"
"USW00012918","HOUSTON WILLIAM P HOBBY AIRPORT, TX US","2022-05-13","7.61",,"79","90","69","  200"
"USW00012918","HOUSTON WILLIAM P HOBBY AIRPORT, TX US","2022-05-14","7.38",,"80","90","71","  150"
"USW00012918","HOUSTON WILLIAM P HOBBY AIRPORT, TX US","2022-05-15","8.72",,"80","92","69","  190"
"USW00012918","HOUSTON WILLIAM P HOBBY AIRPORT, TX US","2022-05-16","8.28",,"82","94","73","  220"
"USW00012918","HOUSTON WILLIAM P HOBBY AIRPORT, TX US","2022-05-17","8.05",,"81","92","72","  200"
"USW00012918","HOUSTON WILLIAM P HOBBY AIRPORT, TX US","2022-05-18","11.63",,"82","94","73","  170"
"USW00012918","HOUSTON WILLIAM P HOBBY AIRPORT, TX US","2022-05-19","13.65",,"83","92","76","  150"
"USW00012918","HOUSTON WILLIAM P HOBBY AIRPORT, TX US","2022-05-20","16.78",,"83","93","77","  140"
"USW00012918","HOUSTON WILLIAM P HOBBY AIRPORT, TX US","2022-05-21","13.20",,"85","93","80","  140"
"USW00012918","HOUSTON WILLIAM P HOBBY AIRPORT, TX US","2022-05-22","9.62",,"80","85","70","  280"
"USW00012918","HOUSTON WILLIAM P HOBBY AIRPORT, TX US","2022-05-23","9.62",,"77","85","71","   60"
"USW00012918","HOUSTON WILLIAM P HOBBY AIRPORT, TX US","2022-05-24","8.50",,"76","82","69","  160"
"USW00012918","HOUSTON WILLIAM P HOBBY AIRPORT, TX US","2022-05-25","9.62",,"74","85","65","  310"
"USW00012918","HOUSTON WILLIAM P HOBBY AIRPORT, TX US","2022-05-26","6.93",,"78","93","63","  220"
"USW00012918","HOUSTON WILLIAM P HOBBY AIRPORT, TX US","2022-05-27","7.83",,"82","95","71","  290"
"USW00012918","HOUSTON WILLIAM P HOBBY AIRPORT, TX US","2022-05-28","6.93",,"83","94","71","  160"
"USW00012918","HOUSTON WILLIAM P HOBBY AIRPORT, TX US","2022-05-29","11.63",,"82","91","74","  180"
"USW00012918","HOUSTON WILLIAM P HOBBY AIRPORT, TX US","2022-05-30","15.66",,"83","91","79","  160"
"USW00012918","HOUSTON WILLIAM P HOBBY AIRPORT, TX US","2022-05-31",,,"84",,,
"USW00012918","HOUSTON WILLIAM P HOBBY AIRPORT, TX US","2022-06-01","9.40",,"84","92","78","  170"
"USW00012918","HOUSTON WILLIAM P HOBBY AIRPORT, TX US","2022-06-02","5.59",,"83","93","76","  360"
"USW00012918","HOUSTON WILLIAM P HOBBY AIRPORT, TX US","2022-06-03","8.50",,"82","90","73","   50"
"USW00012918","HOUSTON WILLIAM P HOBBY AIRPORT, TX US","2022-06-04","5.37",,"82","91","73","   80"
"USW00012918","HOUSTON WILLIAM P HOBBY AIRPORT, TX US","2022-06-05","7.16",,"82","93","74","  160"
"USW00012918","HOUSTON WILLIAM P HOBBY AIRPORT, TX US","2022-06-06","12.30",,"83","92","76","  150"
"USW00012918","HOUSTON WILLIAM P HOBBY AIRPORT, TX US","2022-06-07","10.51",,"84","93","77","  200"
"USW00012918","HOUSTON WILLIAM P HOBBY AIRPORT, TX US","2022-06-08","9.84",,"85","97","78","  210"
"USW00012918","HOUSTON WILLIAM P HOBBY AIRPORT, TX US","2022-06-09","6.71",,"86","96","77","  150"
"USW00012918","HOUSTON WILLIAM P HOBBY AIRPORT, TX US","2022-06-10","9.17",,"86","98","78","  180"
"USW00012918","HOUSTON WILLIAM P HOBBY AIRPORT, TX US","2022-06-11","8.50",,"86","97","77","  180"
"USW00012918","HOUSTON WILLIAM P HOBBY AIRPORT, TX US","2022-06-12","11.41",,"87","98","78","  230"
"USW00012918","HOUSTON WILLIAM P HOBBY AIRPORT, TX US","2022-06-13","12.08",,"87","98","79","  180"
"USW00012918","HOUSTON WILLIAM P HOBBY AIRPORT, TX US","2022-06-14","12.75",,"87","94","80","  160"
"USW00012918","HOUSTON WILLIAM P HOBBY AIRPORT, TX US","2022-06-15","10.96",,"87","96","80","  170"
"USW00012918","HOUSTON WILLIAM P HOBBY AIRPORT, TX US","2022-06-16","5.82",,"86","99","77","  180"
"USW00012918","HOUSTON WILLIAM P HOBBY AIRPORT, TX US","2022-06-17","5.82",,"86","95","78","  190"
"USW00012918","HOUSTON WILLIAM P HOBBY AIRPORT, TX US","2022-06-18","4.47",,"86","97","78","  120"
"USW00012918","HOUSTON WILLIAM P HOBBY AIRPORT, TX US","2022-06-19","5.82",,"88","100","77","  180"
"USW00012918","HOUSTON WILLIAM P HOBBY AIRPORT, TX US","2022-06-20","6.49",,"89","101","78","  130"
"USW00012918","HOUSTON WILLIAM P HOBBY AIRPORT, TX US","2022-06-21","5.82",,"87","96","80","  160"
"USW00012918","HOUSTON WILLIAM P HOBBY AIRPORT, TX US","2022-06-22","6.04",,"87","97","79","  160"
"USW00012918","HOUSTON WILLIAM P HOBBY AIRPORT, TX US","2022-06-23","7.38",,"87","100","77","  160"
"USW00012918","HOUSTON WILLIAM P HOBBY AIRPORT, TX US","2022-06-24","7.61",,"87","99","78","  180"
"USW00012918","HOUSTON WILLIAM P HOBBY AIRPORT, TX US","2022-06-25","7.16",,"86","99","75","  150"
"USW00012918","HOUSTON WILLIAM P HOBBY AIRPORT, TX US","2022-06-26","6.49",,"87","101","76","  180"
"USW00012918","HOUSTON WILLIAM P HOBBY AIRPORT, TX US","2022-06-27","5.14",,"87","98","77","  100"
"USW00012918","HOUSTON WILLIAM P HOBBY AIRPORT, TX US","2022-06-28","9.40",,"85","96","76","   70"
"USW00012918","HOUSTON WILLIAM P HOBBY AIRPORT, TX US","2022-06-29","9.40",,"85","93","78","   90"
"USW00012918","HOUSTON WILLIAM P HOBBY AIRPORT, TX US","2022-06-30","8.72",,"80","81","77","   70"
"USW00012918","HOUSTON WILLIAM P HOBBY AIRPORT, TX US","2022-07-01","6.49",,"81","89","77","  230"
"USW00012918","HOUSTON WILLIAM P HOBBY AIRPORT, TX US","2022-07-02","8.50",,"85","94","78","  220"
"USW00012918","HOUSTON WILLIAM P HOBBY AIRPORT, TX US","2022-07-03","8.50",,"86","96","77","  170"
"USW00012918","HOUSTON WILLIAM P HOBBY AIRPORT, TX US","2022-07-04","8.28",,"86","97","79","  180"
"USW00012918","HOUSTON WILLIAM P HOBBY AIRPORT, TX US","2022-07-05","8.95",,"87","97","78","  130"
"USW00012918","HOUSTON WILLIAM P HOBBY AIRPORT, TX US","2022-07-06","9.17",,"86","97","79","  140"
"USW00012918","HOUSTON WILLIAM P HOBBY AIRPORT, TX US","2022-07-07","7.61",,"86","97","78","  180"
"USW00012918","HOUSTON WILLIAM P HOBBY AIRPORT, TX US","2022-07-08","8.05",,"87","99","79","  150"
"USW00012918","HOUSTON WILLIAM P HOBBY AIRPORT, TX US","2022-07-09","7.83",,"88","102","78","  170"
"USW00012918","HOUSTON WILLIAM P HOBBY AIRPORT, TX US","2022-07-10","9.62",,"90","104","81","  190"
"USW00012918","HOUSTON WILLIAM P HOBBY AIRPORT, TX US","2022-07-11","10.07",,"90","103","82","  100"
"USW00012918","HOUSTON WILLIAM P HOBBY AIRPORT, TX US","2022-07-12","7.61",,"89","101","82","  220"
"USW00012918","HOUSTON WILLIAM P HOBBY AIRPORT, TX US","2022-07-13","6.71",,"88","99","80","  170"
"USW00012918","HOUSTON WILLIAM P HOBBY AIRPORT, TX US","2022-07-14","5.37",,"85","98","79","  130"
"USW00012918","HOUSTON WILLIAM P HOBBY AIRPORT, TX US","2022-07-15","7.16",,"82","92","78","  200"
"USW00012918","HOUSTON WILLIAM P HOBBY AIRPORT, TX US","2022-07-16","7.16",,"85","98","77","  190"
"USW00012918","HOUSTON WILLIAM P HOBBY AIRPORT, TX US","2022-07-17","8.05",,"87","99","78","  140"
"USW00012918","HOUSTON WILLIAM P HOBBY AIRPORT, TX US","2022-07-18","10.07",,"87","100","78","  200"
"USW00012918","HOUSTON WILLIAM P HOBBY AIRPORT, TX US","2022-07-19","11.86",,"88","100","79","  180"
"USW00012918","HOUSTON WILLIAM P HOBBY AIRPORT, TX US","2022-07-20","12.08",,"89","100","80","  180"
"USW00012918","HOUSTON WILLIAM P HOBBY AIRPORT, TX US","2022-07-21","8.95",,"87","100","79","  140"
"USW00012918","HOUSTON WILLIAM P HOBBY AIRPORT, TX US","2022-07-22","5.59",,"84","93","77","   60"
"USW00012918","HOUSTON WILLIAM P HOBBY AIRPORT, TX US","2022-07-23","7.83",,"86","95","78","  210"
"USW00012918","HOUSTON WILLIAM P HOBBY AIRPORT, TX US","2022-07-24","8.72",,"87","99","79","  180"
"USW00012918","HOUSTON WILLIAM P HOBBY AIRPORT, TX US","2022-07-25","7.83",,"86","97","79","  160"
"USW00012918","HOUSTON WILLIAM P HOBBY AIRPORT, TX US","2022-07-26","7.38",,"86","96","79","  180"
"USW00012918","HOUSTON WILLIAM P HOBBY AIRPORT, TX US","2022-07-27","7.61",,"87","95","80","  190"
"USW00012918","HOUSTON WILLIAM P HOBBY AIRPORT, TX US","2022-07-28","8.72",,"86","98","78","  160"
"USW00012918","HOUSTON WILLIAM P HOBBY AIRPORT, TX US","2022-07-29","9.62",,"86","95","78","  170"
"USW00012918","HOUSTON WILLIAM P HOBBY AIRPORT, TX US","2022-07-30","8.50",,"87","96","79","  180"
"USW00012918","HOUSTON WILLIAM P HOBBY AIRPORT, TX US","2022-07-31","7.61",,"87","97","78","  130"
"USW00012918","HOUSTON WILLIAM P HOBBY AIRPORT, TX US","2022-08-01","8.95",,"86","94","79","  200"
"USW00012918","HOUSTON WILLIAM P HOBBY AIRPORT, TX US","2022-08-02","9.62",,"87","100","79","  170"
"USW00012918","HOUSTON WILLIAM P HOBBY AIRPORT, TX US","2022-08-03","11.41",,"88","100","79","  180"
"USW00012918","HOUSTON WILLIAM P HOBBY AIRPORT, TX US","2022-08-04","8.50",,"88","100","79","  190"
"USW00012918","HOUSTON WILLIAM P HOBBY AIRPORT, TX US","2022-08-05","5.14",,"83","91","76","  180"
"USW00012918","HOUSTON WILLIAM P HOBBY AIRPORT, TX US","2022-08-06","5.59",,"80","90","77","  190"
"USW00012918","HOUSTON WILLIAM P HOBBY AIRPORT, TX US","2022-08-07","8.05",,"85","95","77","  140"
"USW00012918","HOUSTON WILLIAM P HOBBY AIRPORT, TX US","2022-08-08","6.26",,"86","95","78","  140"
"USW00012918","HOUSTON WILLIAM P HOBBY AIRPORT, TX US","2022-08-09","6.71",,"87","97","79","  120"
"USW00012918","HOUSTON WILLIAM P HOBBY AIRPORT, TX US","2022-08-10","5.37",,"87","98","74","   30"
"USW00012918","HOUSTON WILLIAM P HOBBY AIRPORT, TX US","2022-08-11","6.71",,"82","96","76","  120"
"USW00012918","HOUSTON WILLIAM P HOBBY AIRPORT, TX US","2022-08-12","7.16",,"85","95","76","  110"
"USW00012918","HOUSTON WILLIAM P HOBBY AIRPORT, TX US","2022-08-13","10.74",,"85","93","80","  100"
"USW00012918","HOUSTON WILLIAM P HOBBY AIRPORT, TX US","2022-08-14","7.61",,"84","93","79","  150"
"USW00012918","HOUSTON WILLIAM P HOBBY AIRPORT, TX US","2022-08-15","7.61",,"85","95","79","  140"
"USW00012918","HOUSTON WILLIAM P HOBBY AIRPORT, TX US","2022-08-16","6.71",,"85","97","77","  160"
"USW00012918","HOUSTON WILLIAM P HOBBY AIRPORT, TX US","2022-08-17","7.61",,"86","100","78","  170"
"USW00012918","HOUSTON WILLIAM P HOBBY AIRPORT, TX US","2022-08-18","6.26",,"85","98","73","  300"
"USW00012918","HOUSTON WILLIAM P HOBBY AIRPORT, TX US","2022-08-19","5.14",,"77","80","74","  280"
"USW00012918","HOUSTON WILLIAM P HOBBY AIRPORT, TX US","2022-08-20","5.37",,"81","91","76","  200"
"USW00012918","HOUSTON WILLIAM P HOBBY AIRPORT, TX US","2022-08-21","8.72",,"83","92","77","  230"
"USW00012918","HOUSTON WILLIAM P HOBBY AIRPORT, TX US","2022-08-22","10.74",,"86","94","79","  180"
"USW00012918","HOUSTON WILLIAM P HOBBY AIRPORT, TX US","2022-08-23","8.50",,"84","92","80","  190"
"USW00012918","HOUSTON WILLIAM P HOBBY AIRPORT, TX US","2022-08-24","5.59",,"81","87","78","  290"
"USW00012918","HOUSTON WILLIAM P HOBBY AIRPORT, TX US","2022-08-25","5.82",,"84","95","77","  160"
"USW00012918","HOUSTON WILLIAM P HOBBY AIRPORT, TX US","2022-08-26","5.82",,"83","92","78","  170"
"USW00012918","HOUSTON WILLIAM P HOBBY AIRPORT, TX US","2022-08-27","7.16",,"82","89","78","  150"
"USW00012918","HOUSTON WILLIAM P HOBBY AIRPORT, TX US","2022-08-28","8.28",,"84","93","78","  140"
"USW00012918","HOUSTON WILLIAM P HOBBY AIRPORT, TX US","2022-08-29","6.04",,"81","90","76","  130"
"USW00012918","HOUSTON WILLIAM P HOBBY AIRPORT, TX US","2022-08-30","7.38",,"83","89","77","  300"
"USW00012918","HOUSTON WILLIAM P HOBBY AIRPORT, TX US","2022-08-31","5.37",,"84","94","78","  110"
"USW00012918","HOUSTON WILLIAM P HOBBY AIRPORT, TX US","2022-09-01","4.47",,"84","94","77","   20"
"USW00012918","HOUSTON WILLIAM P HOBBY AIRPORT, TX US","2022-09-02","4.92",,"83","94","76","  250"
"USW00012918","HOUSTON WILLIAM P HOBBY AIRPORT, TX US","2022-09-03","4.25",,"81","90","75","  100"
"USW00012918","HOUSTON WILLIAM P HOBBY AIRPORT, TX US","2022-09-04","4.47",,"77","83","73","  220"
"USW00012918","HOUSTON WILLIAM P HOBBY AIRPORT, TX US","2022-09-05","6.71",,"79","89","73","  210"
"USW00012918","HOUSTON WILLIAM P HOBBY AIRPORT, TX US","2022-09-06","5.59",,"80","89","74","  180"
"USW00012918","HOUSTON WILLIAM P HOBBY AIRPORT, TX US","2022-09-07","3.80",,"81","94","74","   50"
"USW00012918","HOUSTON WILLIAM P HOBBY AIRPORT, TX US","2022-09-08","5.82",,"81","94","73","   10"
"USW00012918","HOUSTON WILLIAM P HOBBY AIRPORT, TX US","2022-09-09","4.70",,"81","90","73","  190"
"USW00012918","HOUSTON WILLIAM P HOBBY AIRPORT, TX US","2022-09-10","4.70",,"82","94","73","  350"
"USW00012918","HOUSTON WILLIAM P HOBBY AIRPORT, TX US","2022-09-11","6.93",,"84","95","74","   30"
"USW00012918","HOUSTON WILLIAM P HOBBY AIRPORT, TX US","2022-09-12","6.71",,"83","93","75","   40"
"USW00012918","HOUSTON WILLIAM P HOBBY AIRPORT, TX US","2022-09-13","5.82",,"82","92","74","  180"
"USW00012918","HOUSTON WILLIAM P HOBBY AIRPORT, TX US","2022-09-14","6.93",,"80","90","71","   50"
"USW00012918","HOUSTON WILLIAM P HOBBY AIRPORT, TX US","2022-09-15","10.51",,"82","90","76","  130"
"USW00012918","HOUSTON WILLIAM P HOBBY AIRPORT, TX US","2022-09-16","7.61",,"82","89","77","  120"
"USW00012918","HOUSTON WILLIAM P HOBBY AIRPORT, TX US","2022-09-17","5.59",,"84","93","77","  100"
"USW00012918","HOUSTON WILLIAM P HOBBY AIRPORT, TX US","2022-09-18","5.59",,"84","94","76","  120"
"USW00012918","HOUSTON WILLIAM P HOBBY AIRPORT, TX US","2022-09-19","4.92",,"84","94","77","  140"
"USW00012918","HOUSTON WILLIAM P HOBBY AIRPORT, TX US","2022-09-20","4.25",,"85","95","76","  200"
"USW00012918","HOUSTON WILLIAM P HOBBY AIRPORT, TX US","2022-09-21","4.92",,"84","94","75","  130"
"USW00012918","HOUSTON WILLIAM P HOBBY AIRPORT, TX US","2022-09-22","6.04",,"85","99","74","   60"
"USW00012918","HOUSTON WILLIAM P HOBBY AIRPORT, TX US","2022-09-23","5.82",,"87","97","77","  110"
"USW00012918","HOUSTON WILLIAM P HOBBY AIRPORT, TX US","2022-09-24","5.14",,"84","95","74","  170"
"USW00012918","HOUSTON WILLIAM P HOBBY AIRPORT, TX US","2022-09-25","4.47",,"84","96","73","  140"
"USW00012918","HOUSTON WILLIAM P HOBBY AIRPORT, TX US","2022-09-26","9.62",,"85","95","77","  320"
"USW00012918","HOUSTON WILLIAM P HOBBY AIRPORT, TX US","2022-09-27","9.17",,"80","90","66","   80"
"USW00012918","HOUSTON WILLIAM P HOBBY AIRPORT, TX US","2022-09-28","9.40",,"78","89","67","  100"
"USW00012918","HOUSTON WILLIAM P HOBBY AIRPORT, TX US","2022-09-29","10.07",,"76","86","68","   80"
"USW00012918","HOUSTON WILLIAM P HOBBY AIRPORT, TX US","2022-09-30","7.38",,"74","85","58","   30"
"USW00012918","HOUSTON WILLIAM P HOBBY AIRPORT, TX US","2022-10-01","4.70",,"72","86","59","   60"
"USW00012918","HOUSTON WILLIAM P HOBBY AIRPORT, TX US","2022-10-02","4.92",,"73","87","58","  360"
"USW00012918","HOUSTON WILLIAM P HOBBY AIRPORT, TX US","2022-10-03","4.03",,"75","89","62","   10"
"USW00012918","HOUSTON WILLIAM P HOBBY AIRPORT, TX US","2022-10-04","5.14",,"76","87","65","  340"
"USW00012918","HOUSTON WILLIAM P HOBBY AIRPORT, TX US","2022-10-05","4.70",,"75","88","63","  140"
"USW00012918","HOUSTON WILLIAM P HOBBY AIRPORT, TX US","2022-10-06","5.59",,"77","91","66","   80"
"USW00012918","HOUSTON WILLIAM P HOBBY AIRPORT, TX US","2022-10-07","3.80",,"78","90","67","   10"
"USW00012918","HOUSTON WILLIAM P HOBBY AIRPORT, TX US","2022-10-08","9.17",,"80","89","70","  120"
"USW00012918","HOUSTON WILLIAM P HOBBY AIRPORT, TX US","2022-10-09","7.83",,"77","86","67","  120"
"USW00012918","HOUSTON WILLIAM P HOBBY AIRPORT, TX US","2022-10-10","6.93",,"75","85","66","  110"
"USW00012918","HOUSTON WILLIAM P HOBBY AIRPORT, TX US","2022-10-11","7.83",,"76","86","67","  100"
"USW00012918","HOUSTON WILLIAM P HOBBY AIRPORT, TX US","2022-10-12","6.71",,"81","94","73","  170"
"USW00012918","HOUSTON WILLIAM P HOBBY AIRPORT, TX US","2022-10-13","7.16",,"80","92","72","  210"
"USW00012918","HOUSTON WILLIAM P HOBBY AIRPORT, TX US","2022-10-14","7.61",,"77","86","69","  130"
"USW00012918","HOUSTON WILLIAM P HOBBY AIRPORT, TX US","2022-10-15","6.93",,"77","91","67","  160"
"USW00012918","HOUSTON WILLIAM P HOBBY AIRPORT, TX US","2022-10-16","6.26",,"79","90","71","  110"
"USW00012918","HOUSTON WILLIAM P HOBBY AIRPORT, TX US","2022-10-17","11.63",,"73","77","63","  350"
"USW00012918","HOUSTON WILLIAM P HOBBY AIRPORT, TX US","2022-10-18","13.87",,"63","70","56","   10"
"USW00012918","HOUSTON WILLIAM P HOBBY AIRPORT, TX US","2022-10-19","7.16",,"58","69","48","   20"
"USW00012918","HOUSTON WILLIAM P HOBBY AIRPORT, TX US","2022-10-20","8.50",,"63","83","50","  220"
"USW00012918","HOUSTON WILLIAM P HOBBY AIRPORT, TX US","2022-10-21","9.40",,"70","85","57","  240"
"USW00012918","HOUSTON WILLIAM P HOBBY AIRPORT, TX US","2022-10-22","11.63",,"73","86","61","  180"
"USW00012918","HOUSTON WILLIAM P HOBBY AIRPORT, TX US","2022-10-23","13.42",,"77","87","69","  160"
"USW00012918","HOUSTON WILLIAM P HOBBY AIRPORT, TX US","2022-10-24","13.42",,"78","82","68","  320"
"USW00012918","HOUSTON WILLIAM P HOBBY AIRPORT, TX US","2022-10-25","12.08",,"69","76","56","  310"
"USW00012918","HOUSTON WILLIAM P HOBBY AIRPORT, TX US","2022-10-26","5.14",,"63","76","52","   90"
"USW00012918","HOUSTON WILLIAM P HOBBY AIRPORT, TX US","2022-10-27","8.50",,"64","76","53","  110"
"USW00012918","HOUSTON WILLIAM P HOBBY AIRPORT, TX US","2022-10-28","12.08",,"69","75","61","  110"
"USW00012918","HOUSTON WILLIAM P HOBBY AIRPORT, TX US","2022-10-29","9.40",,"62","68","57","  290"
"USW00012918","HOUSTON WILLIAM P HOBBY AIRPORT, TX US","2022-10-30","5.82",,"64","77","54","  290"
"USW00012918","HOUSTON WILLIAM P HOBBY AIRPORT, TX US","2022-10-31","3.36",,"67","79","57","  130"
"USW00012918","HOUSTON WILLIAM P HOBBY AIRPORT, TX US","2022-11-01","9.40",,"66","67","63","  130"
"USW00012918","HOUSTON WILLIAM P HOBBY AIRPORT, TX US","2022-11-02","9.84",,"68","77","62","   80"
"USW00012918","HOUSTON WILLIAM P HOBBY AIRPORT, TX US","2022-11-03","10.51",,"76","85","72","  170"
"USW00012918","HOUSTON WILLIAM P HOBBY AIRPORT, TX US","2022-11-04","14.09",,"78","85","60","  180"
"USW00012918","HOUSTON WILLIAM P HOBBY AIRPORT, TX US","2022-11-05","6.49",,"69","75","60","  340"
"USW00012918","HOUSTON WILLIAM P HOBBY AIRPORT, TX US","2022-11-06","8.05",,"73","87","62","  180"
"USW00012918","HOUSTON WILLIAM P HOBBY AIRPORT, TX US","2022-11-07","7.16",,"78","86","70","  110"
"USW00012918","HOUSTON WILLIAM P HOBBY AIRPORT, TX US","2022-11-08","8.72",,"76","87","69","  110"
"USW00012918","HOUSTON WILLIAM P HOBBY AIRPORT, TX US","2022-11-09","6.26",,"75","84","67","  110"
"USW00012918","HOUSTON WILLIAM P HOBBY AIRPORT, TX US","2022-11-10","6.26",,"73","83","67","  140"
"USW00012918","HOUSTON WILLIAM P HOBBY AIRPORT, TX US","2022-11-11","8.95",,"71","83","49","  330"
"USW00012918","HOUSTON WILLIAM P HOBBY AIRPORT, TX US","2022-11-12","15.66",,"52","61","44","  360"
"USW00012918","HOUSTON WILLIAM P HOBBY AIRPORT, TX US","2022-11-13","7.83",,"50","60","41","   50"
"USW00012918","HOUSTON WILLIAM P HOBBY AIRPORT, TX US","2022-11-14","13.87",,"56","64","49","  360"
"USW00012918","HOUSTON WILLIAM P HOBBY AIRPORT, TX US","2022-11-15","14.99",,"50","56","44","  310"
"USW00012918","HOUSTON WILLIAM P HOBBY AIRPORT, TX US","2022-11-16","10.07",,"47","55","42","   20"
"USW00012918","HOUSTON WILLIAM P HOBBY AIRPORT, TX US","2022-11-17","4.92",,"51","58","43","   70"
"USW00012918","HOUSTON WILLIAM P HOBBY AIRPORT, TX US","2022-11-18","8.72",,"53","59","49","   80"
"USW00012918","HOUSTON WILLIAM P HOBBY AIRPORT, TX US","2022-11-19","12.53",,"49","51","45","  360"
"USW00012918","HOUSTON WILLIAM P HOBBY AIRPORT, TX US","2022-11-20","10.29",,"47","56","42","   20"
"USW00012918","HOUSTON WILLIAM P HOBBY AIRPORT, TX US","2022-11-21","8.72",,"48","50","45","   10"
"USW00012918","HOUSTON WILLIAM P HOBBY AIRPORT, TX US","2022-11-22","5.82",,"51","60","47","   50"
"USW00012918","HOUSTON WILLIAM P HOBBY AIRPORT, TX US","2022-11-23","8.05",,"58","71","48","  120"
"USW00012918","HOUSTON WILLIAM P HOBBY AIRPORT, TX US","2022-11-24","11.18",,"65","70","62","   70"
"USW00012918","HOUSTON WILLIAM P HOBBY AIRPORT, TX US","2022-11-25","12.08",,"62","64","60","   40"
"USW00012918","HOUSTON WILLIAM P HOBBY AIRPORT, TX US","2022-11-26","12.30",,"62","67","50","  110"
"USW00012918","HOUSTON WILLIAM P HOBBY AIRPORT, TX US","2022-11-27","8.05",,"60","75","49","  250"
"USW00012918","HOUSTON WILLIAM P HOBBY AIRPORT, TX US","2022-11-28","5.37",,"62","75","50","  110"
"USW00012918","HOUSTON WILLIAM P HOBBY AIRPORT, TX US","2022-11-29","11.63",,"72","81","64","  210"
"USW00012918","HOUSTON WILLIAM P HOBBY AIRPORT, TX US","2022-11-30","15.43",,"66","75","50","  350"
"USW00012918","HOUSTON WILLIAM P HOBBY AIRPORT, TX US","2022-12-01","11.18",,"52","59","44","   80"
"USW00012918","HOUSTON WILLIAM P HOBBY AIRPORT, TX US","2022-12-02","10.51",,"65","80","57","  150"
"USW00012918","HOUSTON WILLIAM P HOBBY AIRPORT, TX US","2022-12-03","6.71",,"74","80","64","  200"
"USW00012918","HOUSTON WILLIAM P HOBBY AIRPORT, TX US","2022-12-04","6.71",,"65","72","61","  130"
"USW00012918","HOUSTON WILLIAM P HOBBY AIRPORT, TX US","2022-12-05","9.62",,"71","83","66","  200"
"USW00012918","HOUSTON WILLIAM P HOBBY AIRPORT, TX US","2022-12-06","10.29",,"74","85","67","  180"
"USW00012918","HOUSTON WILLIAM P HOBBY AIRPORT, TX US","2022-12-07","8.05",,"75","84","70","  200"
"USW00012918","HOUSTON WILLIAM P HOBBY AIRPORT, TX US","2022-12-08","7.83",,"75","82","70","  150"
"USW00012918","HOUSTON WILLIAM P HOBBY AIRPORT, TX US","2022-12-09","7.38",,"75","84","70","  180"
"USW00012918","HOUSTON WILLIAM P HOBBY AIRPORT, TX US","2022-12-10","7.83",,"72","82","64","  160"
"USW00012918","HOUSTON WILLIAM P HOBBY AIRPORT, TX US","2022-12-11","7.38",,"71","74","65","   10"
"USW00012918","HOUSTON WILLIAM P HOBBY AIRPORT, TX US","2022-12-12","12.53",,"68","71","65","  130"
"USW00012918","HOUSTON WILLIAM P HOBBY AIRPORT, TX US","2022-12-13","14.76",,"74","82","69","  200"
"USW00012918","HOUSTON WILLIAM P HOBBY AIRPORT, TX US","2022-12-14","12.30",,"67","74","52","  360"
"USW00012918","HOUSTON WILLIAM P HOBBY AIRPORT, TX US","2022-12-15","4.25",,"55","65","43","  350"
"USW00012918","HOUSTON WILLIAM P HOBBY AIRPORT, TX US","2022-12-16","10.51",,"56","69","44","   20"
"USW00012918","HOUSTON WILLIAM P HOBBY AIRPORT, TX US","2022-12-17","9.17",,"49","58","43","   10"
"USW00012918","HOUSTON WILLIAM P HOBBY AIRPORT, TX US","2022-12-18","10.51",,"48","55","39","   60"
"USW00012918","HOUSTON WILLIAM P HOBBY AIRPORT, TX US","2022-12-19","13.87",,"51","53","45","   80"
"USW00012918","HOUSTON WILLIAM P HOBBY AIRPORT, TX US","2022-12-20","12.97",,"53","59","48","   10"
"USW00012918","HOUSTON WILLIAM P HOBBY AIRPORT, TX US","2022-12-21","3.80",,"49","56","43","  360"
"USW00012918","HOUSTON WILLIAM P HOBBY AIRPORT, TX US","2022-12-22","13.87",,"49","62","22","  360"
"USW00012918","HOUSTON WILLIAM P HOBBY AIRPORT, TX US","2022-12-23","18.79",,"25","34","17","  360"
"USW00012918","HOUSTON WILLIAM P HOBBY AIRPORT, TX US","2022-12-24","7.38",,"30","43","23","  360"
"USW00012918","HOUSTON WILLIAM P HOBBY AIRPORT, TX US","2022-12-25","4.47",,"38","50","28","   40"
"USW00012918","HOUSTON WILLIAM P HOBBY AIRPORT, TX US","2022-12-26","4.03",,"45","63","31","  350"
"USW00012918","HOUSTON WILLIAM P HOBBY AIRPORT, TX US","2022-12-27","6.49",,"47","58","36","   10"
"USW00012918","HOUSTON WILLIAM P HOBBY AIRPORT, TX US","2022-12-28","9.17",,"55","78","39","  170"
"USW00012918","HOUSTON WILLIAM P HOBBY AIRPORT, TX US","2022-12-29","11.63",,"69","79","60","  160"
"USW00012918","HOUSTON WILLIAM P HOBBY AIRPORT, TX US","2022-12-30","7.16",,"66","71","59","  360"
"USW00012918","HOUSTON WILLIAM P HOBBY AIRPORT, TX US","2022-12-31","6.04",,"63","77","53","  210"
"USW00012918","HOUSTON WILLIAM P HOBBY AIRPORT, TX US","2023-01-01","8.28",,"67","82","58","  190"
"USW00012918","HOUSTON WILLIAM P HOBBY AIRPORT, TX US","2023-01-02","15.66",,"74","78","72","  170"
"USW00012918","HOUSTON WILLIAM P HOBBY AIRPORT, TX US","2023-01-03","8.72",,"74","79","59","  180"
"USW00012918","HOUSTON WILLIAM P HOBBY AIRPORT, TX US","2023-01-04","4.70",,"65","75","51","  310"
"USW00012918","HOUSTON WILLIAM P HOBBY AIRPORT, TX US","2023-01-05","3.36",,"61","75","47","   40"
"USW00012918","HOUSTON WILLIAM P HOBBY AIRPORT, TX US","2023-01-06","8.95",,"64","79","53","  170"
"USW00012918","HOUSTON WILLIAM P HOBBY AIRPORT, TX US","2023-01-07","7.38",,"69","82","61","  170"
"USW00012918","HOUSTON WILLIAM P HOBBY AIRPORT, TX US","2023-01-08","9.62",,"66","71","56","  320"
"USW00012918","HOUSTON WILLIAM P HOBBY AIRPORT, TX US","2023-01-09","7.61",,"60","68","52","   90"
"USW00012918","HOUSTON WILLIAM P HOBBY AIRPORT, TX US","2023-01-10","8.05",,"65","78","60","  200"
"USW00012918","HOUSTON WILLIAM P HOBBY AIRPORT, TX US","2023-01-11","16.11",,"72","82","65","  200"
"USW00012918","HOUSTON WILLIAM P HOBBY AIRPORT, TX US","2023-01-12","15.88",,"67","72","52","  330"
"USW00012918","HOUSTON WILLIAM P HOBBY AIRPORT, TX US","2023-01-13","11.86",,"54","64","45","  360"
"USW00012918","HOUSTON WILLIAM P HOBBY AIRPORT, TX US","2023-01-14","7.38",,"52","63","40","  130"
"USW00012918","HOUSTON WILLIAM P HOBBY AIRPORT, TX US","2023-01-15","11.63",,"61","74","50","  190"
"USW00012918","HOUSTON WILLIAM P HOBBY AIRPORT, TX US","2023-01-16","10.96",,"71","77","66","  200"
"USW00012918","HOUSTON WILLIAM P HOBBY AIRPORT, TX US","2023-01-17","8.72",,"71","81","67","  200"
"USW00012918","HOUSTON WILLIAM P HOBBY AIRPORT, TX US","2023-01-18","10.07",,"72","79","55","  290"
"USW00012918","HOUSTON WILLIAM P HOBBY AIRPORT, TX US","2023-01-19","8.28",,"62","73","52","  340"
"USW00012918","HOUSTON WILLIAM P HOBBY AIRPORT, TX US","2023-01-20","12.30",,"56","58","50","   50"
"USW00012918","HOUSTON WILLIAM P HOBBY AIRPORT, TX US","2023-01-21","10.51",,"53","54","48","   80"
"USW00012918","HOUSTON WILLIAM P HOBBY AIRPORT, TX US","2023-01-22","10.07",,"54","63","47","  340"
"USW00012918","HOUSTON WILLIAM P HOBBY AIRPORT, TX US","2023-01-23","9.62",,"51","59","40","  130"
"USW00012918","HOUSTON WILLIAM P HOBBY AIRPORT, TX US","2023-01-24","15.88",,"56","72","48","  180"
"USW00012918","HOUSTON WILLIAM P HOBBY AIRPORT, TX US","2023-01-25","11.86",,"48","54","41","  330"
"USW00012918","HOUSTON WILLIAM P HOBBY AIRPORT, TX US","2023-01-26","4.70",,"47","58","37","   10"
"USW00012918","HOUSTON WILLIAM P HOBBY AIRPORT, TX US","2023-01-27","5.82",,"48","58","38","  140"
"USW00012918","HOUSTON WILLIAM P HOBBY AIRPORT, TX US","2023-01-28","13.42",,"63","72","58","  190"
"USW00012918","HOUSTON WILLIAM P HOBBY AIRPORT, TX US","2023-01-29","11.63",,"71","77","59","  210"
"USW00012918","HOUSTON WILLIAM P HOBBY AIRPORT, TX US","2023-01-30","12.97",,"53","59","39","  310"
"USW00012918","HOUSTON WILLIAM P HOBBY AIRPORT, TX US","2023-01-31","13.42",,"41","46","38","   20"
"USW00012918","HOUSTON WILLIAM P HOBBY AIRPORT, TX US","2023-02-01","12.08",,"40","43","39","   40"
"USW00012918","HOUSTON WILLIAM P HOBBY AIRPORT, TX US","2023-02-02","11.41",,"41","43","40","   10"
"USW00012918","HOUSTON WILLIAM P HOBBY AIRPORT, TX US","2023-02-03","7.61",,"46","60","41","   20"
"USW00012918","HOUSTON WILLIAM P HOBBY AIRPORT, TX US","2023-02-04","6.71",,"51","64","40","  120"
"USW00012918","HOUSTON WILLIAM P HOBBY AIRPORT, TX US","2023-02-05","6.49",,"60","76","50","  220"
"USW00012918","HOUSTON WILLIAM P HOBBY AIRPORT, TX US","2023-02-06","12.53",,"65","74","57","  160"
"USW00012918","HOUSTON WILLIAM P HOBBY AIRPORT, TX US","2023-02-07","11.41",,"67","77","61","  130"
"USW00012918","HOUSTON WILLIAM P HOBBY AIRPORT, TX US","2023-02-08","13.87",,"68","80","48","  180"
"USW00012918","HOUSTON WILLIAM P HOBBY AIRPORT, TX US","2023-02-09","4.03",,"55","72","44","  140"
"USW00012918","HOUSTON WILLIAM P HOBBY AIRPORT, TX US","2023-02-10","12.75",,"55","62","45","  360"
"USW00012918","HOUSTON WILLIAM P HOBBY AIRPORT, TX US","2023-02-11","11.18",,"47","56","39","  360"
"USW00012918","HOUSTON WILLIAM P HOBBY AIRPORT, TX US","2023-02-12","3.80",,"51","67","39","  190"
"USW00012918","HOUSTON WILLIAM P HOBBY AIRPORT, TX US","2023-02-13","6.04",,"58","74","46","  150"
"USW00012918","HOUSTON WILLIAM P HOBBY AIRPORT, TX US","2023-02-14","14.09",,"69","81","63","  220"
"USW00012918","HOUSTON WILLIAM P HOBBY AIRPORT, TX US","2023-02-15","11.63",,"70","77","67","  160"
"USW00012918","HOUSTON WILLIAM P HOBBY AIRPORT, TX US","2023-02-16","16.78",,"66","73","49","   10"
"USW00012918","HOUSTON WILLIAM P HOBBY AIRPORT, TX US","2023-02-17","16.11",,"47","56","38","  350"
"USW00012918","HOUSTON WILLIAM P HOBBY AIRPORT, TX US","2023-02-18","6.49",,"48","57","40","  120"
"USW00012918","HOUSTON WILLIAM P HOBBY AIRPORT, TX US","2023-02-19","4.70",,"58","75","46","  160"
"USW00012918","HOUSTON WILLIAM P HOBBY AIRPORT, TX US","2023-02-20","10.96",,"69","81","60","  200"
"USW00012918","HOUSTON WILLIAM P HOBBY AIRPORT, TX US","2023-02-21","14.99",,"74","84","69","  200"
"USW00012918","HOUSTON WILLIAM P HOBBY AIRPORT, TX US","2023-02-22","14.76",,"74","82","70","  180"
"USW00012918","HOUSTON WILLIAM P HOBBY AIRPORT, TX US","2023-02-23","8.28",,"75","84","71","  110"
"USW00012918","HOUSTON WILLIAM P HOBBY AIRPORT, TX US","2023-02-24","8.28",,"74","81","70","  140"
"USW00012918","HOUSTON WILLIAM P HOBBY AIRPORT, TX US","2023-02-25","9.17",,"74","84","68","  180"
"USW00012918","HOUSTON WILLIAM P HOBBY AIRPORT, TX US","2023-02-26","14.99",,"75","83","71","  180"
"USW00012918","HOUSTON WILLIAM P HOBBY AIRPORT, TX US","2023-02-27","14.09",,"75","84","67","  220"
"USW00012918","HOUSTON WILLIAM P HOBBY AIRPORT, TX US","2023-02-28","10.51",,"73","84","67","  170"
"USW00012918","HOUSTON WILLIAM P HOBBY AIRPORT, TX US","2023-03-01","12.97",,"76","85","72","  170"
"USW00012918","HOUSTON WILLIAM P HOBBY AIRPORT, TX US","2023-03-02","14.54",,"76","79","67","  170"
"USW00012918","HOUSTON WILLIAM P HOBBY AIRPORT, TX US","2023-03-03","12.75",,"68","74","56","  310"
"USW00012918","HOUSTON WILLIAM P HOBBY AIRPORT, TX US","2023-03-04","6.04",,"64","79","52","  120"
"USW00012918","HOUSTON WILLIAM P HOBBY AIRPORT, TX US","2023-03-05","6.71",,"65","79","53","  130"
"USW00012918","HOUSTON WILLIAM P HOBBY AIRPORT, TX US","2023-03-06","5.14",,"70","84","61","  150"
"USW00012918","HOUSTON WILLIAM P HOBBY AIRPORT, TX US","2023-03-07","8.28",,"75","85","71","  150"
"USW00012918","HOUSTON WILLIAM P HOBBY AIRPORT, TX US","2023-03-08","8.72",,"75","84","68","  160"
"USW00012918","HOUSTON WILLIAM P HOBBY AIRPORT, TX US","2023-03-09","8.72",,"75","86","67","  160"
"USW00012918","HOUSTON WILLIAM P HOBBY AIRPORT, TX US","2023-03-10","4.70",,"74","83","69","  360"
"USW00012918","HOUSTON WILLIAM P HOBBY AIRPORT, TX US","2023-03-11","13.65",,"76","87","70","  180"
"USW00012918","HOUSTON WILLIAM P HOBBY AIRPORT, TX US","2023-03-12","16.11",,"76","85","61","   10"
"USW00012918","HOUSTON WILLIAM P HOBBY AIRPORT, TX US","2023-03-13","13.65",,"62","72","55","   50"
"USW00012918","HOUSTON WILLIAM P HOBBY AIRPORT, TX US","2023-03-14","12.53",,"61","67","54","   70"
"USW00012918","HOUSTON WILLIAM P HOBBY AIRPORT, TX US","2023-03-15","11.63",,"60","71","51","  110"
"USW00012918","HOUSTON WILLIAM P HOBBY AIRPORT, TX US","2023-03-16","14.09",,"68","75","62","  160"
"USW00012918","HOUSTON WILLIAM P HOBBY AIRPORT, TX US","2023-03-17","16.33",,"58","73","47","  280"
"USW00012918","HOUSTON WILLIAM P HOBBY AIRPORT, TX US","2023-03-18","12.08",,"52","57","48","   30"
"USW00012918","HOUSTON WILLIAM P HOBBY AIRPORT, TX US","2023-03-19","9.62",,"52","60","45","   20"
"USW00012918","HOUSTON WILLIAM P HOBBY AIRPORT, TX US","2023-03-20","12.08",,"51","59","44","  110"
"USW00012918","HOUSTON WILLIAM P HOBBY AIRPORT, TX US","2023-03-21","15.88",,"64","75","58","  150"
"USW00012918","HOUSTON WILLIAM P HOBBY AIRPORT, TX US","2023-03-22","14.09",,"74","83","69","  180"
"USW00012918","HOUSTON WILLIAM P HOBBY AIRPORT, TX US","2023-03-23","13.42",,"75","86","72","  160"
"USW00012918","HOUSTON WILLIAM P HOBBY AIRPORT, TX US","2023-03-24",,"    7","75","81","70","  160"
"USW00012918","HOUSTON WILLIAM P HOBBY AIRPORT, TX US","2023-03-25","6.26",,"76","87","64","   10"
"USW00012918","HOUSTON WILLIAM P HOBBY AIRPORT, TX US","2023-03-26","7.61",,"72","85","60","  190"
"USW00012918","HOUSTON WILLIAM P HOBBY AIRPORT, TX US","2023-03-27",,,"73","77","68",
"USW00012918","HOUSTON WILLIAM P HOBBY AIRPORT, TX US","2023-03-28","14.32",,"72","77","65","   40"
"USW00012918","HOUSTON WILLIAM P HOBBY AIRPORT, TX US","2023-03-29",,,"65","66","61",
"USW00012918","HOUSTON WILLIAM P HOBBY AIRPORT, TX US","2023-03-30","13.20",,"69","80","63","  160"
"USW00012918","HOUSTON WILLIAM P HOBBY AIRPORT, TX US","2023-03-31","14.09",,"77","85","73","  160"
"USW00012918","HOUSTON WILLIAM P HOBBY AIRPORT, TX US","2023-04-01","6.04",,"79","90","70","   50"
"USW00012918","HOUSTON WILLIAM P HOBBY AIRPORT, TX US","2023-04-02","14.09",,"76","85","68","  170"
"USW00012918","HOUSTON WILLIAM P HOBBY AIRPORT, TX US","2023-04-03","12.30",,"79","88","74","  210"
"USW00012918","HOUSTON WILLIAM P HOBBY AIRPORT, TX US","2023-04-04","15.43",,"78","83","74","  160"
"USW00012918","HOUSTON WILLIAM P HOBBY AIRPORT, TX US","2023-04-05","13.42",,"76","84","60","  350"
"USW00012918","HOUSTON WILLIAM P HOBBY AIRPORT, TX US","2023-04-06","15.88",,"62","69","56","   60"
"USW00012918","HOUSTON WILLIAM P HOBBY AIRPORT, TX US","2023-04-07","11.41",,"61","63","56","   80"
"USW00012918","HOUSTON WILLIAM P HOBBY AIRPORT, TX US","2023-04-08","7.38",,"59","71","56","   20"
"USW00012918","HOUSTON WILLIAM P HOBBY AIRPORT, TX US","2023-04-09","7.83",,"68","76","61","   40"
"USW00012918","HOUSTON WILLIAM P HOBBY AIRPORT, TX US","2023-04-10","8.05",,"66","71","60","   70"
"USW00012918","HOUSTON WILLIAM P HOBBY AIRPORT, TX US","2023-04-11","8.05",,"68","78","62","   70"
"USW00012918","HOUSTON WILLIAM P HOBBY AIRPORT, TX US","2023-04-12","6.49",,"67","78","57","   80"
"USW00012918","HOUSTON WILLIAM P HOBBY AIRPORT, TX US","2023-04-13","4.70",,"68","80","56","  160"
"USW00012918","HOUSTON WILLIAM P HOBBY AIRPORT, TX US","2023-04-14","10.96",,"70","79","61","  170"
"USW00012918","HOUSTON WILLIAM P HOBBY AIRPORT, TX US","2023-04-15","10.74",,"79","90","72","  340"
"USW00012918","HOUSTON WILLIAM P HOBBY AIRPORT, TX US","2023-04-16","11.41",,"72","78","61","   20"
"USW00012918","HOUSTON WILLIAM P HOBBY AIRPORT, TX US","2023-04-17","8.72",,"67","77","54","  100"
"USW00012918","HOUSTON WILLIAM P HOBBY AIRPORT, TX US","2023-04-18","11.41",,"69","83","61","  320"
"USW00012918","HOUSTON WILLIAM P HOBBY AIRPORT, TX US","2023-04-19","12.30",,"74","84","66","  180"
"USW00012918","HOUSTON WILLIAM P HOBBY AIRPORT, TX US","2023-04-20","11.86",,"76","81","68","  340"
"USW00012918","HOUSTON WILLIAM P HOBBY AIRPORT, TX US","2023-04-21","8.50",,"73","82","65","  260"
"USW00012918","HOUSTON WILLIAM P HOBBY AIRPORT, TX US","2023-04-22","13.42",,"71","78","62","  130"
"USW00012918","HOUSTON WILLIAM P HOBBY AIRPORT, TX US","2023-04-23","12.97",,"65","67","59","   80"
"USW00012918","HOUSTON WILLIAM P HOBBY AIRPORT, TX US","2023-04-24","10.74",,"62","75","56","  100"
"USW00012918","HOUSTON WILLIAM P HOBBY AIRPORT, TX US","2023-04-25","11.63",,"70","79","63","  120"
"USW00012918","HOUSTON WILLIAM P HOBBY AIRPORT, TX US","2023-04-26","11.63",,"74","82","69","  130"
"USW00012918","HOUSTON WILLIAM P HOBBY AIRPORT, TX US","2023-04-27","9.17",,"71","79","63","   90"
"USW00012918","HOUSTON WILLIAM P HOBBY AIRPORT, TX US","2023-04-28","9.40",,"72","85","60","  300"
"USW00012918","HOUSTON WILLIAM P HOBBY AIRPORT, TX US","2023-04-29","14.54",,"66","72","59","  310"
"USW00012918","HOUSTON WILLIAM P HOBBY AIRPORT, TX US","2023-04-30","9.62",,"69","87","54","  200"
"USW00012918","HOUSTON WILLIAM P HOBBY AIRPORT, TX US","2023-05-01","5.82",,"73","85","61","  120"
"USW00012918","HOUSTON WILLIAM P HOBBY AIRPORT, TX US","2023-05-02","5.59",,"74","82","67","   90"
"USW00012918","HOUSTON WILLIAM P HOBBY AIRPORT, TX US","2023-05-03","6.49",,"75","85","66","  100"
"USW00012918","HOUSTON WILLIAM P HOBBY AIRPORT, TX US","2023-05-04","8.72",,"75","83","68","  140"
"USW00012918","HOUSTON WILLIAM P HOBBY AIRPORT, TX US","2023-05-05","10.07",,"81","92","76","  150"
"USW00012918","HOUSTON WILLIAM P HOBBY AIRPORT, TX US","2023-05-06","12.75",,"80","90","70","  140"
"USW00012918","HOUSTON WILLIAM P HOBBY AIRPORT, TX US","2023-05-07","10.29",,"78","79","76","  150"
"USW00012918","HOUSTON WILLIAM P HOBBY AIRPORT, TX US","2023-05-08","11.63",,"79","86","72","   10"
"USW00012918","HOUSTON WILLIAM P HOBBY AIRPORT, TX US","2023-05-09","7.38",,"75","79","69","   50"
"USW00012918","HOUSTON WILLIAM P HOBBY AIRPORT, TX US","2023-05-10","8.95",,"73","77","67","  220"
"USW00012918","HOUSTON WILLIAM P HOBBY AIRPORT, TX US","2023-05-11","12.30",,"79","87","76","  140"
"USW00012918","HOUSTON WILLIAM P HOBBY AIRPORT, TX US","2023-05-12","13.65",,"82","88","78","  150"
"USW00012918","HOUSTON WILLIAM P HOBBY AIRPORT, TX US","2023-05-13","10.74",,"80","85","72","  130"
"USW00012918","HOUSTON WILLIAM P HOBBY AIRPORT, TX US","2023-05-14","10.51",,"76","85","69","  170"
"USW00012918","HOUSTON WILLIAM P HOBBY AIRPORT, TX US","2023-05-15","5.82",,"80","89","73","  190"
"USW00012918","HOUSTON WILLIAM P HOBBY AIRPORT, TX US","2023-05-16","6.26",,"78","90","70","  120"
"USW00012918","HOUSTON WILLIAM P HOBBY AIRPORT, TX US","2023-05-17","4.47",,"76","87","68","  350"
"USW00012918","HOUSTON WILLIAM P HOBBY AIRPORT, TX US","2023-05-18","5.82",,"80","91","71","  180"
"USW00012918","HOUSTON WILLIAM P HOBBY AIRPORT, TX US","2023-05-19","6.49",,"82","92","73","  180"
"USW00012918","HOUSTON WILLIAM P HOBBY AIRPORT, TX US","2023-05-20","6.93",,"81","92","74","  300"
"USW00012918","HOUSTON WILLIAM P HOBBY AIRPORT, TX US","2023-05-21","7.16",,"77","81","71","   20"
"USW00012918","HOUSTON WILLIAM P HOBBY AIRPORT, TX US","2023-05-22","4.92",,"78","86","72","  180"
"USW00012918","HOUSTON WILLIAM P HOBBY AIRPORT, TX US","2023-05-23","4.92",,"80","91","72","   60"
"USW00012918","HOUSTON WILLIAM P HOBBY AIRPORT, TX US","2023-05-24","7.38",,"81","90","71","   60"
"USW00012918","HOUSTON WILLIAM P HOBBY AIRPORT, TX US","2023-05-25","7.16",,"80","89","71","   40"
"USW00012918","HOUSTON WILLIAM P HOBBY AIRPORT, TX US","2023-05-26","6.71",,"81","92","72","   40"
"USW00012918","HOUSTON WILLIAM P HOBBY AIRPORT, TX US","2023-05-27","3.80",,"81","90","73","  110"
"USW00012918","HOUSTON WILLIAM P HOBBY AIRPORT, TX US","2023-05-28","6.49",,"80","89","72","  130"
"USW00012918","HOUSTON WILLIAM P HOBBY AIRPORT, TX US","2023-05-29","6.26",,"80","87","74","  110"
"USW00012918","HOUSTON WILLIAM P HOBBY AIRPORT, TX US","2023-05-30","7.38",,"81","90","71","  180"
"USW00012918","HOUSTON WILLIAM P HOBBY AIRPORT, TX US","2023-05-31","5.59",,"80","88","74","   90"
"USW00012918","HOUSTON WILLIAM P HOBBY AIRPORT, TX US","2023-06-01","6.49",,"80","90","71","  180"
"USW00012918","HOUSTON WILLIAM P HOBBY AIRPORT, TX US","2023-06-02","5.59",,"81","91","73","  180"
"USW00012918","HOUSTON WILLIAM P HOBBY AIRPORT, TX US","2023-06-03","6.93",,"82","93","73","  180"
"USW00012918","HOUSTON WILLIAM P HOBBY AIRPORT, TX US","2023-06-04","6.71",,"78","87","68","  340"
"USW00012918","HOUSTON WILLIAM P HOBBY AIRPORT, TX US","2023-06-05","6.71",,"78","88","71","   60"
"USW00012918","HOUSTON WILLIAM P HOBBY AIRPORT, TX US","2023-06-06","3.58",,"75","87","70","   50"
"USW00012918","HOUSTON WILLIAM P HOBBY AIRPORT, TX US","2023-06-07","3.58",,"79","92","70","   50"
"USW00012918","HOUSTON WILLIAM P HOBBY AIRPORT, TX US","2023-06-08","6.49",,"81","93","70","   20"
"USW00012918","HOUSTON WILLIAM P HOBBY AIRPORT, TX US","2023-06-09","4.70",,"79","95","70","  130"
"USW00012918","HOUSTON WILLIAM P HOBBY AIRPORT, TX US","2023-06-10","10.07",,"84","94","71","   50"
"USW00012918","HOUSTON WILLIAM P HOBBY AIRPORT, TX US","2023-06-11","9.84",,"83","94","73","  230"
"USW00012918","HOUSTON WILLIAM P HOBBY AIRPORT, TX US","2023-06-12","8.72",,"85","95","77","  150"
"USW00012918","HOUSTON WILLIAM P HOBBY AIRPORT, TX US","2023-06-13","10.29",,"85","94","78","  150"
"USW00012918","HOUSTON WILLIAM P HOBBY AIRPORT, TX US","2023-06-14","14.76",,"85","95","79","  200"
"USW00012918","HOUSTON WILLIAM P HOBBY AIRPORT, TX US","2023-06-15","12.08",,"88","98","81","  170"
"USW00012918","HOUSTON WILLIAM P HOBBY AIRPORT, TX US","2023-06-16","11.18",,"88","96","82","  180"
"USW00012918","HOUSTON WILLIAM P HOBBY AIRPORT, TX US","2023-06-17","8.72",,"88","98","81","  200"
"USW00012918","HOUSTON WILLIAM P HOBBY AIRPORT, TX US","2023-06-18","13.65",,"88","100","81","  200"
"USW00012918","HOUSTON WILLIAM P HOBBY AIRPORT, TX US","2023-06-19","11.63",,"88","99","81","  220"
"USW00012918","HOUSTON WILLIAM P HOBBY AIRPORT, TX US","2023-06-20","11.63",,"89","99","83","  220"
"USW00012918","HOUSTON WILLIAM P HOBBY AIRPORT, TX US","2023-06-21","8.05",,"88","99","72","   10"
"USW00012918","HOUSTON WILLIAM P HOBBY AIRPORT, TX US","2023-06-22","8.05",,"86","97","78","  180"
"USW00012918","HOUSTON WILLIAM P HOBBY AIRPORT, TX US","2023-06-23","7.61",,"88","98","82","  120"
"USW00012918","HOUSTON WILLIAM P HOBBY AIRPORT, TX US","2023-06-24","9.84",,"88","96","82","  160"
"USW00012918","HOUSTON WILLIAM P HOBBY AIRPORT, TX US","2023-06-25","10.29",,"88","98","81","  200"
"USW00012918","HOUSTON WILLIAM P HOBBY AIRPORT, TX US","2023-06-26","10.07",,"87","97","80","  180"
"USW00012918","HOUSTON WILLIAM P HOBBY AIRPORT, TX US","2023-06-27","10.07",,"88","99","81","  190"
"USW00012918","HOUSTON WILLIAM P HOBBY AIRPORT, TX US","2023-06-28","9.40",,"88","99","80","  200"
"USW00012918","HOUSTON WILLIAM P HOBBY AIRPORT, TX US","2023-06-29","9.40",,"87","98","80","  170"
"USW00012918","HOUSTON WILLIAM P HOBBY AIRPORT, TX US","2023-06-30","8.95",,"88","98","80","  180"
"USW00012918","HOUSTON WILLIAM P HOBBY AIRPORT, TX US","2023-07-01","7.83",,"88","99","79","  160"
"USW00012918","HOUSTON WILLIAM P HOBBY AIRPORT, TX US","2023-07-02","7.38",,"87","98","78","   10"
"USW00012918","HOUSTON WILLIAM P HOBBY AIRPORT, TX US","2023-07-03","6.93",,"86","97","80","  180"
"USW00012918","HOUSTON WILLIAM P HOBBY AIRPORT, TX US","2023-07-04","8.72",,"85","94","80","  180"
"USW00012918","HOUSTON WILLIAM P HOBBY AIRPORT, TX US","2023-07-05","7.61",,"87","96","81","  170"
"USW00012918","HOUSTON WILLIAM P HOBBY AIRPORT, TX US","2023-07-06","6.26",,"81","89","75","  190"
"USW00012918","HOUSTON WILLIAM P HOBBY AIRPORT, TX US","2023-07-07","6.71",,"82","92","75","  190"
"USW00012918","HOUSTON WILLIAM P HOBBY AIRPORT, TX US","2023-07-08","8.28",,"84","92","78","  200"
"USW00012918","HOUSTON WILLIAM P HOBBY AIRPORT, TX US","2023-07-09","10.07",,"87","95","80","  190"
"USW00012918","HOUSTON WILLIAM P HOBBY AIRPORT, TX US","2023-07-10","9.40",,"87","98","79","  180"
"USW00012918","HOUSTON WILLIAM P HOBBY AIRPORT, TX US","2023-07-11","10.29",,"88","98","81","  200"
"USW00012918","HOUSTON WILLIAM P HOBBY AIRPORT, TX US","2023-07-12","11.86",,"88","99","81","  160"
"USW00012918","HOUSTON WILLIAM P HOBBY AIRPORT, TX US","2023-07-13","10.74",,"89","99","81","  180"
"USW00012918","HOUSTON WILLIAM P HOBBY AIRPORT, TX US","2023-07-14","10.96",,"88","98","81","  190"
"USW00012918","HOUSTON WILLIAM P HOBBY AIRPORT, TX US","2023-07-15","9.84",,"88","99","80","  200"
"USW00012918","HOUSTON WILLIAM P HOBBY AIRPORT, TX US","2023-07-16","7.83",,"88","100","79","  190"
"USW00012918","HOUSTON WILLIAM P HOBBY AIRPORT, TX US","2023-07-17","8.50",,"88","101","78","  180"
"USW00012918","HOUSTON WILLIAM P HOBBY AIRPORT, TX US","2023-07-18","9.62",,"88","99","80","  160"
"USW00012918","HOUSTON WILLIAM P HOBBY AIRPORT, TX US","2023-07-19","9.84",,"88","100","80","  180"
"USW00012918","HOUSTON WILLIAM P HOBBY AIRPORT, TX US","2023-07-20","7.38",,"87","99","79","  160"
"USW00012918","HOUSTON WILLIAM P HOBBY AIRPORT, TX US","2023-07-21","7.38",,"87","99","78","  140"
"USW00012918","HOUSTON WILLIAM P HOBBY AIRPORT, TX US","2023-07-22","7.61",,"89","101","78","   60"
"USW00012918","HOUSTON WILLIAM P HOBBY AIRPORT, TX US","2023-07-23","4.92",,"86","100","77","  120"
"USW00012918","HOUSTON WILLIAM P HOBBY AIRPORT, TX US","2023-07-24","5.37",,"86","97","78","  100"
"USW00012918","HOUSTON WILLIAM P HOBBY AIRPORT, TX US","2023-07-25","6.26",,"86","95","79","  100"
"USW00012918","HOUSTON WILLIAM P HOBBY AIRPORT, TX US","2023-07-26","6.49",,"87","99","79","  200"
"USW00012918","HOUSTON WILLIAM P HOBBY AIRPORT, TX US","2023-07-27","6.26",,"87","96","80","  190"
"USW00012918","HOUSTON WILLIAM P HOBBY AIRPORT, TX US","2023-07-28","5.14",,"86","96","77","  150"
"USW00012918","HOUSTON WILLIAM P HOBBY AIRPORT, TX US","2023-07-29","5.82",,"87","97","79","  180"
"USW00012918","HOUSTON WILLIAM P HOBBY AIRPORT, TX US","2023-07-30","6.49",,"88","99","79","  200"
"USW00012918","HOUSTON WILLIAM P HOBBY AIRPORT, TX US","2023-07-31","6.93",,"89","102","80","  130"
"USW00012918","HOUSTON WILLIAM P HOBBY AIRPORT, TX US","2023-08-01","6.71",,"89","101","82","  160"
"USW00012918","HOUSTON WILLIAM P HOBBY AIRPORT, TX US","2023-08-02","5.82",,"89","101","79","  140"
"USW00012918","HOUSTON WILLIAM P HOBBY AIRPORT, TX US","2023-08-03","7.83",,"89","99","81","  180"
"USW00012918","HOUSTON WILLIAM P HOBBY AIRPORT, TX US","2023-08-04","8.50",,"89","101","81","  190"
"USW00012918","HOUSTON WILLIAM P HOBBY AIRPORT, TX US","2023-08-05","8.95",,"89","101","80","  190"
"USW00012918","HOUSTON WILLIAM P HOBBY AIRPORT, TX US","2023-08-06","9.62",,"89","101","81","  150"
"USW00012918","HOUSTON WILLIAM P HOBBY AIRPORT, TX US","2023-08-07","10.07",,"89","102","81","  170"
"USW00012918","HOUSTON WILLIAM P HOBBY AIRPORT, TX US","2023-08-08","9.62",,"89","100","81","  160"
"USW00012918","HOUSTON WILLIAM P HOBBY AIRPORT, TX US","2023-08-09","13.20",,"89","101","81","  180"
"USW00012918","HOUSTON WILLIAM P HOBBY AIRPORT, TX US","2023-08-10","11.63",,"90","102","81","  180"
"USW00012918","HOUSTON WILLIAM P HOBBY AIRPORT, TX US","2023-08-11","10.51",,"90","102","82","  150"
"USW00012918","HOUSTON WILLIAM P HOBBY AIRPORT, TX US","2023-08-12","10.96",,"90","102","83","  180"
"USW00012918","HOUSTON WILLIAM P HOBBY AIRPORT, TX US","2023-08-13","9.62",,"89","102","80","  130"
"USW00012918","HOUSTON WILLIAM P HOBBY AIRPORT, TX US","2023-08-14","8.50",,"89","103","79","  170"
"USW00012918","HOUSTON WILLIAM P HOBBY AIRPORT, TX US","2023-08-15","8.50",,"91","104","83","  350"
"USW00012918","HOUSTON WILLIAM P HOBBY AIRPORT, TX US","2023-08-16","9.62",,"90","100","80","   50"
"USW00012918","HOUSTON WILLIAM P HOBBY AIRPORT, TX US","2023-08-17","8.50",,"88","103","78","  230"
"USW00012918","HOUSTON WILLIAM P HOBBY AIRPORT, TX US","2023-08-18","7.83",,"88","102","79","  130"
"USW00012918","HOUSTON WILLIAM P HOBBY AIRPORT, TX US","2023-08-19","7.61",,"88","103","79","  130"
"USW00012918","HOUSTON WILLIAM P HOBBY AIRPORT, TX US","2023-08-20","8.05",,"91","107","82","  170"
"USW00012918","HOUSTON WILLIAM P HOBBY AIRPORT, TX US","2023-08-21","10.51",,"90","100","82","  130"
"USW00012918","HOUSTON WILLIAM P HOBBY AIRPORT, TX US","2023-08-22","15.66",,"89","97","84","  120"
"USW00012918","HOUSTON WILLIAM P HOBBY AIRPORT, TX US","2023-08-23","7.61",,"90","101","81","  130"
"USW00012918","HOUSTON WILLIAM P HOBBY AIRPORT, TX US","2023-08-24","8.05",,"92","107","82","  170"
"USW00012918","HOUSTON WILLIAM P HOBBY AIRPORT, TX US","2023-08-25","6.49",,"92","101","81","  140"
"USW00012918","HOUSTON WILLIAM P HOBBY AIRPORT, TX US","2023-08-26","5.59",,"90","104","80","  120"
"USW00012918","HOUSTON WILLIAM P HOBBY AIRPORT, TX US","2023-08-27","10.29",,"92","109","80","   10"
"USW00012918","HOUSTON WILLIAM P HOBBY AIRPORT, TX US","2023-08-28","7.83",,"89","100","80","   50"
"USW00012918","HOUSTON WILLIAM P HOBBY AIRPORT, TX US","2023-08-29","11.41",,"89","98","81","   10"
"USW00012918","HOUSTON WILLIAM P HOBBY AIRPORT, TX US","2023-08-30","9.62",,"89","101","78","   30"
"USW00012918","HOUSTON WILLIAM P HOBBY AIRPORT, TX US","2023-08-31","5.59",,"89","100","77","   60"
"USW00012918","HOUSTON WILLIAM P HOBBY AIRPORT, TX US","2023-09-01","5.14",,"89","101","77","   50"
"USW00012918","HOUSTON WILLIAM P HOBBY AIRPORT, TX US","2023-09-02","5.82",,"88","99","80","  110"
"USW00012918","HOUSTON WILLIAM P HOBBY AIRPORT, TX US","2023-09-03","8.05",,"88","98","80","  160"
"USW00012918","HOUSTON WILLIAM P HOBBY AIRPORT, TX US","2023-09-04","9.17",,"87","95","79","  170"
"USW00012918","HOUSTON WILLIAM P HOBBY AIRPORT, TX US","2023-09-05","10.51",,"88","98","82","  140"
"USW00012918","HOUSTON WILLIAM P HOBBY AIRPORT, TX US","2023-09-06","6.49",,"88","100","80","   90"
"USW00012918","HOUSTON WILLIAM P HOBBY AIRPORT, TX US","2023-09-07","7.16",,"89","103","81","  180"
"USW00012918","HOUSTON WILLIAM P HOBBY AIRPORT, TX US","2023-09-08","7.83",,"89","104","81","   90"
"USW00012918","HOUSTON WILLIAM P HOBBY AIRPORT, TX US","2023-09-09","6.71",,"86","98","73","   10"
"USW00012918","HOUSTON WILLIAM P HOBBY AIRPORT, TX US","2023-09-10","8.28",,"87","97","78","   70"
"USW00012918","HOUSTON WILLIAM P HOBBY AIRPORT, TX US","2023-09-11","5.82",,"85","96","74","  180"
"USW00012918","HOUSTON WILLIAM P HOBBY AIRPORT, TX US","2023-09-12","4.92",,"86","98","77","  150"
"USW00012918","HOUSTON WILLIAM P HOBBY AIRPORT, TX US","2023-09-13","6.93",,"86","97","78","  100"
"USW00012918","HOUSTON WILLIAM P HOBBY AIRPORT, TX US","2023-09-14","7.38",,"80","89","77","   60"
"USW00012918","HOUSTON WILLIAM P HOBBY AIRPORT, TX US","2023-09-15","6.04",,"80","92","73","   70"
"USW00012918","HOUSTON WILLIAM P HOBBY AIRPORT, TX US","2023-09-16","4.70",,"79","90","74","  310"
"USW00012918","HOUSTON WILLIAM P HOBBY AIRPORT, TX US","2023-09-17","5.14",,"82","94","74","   10"
"USW00012918","HOUSTON WILLIAM P HOBBY AIRPORT, TX US","2023-09-18","4.92",,"84","94","73","   90"
"USW00012918","HOUSTON WILLIAM P HOBBY AIRPORT, TX US","2023-09-19","6.49",,"82","92","72","  100"
"USW00012918","HOUSTON WILLIAM P HOBBY AIRPORT, TX US","2023-09-20","8.50",,"84","93","75","  110"
"USW00012918","HOUSTON WILLIAM P HOBBY AIRPORT, TX US","2023-09-21","6.93",,"86","96","79","  150"
"USW00012918","HOUSTON WILLIAM P HOBBY AIRPORT, TX US","2023-09-22","6.93",,"86","96","79","  130"
"USW00012918","HOUSTON WILLIAM P HOBBY AIRPORT, TX US","2023-09-23","7.16",,"86","96","78","  180"
"USW00012918","HOUSTON WILLIAM P HOBBY AIRPORT, TX US","2023-09-24","10.51",,"85","97","77","  190"
"USW00012918","HOUSTON WILLIAM P HOBBY AIRPORT, TX US","2023-09-25","6.93",,"84","96","74","   10"
"USW00012918","HOUSTON WILLIAM P HOBBY AIRPORT, TX US","2023-09-26","4.03",,"80","93","74","  180"
"USW00012918","HOUSTON WILLIAM P HOBBY AIRPORT, TX US","2023-09-27","4.03",,"84","95","77","  140"
"USW00012918","HOUSTON WILLIAM P HOBBY AIRPORT, TX US","2023-09-28","4.92",,"84","94","77","  110"
"USW00012918","HOUSTON WILLIAM P HOBBY AIRPORT, TX US","2023-09-29","9.17",,"84","92","76","   70"
"USW00012918","HOUSTON WILLIAM P HOBBY AIRPORT, TX US","2023-09-30","9.84",,"84","93","78","  120"
"USW00012918","HOUSTON WILLIAM P HOBBY AIRPORT, TX US","2023-10-01","10.07",,"84","95","76","  120"
"USW00012918","HOUSTON WILLIAM P HOBBY AIRPORT, TX US","2023-10-02","9.84",,"83","93","75","   90"
"USW00012918","HOUSTON WILLIAM P HOBBY AIRPORT, TX US","2023-10-03","7.16",,"80","82","77","  110"
"USW00012918","HOUSTON WILLIAM P HOBBY AIRPORT, TX US","2023-10-04","8.72",,"81","86","78","  130"
"USW00012918","HOUSTON WILLIAM P HOBBY AIRPORT, TX US","2023-10-05","8.50",,"78","81","73","  340"
"USW00012918","HOUSTON WILLIAM P HOBBY AIRPORT, TX US","2023-10-06","11.18",,"76","86","70","   40"
"USW00012918","HOUSTON WILLIAM P HOBBY AIRPORT, TX US","2023-10-07","11.41",,"74","77","66","   40"
"USW00012918","HOUSTON WILLIAM P HOBBY AIRPORT, TX US","2023-10-08","6.71",,"68","75","59","   20"
"USW00012918","HOUSTON WILLIAM P HOBBY AIRPORT, TX US","2023-10-09","6.04",,"69","83","60","  180"
"USW00012918","HOUSTON WILLIAM P HOBBY AIRPORT, TX US","2023-10-10","5.37",,"74","82","67","  170"
"USW00012918","HOUSTON WILLIAM P HOBBY AIRPORT, TX US","2023-10-11","8.28",,"70","72","66","  100"
"USW00012918","HOUSTON WILLIAM P HOBBY AIRPORT, TX US","2023-10-12","7.83",,"71","81","64","  120"
"USW00012918","HOUSTON WILLIAM P HOBBY AIRPORT, TX US","2023-10-13","6.49",,"77","90","69","  340"
"USW00012918","HOUSTON WILLIAM P HOBBY AIRPORT, TX US","2023-10-14","13.20",,"74","79","63","  350"
"USW00012918","HOUSTON WILLIAM P HOBBY AIRPORT, TX US","2023-10-15","13.42",,"66","74","56","  330"
"USW00012918","HOUSTON WILLIAM P HOBBY AIRPORT, TX US","2023-10-16","10.29",,"63","71","54","   10"
"USW00012918","HOUSTON WILLIAM P HOBBY AIRPORT, TX US","2023-10-17","4.25",,"62","75","49","  150"
"USW00012918","HOUSTON WILLIAM P HOBBY AIRPORT, TX US","2023-10-18","7.16",,"68","83","56","  160"
"USW00012918","HOUSTON WILLIAM P HOBBY AIRPORT, TX US","2023-10-19","5.14",,"74","88","63","  240"
"USW00012918","HOUSTON WILLIAM P HOBBY AIRPORT, TX US","2023-10-20","5.82",,"77","92","63","  240"
"USW00012918","HOUSTON WILLIAM P HOBBY AIRPORT, TX US","2023-10-21","7.16",,"77","92","62","  170"
"USW00012918","HOUSTON WILLIAM P HOBBY AIRPORT, TX US","2023-10-22","8.05",,"78","87","71","  110"
"USW00012918","HOUSTON WILLIAM P HOBBY AIRPORT, TX US","2023-10-23","10.74",,"79","89","73","  120"
"USW00012918","HOUSTON WILLIAM P HOBBY AIRPORT, TX US","2023-10-24","13.65",,"79","86","73","  170"
"USW00012918","HOUSTON WILLIAM P HOBBY AIRPORT, TX US","2023-10-25","13.42",,"80","88","74","  140"
"USW00012918","HOUSTON WILLIAM P HOBBY AIRPORT, TX US","2023-10-26","9.62",,"79","83","75","  160"
"USW00012918","HOUSTON WILLIAM P HOBBY AIRPORT, TX US","2023-10-27","7.38",,"80","87","76","  140"
"USW00012918","HOUSTON WILLIAM P HOBBY AIRPORT, TX US","2023-10-28","9.40",,"80","88","73","  110"
"USW00012918","HOUSTON WILLIAM P HOBBY AIRPORT, TX US","2023-10-29","10.51",,"79","88","56","  350"
"USW00012918","HOUSTON WILLIAM P HOBBY AIRPORT, TX US","2023-10-30","18.57",,"54","56","47","   10"
"USW00012918","HOUSTON WILLIAM P HOBBY AIRPORT, TX US","2023-10-31","14.09",,"51","61","46","  330"
"USW00012918","HOUSTON WILLIAM P HOBBY AIRPORT, TX US","2023-11-01","8.28",,"52","62","44","   40"
"USW00012918","HOUSTON WILLIAM P HOBBY AIRPORT, TX US","2023-11-02","5.59",,"54","67","42","   80"
"USW00012918","HOUSTON WILLIAM P HOBBY AIRPORT, TX US","2023-11-03","5.37",,"61","76","50","  120"
"USW00012918","HOUSTON WILLIAM P HOBBY AIRPORT, TX US","2023-11-04","7.16",,"68","80","58","  100"
"USW00012918","HOUSTON WILLIAM P HOBBY AIRPORT, TX US","2023-11-05","5.59",,"70","83","61","  170"
"USW00012918","HOUSTON WILLIAM P HOBBY AIRPORT, TX US","2023-11-06","7.83",,"73","83","64","  220"
"USW00012918","HOUSTON WILLIAM P HOBBY AIRPORT, TX US","2023-11-07","10.29",,"74","86","66","  190"
"USW00012918","HOUSTON WILLIAM P HOBBY AIRPORT, TX US","2023-11-08","9.62",,"76","86","69","  210"
"USW00012918","HOUSTON WILLIAM P HOBBY AIRPORT, TX US","2023-11-09","5.59",,"74","82","67","   90"
"USW00012918","HOUSTON WILLIAM P HOBBY AIRPORT, TX US","2023-11-10","11.41",,"65","70","57","  330"
"USW00012918","HOUSTON WILLIAM P HOBBY AIRPORT, TX US","2023-11-11","8.50",,"58","61","56","  140"
"USW00012918","HOUSTON WILLIAM P HOBBY AIRPORT, TX US","2023-11-12","8.72",,"61","67","59","   50"
"USW00012918","HOUSTON WILLIAM P HOBBY AIRPORT, TX US","2023-11-13","12.30",,"62","63","61","   20"
"USW00012918","HOUSTON WILLIAM P HOBBY AIRPORT, TX US","2023-11-14","8.72",,"64","72","60","  340"
"USW00012918","HOUSTON WILLIAM P HOBBY AIRPORT, TX US","2023-11-15","9.84",,"65","75","55","   20"
"USW00012918","HOUSTON WILLIAM P HOBBY AIRPORT, TX US","2023-11-16","4.92",,"62","65","59","  130"
"USW00012918","HOUSTON WILLIAM P HOBBY AIRPORT, TX US","2023-11-17","4.25",,"66","78","59","  110"
"USW00012918","HOUSTON WILLIAM P HOBBY AIRPORT, TX US","2023-11-18","7.61",,"69","77","59","   60"
"USW00012918","HOUSTON WILLIAM P HOBBY AIRPORT, TX US","2023-11-19","7.61",,"65","75","56","  120"
"USW00012918","HOUSTON WILLIAM P HOBBY AIRPORT, TX US","2023-11-20","8.50",,"72","79","65","  330"
"USW00012918","HOUSTON WILLIAM P HOBBY AIRPORT, TX US","2023-11-21","15.88",,"63","65","50","  360"
"USW00012918","HOUSTON WILLIAM P HOBBY AIRPORT, TX US","2023-11-22","6.26",,"52","59","45","  310"
"USW00012918","HOUSTON WILLIAM P HOBBY AIRPORT, TX US","2023-11-23","2.68",,"51","58","44","   90"
"USW00012918","HOUSTON WILLIAM P HOBBY AIRPORT, TX US","2023-11-24","6.93",,"58","68","52","   30"
"USW00012918","HOUSTON WILLIAM P HOBBY AIRPORT, TX US","2023-11-25","8.95",,"58","66","50","   70"
"USW00012918","HOUSTON WILLIAM P HOBBY AIRPORT, TX US","2023-11-26","13.42",,"60","63","47","  350"
"USW00012918","HOUSTON WILLIAM P HOBBY AIRPORT, TX US","2023-11-27","8.95",,"50","59","43","   30"
"USW00012918","HOUSTON WILLIAM P HOBBY AIRPORT, TX US","2023-11-28","7.61",,"54","62","46","   80"
"USW00012918","HOUSTON WILLIAM P HOBBY AIRPORT, TX US","2023-11-29","7.61",,"54","68","43","  120"
"USW00012918","HOUSTON WILLIAM P HOBBY AIRPORT, TX US","2023-11-30","10.29",,"65","72","62","  150"
"USW00012918","HOUSTON WILLIAM P HOBBY AIRPORT, TX US","2023-12-01","6.71",,"71","75","64","  360"
"USW00012918","HOUSTON WILLIAM P HOBBY AIRPORT, TX US","2023-12-02","6.26",,"65","68","57","  350"
"USW00012918","HOUSTON WILLIAM P HOBBY AIRPORT, TX US","2023-12-03","5.37",,"61","72","49","  220"
"USW00012918","HOUSTON WILLIAM P HOBBY AIRPORT, TX US","2023-12-04","5.82",,"61","72","51","   10"
"USW00012918","HOUSTON WILLIAM P HOBBY AIRPORT, TX US","2023-12-05","2.46",,"59","71","47","   60"
"USW00012918","HOUSTON WILLIAM P HOBBY AIRPORT, TX US","2023-12-06","6.93",,"57","66","49","   80"
"USW00012918","HOUSTON WILLIAM P HOBBY AIRPORT, TX US","2023-12-07","7.16",,"58","73","45","  140"
"USW00012918","HOUSTON WILLIAM P HOBBY AIRPORT, TX US","2023-12-08","11.41",,"69","78","63","  190"
"USW00012918","HOUSTON WILLIAM P HOBBY AIRPORT, TX US","2023-12-09","9.84",,"74","82","58","  330"
"USW00012918","HOUSTON WILLIAM P HOBBY AIRPORT, TX US","2023-12-10","13.87",,"57","62","42","   10"
"USW00012918","HOUSTON WILLIAM P HOBBY AIRPORT, TX US","2023-12-11","4.70",,"50","65","37","  160"
"USW00012918","HOUSTON WILLIAM P HOBBY AIRPORT, TX US","2023-12-12","9.40",,"55","68","48","  130"
"USW00012918","HOUSTON WILLIAM P HOBBY AIRPORT, TX US","2023-12-13","9.62",,"57","63","53","   70"
"USW00012918","HOUSTON WILLIAM P HOBBY AIRPORT, TX US","2023-12-14","13.20",,"61","71","56","  100"
"USW00012918","HOUSTON WILLIAM P HOBBY AIRPORT, TX US","2023-12-15","9.84",,"62","66","59","   90"
"USW00012918","HOUSTON WILLIAM P HOBBY AIRPORT, TX US","2023-12-16","12.97",,"60","64","50","  350"
"USW00012918","HOUSTON WILLIAM P HOBBY AIRPORT, TX US","2023-12-17","5.37",,"55","68","43","  340"
"USW00012918","HOUSTON WILLIAM P HOBBY AIRPORT, TX US","2023-12-18","6.49",,"57","74","46","   10"
"USW00012918","HOUSTON WILLIAM P HOBBY AIRPORT, TX US","2023-12-19","10.74",,"56","65","47","  110"
"USW00012918","HOUSTON WILLIAM P HOBBY AIRPORT, TX US","2023-12-20","13.42",,"60","68","56","  110"
"USW00012918","HOUSTON WILLIAM P HOBBY AIRPORT, TX US","2023-12-21","10.51",,"62","66","60","  100"
"USW00012918","HOUSTON WILLIAM P HOBBY AIRPORT, TX US","2023-12-22","6.26",,"64","71","59","  130"
"USW00012918","HOUSTON WILLIAM P HOBBY AIRPORT, TX US","2023-12-23","8.95",,"67","75","64","  130"
"USW00012918","HOUSTON WILLIAM P HOBBY AIRPORT, TX US","2023-12-24","7.83",,"66","69","57","  320"
"USW00012918","HOUSTON WILLIAM P HOBBY AIRPORT, TX US","2023-12-25","12.75",,"55","60","47","  340"
"USW00012918","HOUSTON WILLIAM P HOBBY AIRPORT, TX US","2023-12-26","7.16",,"51","59","45","  120"
"USW00012918","HOUSTON WILLIAM P HOBBY AIRPORT, TX US","2023-12-27","8.05",,"55","68","45","  350"
"USW00012918","HOUSTON WILLIAM P HOBBY AIRPORT, TX US","2023-12-28","8.72",,"50","59","40","  320"
"USW00012918","HOUSTON WILLIAM P HOBBY AIRPORT, TX US","2023-12-29","6.93",,"47","56","38","  280"
"USW00012918","HOUSTON WILLIAM P HOBBY AIRPORT, TX US","2023-12-30","4.03",,"51","67","37","  250"
"USW00012918","HOUSTON WILLIAM P HOBBY AIRPORT, TX US","2023-12-31","5.59",,"56","74","43","  190"
"USW00012918","HOUSTON WILLIAM P HOBBY AIRPORT, TX US","2024-01-01","7.83",,"62","65","50","  140"
"USW00012918","HOUSTON WILLIAM P HOBBY AIRPORT, TX US","2024-01-02","12.08",,"50","55","44","  360"
"USW00012918","HOUSTON WILLIAM P HOBBY AIRPORT, TX US","2024-01-03","10.51",,"52","59","46","  350"
"USW00012918","HOUSTON WILLIAM P HOBBY AIRPORT, TX US","2024-01-04","12.30",,"52","62","42","  110"
"USW00012918","HOUSTON WILLIAM P HOBBY AIRPORT, TX US","2024-01-05","11.63",,"57","63","46","  290"
"USW00012918","HOUSTON WILLIAM P HOBBY AIRPORT, TX US","2024-01-06","3.58",,"52","65","41","   70"
"USW00012918","HOUSTON WILLIAM P HOBBY AIRPORT, TX US","2024-01-07","8.95",,"53","62","43","  120"
"USW00012918","HOUSTON WILLIAM P HOBBY AIRPORT, TX US","2024-01-08","15.21",,"63","74","52","  320"
"USW00012918","HOUSTON WILLIAM P HOBBY AIRPORT, TX US","2024-01-09","15.43",,"51","57","40","  300"
"USW00012918","HOUSTON WILLIAM P HOBBY AIRPORT, TX US","2024-01-10","9.17",,"51","69","38","  200"
"USW00012918","HOUSTON WILLIAM P HOBBY AIRPORT, TX US","2024-01-11","13.20",,"64","78","53","  190"
"USW00012918","HOUSTON WILLIAM P HOBBY AIRPORT, TX US","2024-01-12","16.55",,"63","72","42","  300"
"USW00012918","HOUSTON WILLIAM P HOBBY AIRPORT, TX US","2024-01-13","7.16",,"49","64","35","  150"
"USW00012918","HOUSTON WILLIAM P HOBBY AIRPORT, TX US","2024-01-14","12.53",,"50","54","37","  340"
"USW00012918","HOUSTON WILLIAM P HOBBY AIRPORT, TX US","2024-01-15","16.55",,"33","37","26","  360"
"USW00012918","HOUSTON WILLIAM P HOBBY AIRPORT, TX US","2024-01-16","15.43",,"27","34","20","  360"
"USW00012918","HOUSTON WILLIAM P HOBBY AIRPORT, TX US","2024-01-17","7.38",,"32","44","24","  140"
"USW00012918","HOUSTON WILLIAM P HOBBY AIRPORT, TX US","2024-01-18","4.25",,"51","64","43","  250"
"USW00012918","HOUSTON WILLIAM P HOBBY AIRPORT, TX US","2024-01-19","14.32",,"53","58","39","   20"
"USW00012918","HOUSTON WILLIAM P HOBBY AIRPORT, TX US","2024-01-20","11.18",,"41","49","32","   60"
"USW00012918","HOUSTON WILLIAM P HOBBY AIRPORT, TX US","2024-01-21","14.99",,"42","44","37","   70"
"USW00012918","HOUSTON WILLIAM P HOBBY AIRPORT, TX US","2024-01-22","11.41",,"53","65","44","  100"
"USW00012918","HOUSTON WILLIAM P HOBBY AIRPORT, TX US","2024-01-23","9.62",,"65","72","61","  180"
"USW00012918","HOUSTON WILLIAM P HOBBY AIRPORT, TX US","2024-01-24","10.51",,"65","69","62","   90"
"USW00012918","HOUSTON WILLIAM P HOBBY AIRPORT, TX US","2024-01-25","7.83",,"64","74","56","  320"
"USW00012918","HOUSTON WILLIAM P HOBBY AIRPORT, TX US","2024-01-26","7.61",,"60","65","54","  300"
"USW00012918","HOUSTON WILLIAM P HOBBY AIRPORT, TX US","2024-01-27","11.63",,"59","61","47","  320"
"USW00012918","HOUSTON WILLIAM P HOBBY AIRPORT, TX US","2024-01-28","9.40",,"52","64","43","   20"
"USW00012918","HOUSTON WILLIAM P HOBBY AIRPORT, TX US","2024-01-29","3.13",,"54","69","42","  160"
"USW00012918","HOUSTON WILLIAM P HOBBY AIRPORT, TX US","2024-01-30","6.49",,"57","73","47","  250"
"USW00012918","HOUSTON WILLIAM P HOBBY AIRPORT, TX US","2024-01-31","4.92",,"61","76","50","  130"
"USW00012918","HOUSTON WILLIAM P HOBBY AIRPORT, TX US","2024-02-01","6.71",,"61","71","52","  180"
"USW00012918","HOUSTON WILLIAM P HOBBY AIRPORT, TX US","2024-02-02","10.96",,"64","74","55","  150"
"USW00012918","HOUSTON WILLIAM P HOBBY AIRPORT, TX US","2024-02-03","7.38",,"64","71","54","  250"
"USW00012918","HOUSTON WILLIAM P HOBBY AIRPORT, TX US","2024-02-04","13.42",,"61","71","53","  310"
"USW00012918","HOUSTON WILLIAM P HOBBY AIRPORT, TX US","2024-02-05","14.54",,"59","67","55","  360"
"USW00012918","HOUSTON WILLIAM P HOBBY AIRPORT, TX US","2024-02-06","4.47",,"59","73","47","  330"
"USW00012918","HOUSTON WILLIAM P HOBBY AIRPORT, TX US","2024-02-07","10.29",,"59","70","46","  150"
"USW00012918","HOUSTON WILLIAM P HOBBY AIRPORT, TX US","2024-02-08","8.72",,"68","75","63","  190"
"USW00012918","HOUSTON WILLIAM P HOBBY AIRPORT, TX US","2024-02-09","8.95",,"70","79","64","  150"
"USW00012918","HOUSTON WILLIAM P HOBBY AIRPORT, TX US","2024-02-10","10.51",,"70","76","67","  200"
"USW00012918","HOUSTON WILLIAM P HOBBY AIRPORT, TX US","2024-02-11","12.75",,"72","80","53","  330"
"USW00012918","HOUSTON WILLIAM P HOBBY AIRPORT, TX US","2024-02-12","15.21",,"54","62","45","  300"
"USW00012918","HOUSTON WILLIAM P HOBBY AIRPORT, TX US","2024-02-13","3.36",,"54","68","42","  180"
"USW00012918","HOUSTON WILLIAM P HOBBY AIRPORT, TX US","2024-02-14","6.26",,"55","67","45","  120"
"USW00012918","HOUSTON WILLIAM P HOBBY AIRPORT, TX US","2024-02-15","6.04",,"63","74","58","  160"
"USW00012918","HOUSTON WILLIAM P HOBBY AIRPORT, TX US","2024-02-16","7.83",,"65","68","62","  180"
"USW00012918","HOUSTON WILLIAM P HOBBY AIRPORT, TX US","2024-02-17","16.33",,"54","63","42","   20"
"USW00012918","HOUSTON WILLIAM P HOBBY AIRPORT, TX US","2024-02-18","8.50",,"46","58","37","  350"
"USW00012918","HOUSTON WILLIAM P HOBBY AIRPORT, TX US","2024-02-19","5.59",,"50","65","39","  160"
"USW00012918","HOUSTON WILLIAM P HOBBY AIRPORT, TX US","2024-02-20","6.93",,"60","78","47","  180"
"USW00012918","HOUSTON WILLIAM P HOBBY AIRPORT, TX US","2024-02-21","12.30",,"66","78","54","  190"
"USW00012918","HOUSTON WILLIAM P HOBBY AIRPORT, TX US","2024-02-22","10.51",,"70","78","64","  220"
"USW00012918","HOUSTON WILLIAM P HOBBY AIRPORT, TX US","2024-02-23","11.41",,"69","79","58","  360"
"USW00012918","HOUSTON WILLIAM P HOBBY AIRPORT, TX US","2024-02-24","4.92",,"67","81","49","  170"
"USW00012918","HOUSTON WILLIAM P HOBBY AIRPORT, TX US","2024-02-25","12.30",,"66","81","53","  190"
"USW00012918","HOUSTON WILLIAM P HOBBY AIRPORT, TX US","2024-02-26","12.97",,"71","80","65","  200"
"USW00012918","HOUSTON WILLIAM P HOBBY AIRPORT, TX US","2024-02-27","17.22",,"74","86","68","  200"
"USW00012918","HOUSTON WILLIAM P HOBBY AIRPORT, TX US","2024-02-28","15.88",,"71","73","53","   40"
"USW00012918","HOUSTON WILLIAM P HOBBY AIRPORT, TX US","2024-02-29","11.86",,"55","61","52","   50"
"USW00012918","HOUSTON WILLIAM P HOBBY AIRPORT, TX US","2024-03-01","6.49",,"59","73","53","   10"
"USW00012918","HOUSTON WILLIAM P HOBBY AIRPORT, TX US","2024-03-02","5.14",,"63","73","55","  130"
"USW00012918","HOUSTON WILLIAM P HOBBY AIRPORT, TX US","2024-03-03","7.61",,"69","78","63","  120"
"USW00012918","HOUSTON WILLIAM P HOBBY AIRPORT, TX US","2024-03-04","8.05",,"72","83","67","  170"
"USW00012918","HOUSTON WILLIAM P HOBBY AIRPORT, TX US","2024-03-05","7.38",,"75","89","67","  120"
"USW00012918","HOUSTON WILLIAM P HOBBY AIRPORT, TX US","2024-03-06","6.04",,"71","81","64","  120"
"USW00012918","HOUSTON WILLIAM P HOBBY AIRPORT, TX US","2024-03-07","9.84",,"70","81","64","  170"
"USW00012918","HOUSTON WILLIAM P HOBBY AIRPORT, TX US","2024-03-08","10.51",,"75","85","68","   30"
"USW00012918","HOUSTON WILLIAM P HOBBY AIRPORT, TX US","2024-03-09","14.32",,"62","69","51","  350"
"USW00012918","HOUSTON WILLIAM P HOBBY AIRPORT, TX US","2024-03-10","5.59",,"58","70","48","   60"
"USW00012918","HOUSTON WILLIAM P HOBBY AIRPORT, TX US","2024-03-11","6.49",,"62","72","55","  120"
"USW00012918","HOUSTON WILLIAM P HOBBY AIRPORT, TX US","2024-03-12","7.61",,"66","78","56","  180"
"USW00012918","HOUSTON WILLIAM P HOBBY AIRPORT, TX US","2024-03-13","11.41",,"71","80","66","  170"
"USW00012918","HOUSTON WILLIAM P HOBBY AIRPORT, TX US","2024-03-14","13.42",,"76","82","72","  140"
"USW00012918","HOUSTON WILLIAM P HOBBY AIRPORT, TX US","2024-03-15","10.07",,"76","84","67","   10"
"USW00012918","HOUSTON WILLIAM P HOBBY AIRPORT, TX US","2024-03-16","10.51",,"69","73","65","  110"
"USW00012918","HOUSTON WILLIAM P HOBBY AIRPORT, TX US","2024-03-17","6.93",,"71","76","64","   10"
"USW00012918","HOUSTON WILLIAM P HOBBY AIRPORT, TX US","2024-03-18","15.66",,"66","72","58","   20"
"USW00012918","HOUSTON WILLIAM P HOBBY AIRPORT, TX US","2024-03-19","7.83",,"59","65","48","   30"
"USW00012918","HOUSTON WILLIAM P HOBBY AIRPORT, TX US","2024-03-20","4.25",,"62","72","55","  110"
"USW00012918","HOUSTON WILLIAM P HOBBY AIRPORT, TX US","2024-03-21","13.20",,"64","69","59","  270"
"USW00012918","HOUSTON WILLIAM P HOBBY AIRPORT, TX US","2024-03-22","10.51",,"66","79","56","  360"
"USW00012918","HOUSTON WILLIAM P HOBBY AIRPORT, TX US","2024-03-23","6.26",,"65","79","54","   50"
"USW00012918","HOUSTON WILLIAM P HOBBY AIRPORT, TX US","2024-03-24","13.87",,"67","73","61","  150"
"USW00012918","HOUSTON WILLIAM P HOBBY AIRPORT, TX US","2024-03-25","9.17",,"71","79","58","  280"
"USW00012918","HOUSTON WILLIAM P HOBBY AIRPORT, TX US","2024-03-26","8.50",,"63","73","56","  360"
"USW00012918","HOUSTON WILLIAM P HOBBY AIRPORT, TX US","2024-03-27","7.16",,"60","69","50","   20"
"USW00012918","HOUSTON WILLIAM P HOBBY AIRPORT, TX US","2024-03-28","5.82",,"62","77","49","  140"
"USW00012918","HOUSTON WILLIAM P HOBBY AIRPORT, TX US","2024-03-29","11.41",,"66","78","57","  170"
"USW00012918","HOUSTON WILLIAM P HOBBY AIRPORT, TX US","2024-03-30","9.40",,"70","78","61","  140"
"USW00012918","HOUSTON WILLIAM P HOBBY AIRPORT, TX US","2024-03-31","11.41",,"73","82","68","  170"
"USW00012918","HOUSTON WILLIAM P HOBBY AIRPORT, TX US","2024-04-01","14.09",,"76","82","74","  190"
"USW00012918","HOUSTON WILLIAM P HOBBY AIRPORT, TX US","2024-04-02","12.08",,"78","86","61","  340"
"USW00012918","HOUSTON WILLIAM P HOBBY AIRPORT, TX US","2024-04-03","10.29",,"66","78","54","  280"
"USW00012918","HOUSTON WILLIAM P HOBBY AIRPORT, TX US","2024-04-04","5.82",,"69","84","55","  280"
"USW00012918","HOUSTON WILLIAM P HOBBY AIRPORT, TX US","2024-04-05","9.17",,"71","87","57","  200"
"USW00012918","HOUSTON WILLIAM P HOBBY AIRPORT, TX US","2024-04-06","12.97",,"71","79","64","  170"
"USW00012918","HOUSTON WILLIAM P HOBBY AIRPORT, TX US","2024-04-07","9.17",,"76","86","71","  150"
"USW00012918","HOUSTON WILLIAM P HOBBY AIRPORT, TX US","2024-04-08","11.41",,"75","80","73","  170"
"USW00012918","HOUSTON WILLIAM P HOBBY AIRPORT, TX US","2024-04-09","13.42",,"76","80","73","  160"
"USW00012918","HOUSTON WILLIAM P HOBBY AIRPORT, TX US","2024-04-10","14.09",,"72","77","63","  280"
"USW00012918","HOUSTON WILLIAM P HOBBY AIRPORT, TX US","2024-04-11","10.51",,"69","83","58","  340"
"USW00012918","HOUSTON WILLIAM P HOBBY AIRPORT, TX US","2024-04-12","6.71",,"71","82","56","  130"
"USW00012918","HOUSTON WILLIAM P HOBBY AIRPORT, TX US","2024-04-13","8.95",,"70","82","58","  150"
"USW00012918","HOUSTON WILLIAM P HOBBY AIRPORT, TX US","2024-04-14","10.51",,"73","83","65","  170"
"USW00012918","HOUSTON WILLIAM P HOBBY AIRPORT, TX US","2024-04-15","12.30",,"74","81","69","  120"
"USW00012918","HOUSTON WILLIAM P HOBBY AIRPORT, TX US","2024-04-16","14.09",,"76","83","73","  150"
"USW00012918","HOUSTON WILLIAM P HOBBY AIRPORT, TX US","2024-04-17","10.07",,"77","83","74","  170"
"USW00012918","HOUSTON WILLIAM P HOBBY AIRPORT, TX US","2024-04-18","10.74",,"78","86","75","  150"
"USW00012918","HOUSTON WILLIAM P HOBBY AIRPORT, TX US","2024-04-19","6.71",,"78","85","74","  140"
"USW00012918","HOUSTON WILLIAM P HOBBY AIRPORT, TX US","2024-04-20","11.41",,"78","85","62","   50"
"USW00012918","HOUSTON WILLIAM P HOBBY AIRPORT, TX US","2024-04-21","15.21",,"65","73","56","   20"
"USW00012918","HOUSTON WILLIAM P HOBBY AIRPORT, TX US","2024-04-22","9.40",,"65","72","53","  100"
"USW00012918","HOUSTON WILLIAM P HOBBY AIRPORT, TX US","2024-04-23","8.95",,"67","77","56","  170"
"USW00012918","HOUSTON WILLIAM P HOBBY AIRPORT, TX US","2024-04-24","8.50",,"76","85","69","  140"
"USW00012918","HOUSTON WILLIAM P HOBBY AIRPORT, TX US","2024-04-25","12.53",,"74","83","68","  140"
"USW00012918","HOUSTON WILLIAM P HOBBY AIRPORT, TX US","2024-04-26","16.11",,"77","82","73","  170"
"USW00012918","HOUSTON WILLIAM P HOBBY AIRPORT, TX US","2024-04-27","19.69",,"78","83","76","  140"
"USW00012918","HOUSTON WILLIAM P HOBBY AIRPORT, TX US","2024-04-28","18.12",,"78","85","75","  140"
"USW00012918","HOUSTON WILLIAM P HOBBY AIRPORT, TX US","2024-04-29","8.95",,"76","82","68","  170"
"USW00012918","HOUSTON WILLIAM P HOBBY AIRPORT, TX US","2024-04-30","7.16",,"75","86","66","  130"
"USW00012918","HOUSTON WILLIAM P HOBBY AIRPORT, TX US","2024-05-01","11.86",,"77","85","71","  130"
"USW00012918","HOUSTON WILLIAM P HOBBY AIRPORT, TX US","2024-05-02","19.01",,"77","82","69","  120"
"USW00012918","HOUSTON WILLIAM P HOBBY AIRPORT, TX US","2024-05-03","12.30",,"76","82","69","  110"
"USW00012918","HOUSTON WILLIAM P HOBBY AIRPORT, TX US","2024-05-04","12.53",,"78","86","70","  100"
"USW00012918","HOUSTON WILLIAM P HOBBY AIRPORT, TX US","2024-05-05","11.41",,"77","80","75","  150"
"USW00012918","HOUSTON WILLIAM P HOBBY AIRPORT, TX US","2024-05-06","12.30",,"79","87","75","  160"
"USW00012918","HOUSTON WILLIAM P HOBBY AIRPORT, TX US","2024-05-07","11.41",,"81","87","78","  170"
"USW00012918","HOUSTON WILLIAM P HOBBY AIRPORT, TX US","2024-05-08","10.96",,"82","88","78","  140"
"USW00012918","HOUSTON WILLIAM P HOBBY AIRPORT, TX US","2024-05-09","8.95",,"82","88","79","   60"
"USW00012918","HOUSTON WILLIAM P HOBBY AIRPORT, TX US","2024-05-10","11.41",,"81","90","75","   50"
"USW00012918","HOUSTON WILLIAM P HOBBY AIRPORT, TX US","2024-05-11","11.18",,"78","83","73","  100"
"USW00012918","HOUSTON WILLIAM P HOBBY AIRPORT, TX US","2024-05-12","10.96",,"77","85","73","  150"
"USW00012918","HOUSTON WILLIAM P HOBBY AIRPORT, TX US","2024-05-13","5.14",,"78","88","68","  290"
"USW00012918","HOUSTON WILLIAM P HOBBY AIRPORT, TX US","2024-05-14","6.49",,"76","89","65","  340"
"USW00012918","HOUSTON WILLIAM P HOBBY AIRPORT, TX US","2024-05-15","5.59",,"80","92","67","  140"
"USW00012918","HOUSTON WILLIAM P HOBBY AIRPORT, TX US","2024-05-16","13.87",,"80","84","70","  320"
"USW00012918","HOUSTON WILLIAM P HOBBY AIRPORT, TX US","2024-05-17","7.61",,"71","74","66","  340"
"USW00012918","HOUSTON WILLIAM P HOBBY AIRPORT, TX US","2024-05-18","4.92",,"76","90","67",
"USW00012918","HOUSTON WILLIAM P HOBBY AIRPORT, TX US","2024-05-19","6.93",,"82","91","73","   80"
"USW00012918","HOUSTON WILLIAM P HOBBY AIRPORT, TX US","2024-05-20","9.17",,"81","90","72","  140"
"USW00012918","HOUSTON WILLIAM P HOBBY AIRPORT, TX US","2024-05-21","14.09",,"84","91","80","  170"
"USW00012918","HOUSTON WILLIAM P HOBBY AIRPORT, TX US","2024-05-22","12.75",,"84","90","81","  140"
"USW00012918","HOUSTON WILLIAM P HOBBY AIRPORT, TX US","2024-05-23","14.09",,"84","92","80","  160"
"USW00012918","HOUSTON WILLIAM P HOBBY AIRPORT, TX US","2024-05-24","12.30",,"85","92","80","  180"
"USW00012918","HOUSTON WILLIAM P HOBBY AIRPORT, TX US","2024-05-25","10.74",,"85","93","79","  150"
"USW00012918","HOUSTON WILLIAM P HOBBY AIRPORT, TX US","2024-05-26","11.18",,"85","93","81","  180"
"USW00012918","HOUSTON WILLIAM P HOBBY AIRPORT, TX US","2024-05-27","5.37",,"86","98","79","  100"
"USW00012918","HOUSTON WILLIAM P HOBBY AIRPORT, TX US","2024-05-28","7.83",,"82","92","69","   10"
"USW00012918","HOUSTON WILLIAM P HOBBY AIRPORT, TX US","2024-05-29","8.95",,"78","90","72","  120"
"USW00012918","HOUSTON WILLIAM P HOBBY AIRPORT, TX US","2024-05-30","10.96",,"84","92","72","   40"
"USW00012918","HOUSTON WILLIAM P HOBBY AIRPORT, TX US","2024-05-31","9.62",,"76","85","68","  320"
"USW00012918","HOUSTON WILLIAM P HOBBY AIRPORT, TX US","2024-06-01","5.14",,"81","90","74","  170"
"USW00012918","HOUSTON WILLIAM P HOBBY AIRPORT, TX US","2024-06-02","10.51",,"84","93","79","  180"
"USW00012918","HOUSTON WILLIAM P HOBBY AIRPORT, TX US","2024-06-03","13.42",,"85","91","81","  170"
"USW00012918","HOUSTON WILLIAM P HOBBY AIRPORT, TX US","2024-06-04","13.65",,"86","92","82","  170"
"USW00012918","HOUSTON WILLIAM P HOBBY AIRPORT, TX US","2024-06-05","7.83",,"81","86","71","   20"
"USW00012918","HOUSTON WILLIAM P HOBBY AIRPORT, TX US","2024-06-06","4.92",,"83","95","73","   30"
"USW00012918","HOUSTON WILLIAM P HOBBY AIRPORT, TX US","2024-06-07","6.71",,"87","95","77","  100"
"USW00012918","HOUSTON WILLIAM P HOBBY AIRPORT, TX US","2024-06-08","8.05",,"85","94","77","  180"
"USW00012918","HOUSTON WILLIAM P HOBBY AIRPORT, TX US","2024-06-09","7.16",,"85","92","78","  150"
"USW00012918","HOUSTON WILLIAM P HOBBY AIRPORT, TX US","2024-06-10","6.26",,"85","94","76","  320"
"USW00012918","HOUSTON WILLIAM P HOBBY AIRPORT, TX US","2024-06-11","6.71",,"83","93","76","   40"
"USW00012918","HOUSTON WILLIAM P HOBBY AIRPORT, TX US","2024-06-12","4.92",,"83","91","77","  250"
"USW00012918","HOUSTON WILLIAM P HOBBY AIRPORT, TX US","2024-06-13","4.92",,"84","93","77","  120"
"USW00012918","HOUSTON WILLIAM P HOBBY AIRPORT, TX US","2024-06-14","4.47",,"86","95","78",
"USW00012918","HOUSTON WILLIAM P HOBBY AIRPORT, TX US","2024-06-15","6.04",,"86","95","77","  120"
"USW00012918","HOUSTON WILLIAM P HOBBY AIRPORT, TX US","2024-06-16","9.40",,"86","95","79","  160"
"USW00012918","HOUSTON WILLIAM P HOBBY AIRPORT, TX US","2024-06-17","12.53",,"86","92","81","  130"
"USW00012918","HOUSTON WILLIAM P HOBBY AIRPORT, TX US","2024-06-18","15.21",,"83","91","76","   80"
"USW00012918","HOUSTON WILLIAM P HOBBY AIRPORT, TX US","2024-06-19","13.20",,"80","84","78","  120"
"USW00012918","HOUSTON WILLIAM P HOBBY AIRPORT, TX US","2024-06-20","15.88",,"84","92","80","  110"
"USW00012918","HOUSTON WILLIAM P HOBBY AIRPORT, TX US","2024-06-21","10.51",,"85","92","79","  130"
"USW00012918","HOUSTON WILLIAM P HOBBY AIRPORT, TX US","2024-06-22","7.38",,"86","93","80","  100"
"USW00012918","HOUSTON WILLIAM P HOBBY AIRPORT, TX US","2024-06-23","7.38",,"85","94","78","  110"
"USW00012918","HOUSTON WILLIAM P HOBBY AIRPORT, TX US","2024-06-24","7.61",,"87","94","81","  110"
"USW00012918","HOUSTON WILLIAM P HOBBY AIRPORT, TX US","2024-06-25","9.17",,"87","94","81","  180"
"USW00012918","HOUSTON WILLIAM P HOBBY AIRPORT, TX US","2024-06-26","7.61",,"86","94","80","  220"
"USW00012918","HOUSTON WILLIAM P HOBBY AIRPORT, TX US","2024-06-27","7.61",,"86","97","80","  200"
"USW00012918","HOUSTON WILLIAM P HOBBY AIRPORT, TX US","2024-06-28","9.62",,"88","96","82","  190"
"USW00012918","HOUSTON WILLIAM P HOBBY AIRPORT, TX US","2024-06-29","9.62",,"88","96","82","  180"
"USW00012918","HOUSTON WILLIAM P HOBBY AIRPORT, TX US","2024-06-30","6.71",,"88","96","82","   10"
"USW00012918","HOUSTON WILLIAM P HOBBY AIRPORT, TX US","2024-07-01","6.26",,"88","99","80","   80"
"USW00012918","HOUSTON WILLIAM P HOBBY AIRPORT, TX US","2024-07-02","6.93",,"88","97","81","  130"
"USW00012918","HOUSTON WILLIAM P HOBBY AIRPORT, TX US","2024-07-03","6.49",,"87","94","81","  180"
"USW00012918","HOUSTON WILLIAM P HOBBY AIRPORT, TX US","2024-07-04","8.50",,"88","98","81","  170"
"USW00012918","HOUSTON WILLIAM P HOBBY AIRPORT, TX US","2024-07-05","6.04",,"88","98","79","  200"
"USW00012918","HOUSTON WILLIAM P HOBBY AIRPORT, TX US","2024-07-06","6.49",,"85","97","76","  350"
"USW00012918","HOUSTON WILLIAM P HOBBY AIRPORT, TX US","2024-07-07","12.75",,"82","90","79","  150"
"USW00012918","HOUSTON WILLIAM P HOBBY AIRPORT, TX US","2024-07-08","24.61",,"80","86","75","  160"
"USW00012918","HOUSTON WILLIAM P HOBBY AIRPORT, TX US","2024-07-09","4.92",,"85","97","77","  270"
"USW00012918","HOUSTON WILLIAM P HOBBY AIRPORT, TX US","2024-07-10","6.04",,"85","95","77","  340"
"USW00012918","HOUSTON WILLIAM P HOBBY AIRPORT, TX US","2024-07-11","4.03",,"83","91","78","  140"
"USW00012918","HOUSTON WILLIAM P HOBBY AIRPORT, TX US","2024-07-12","2.68",,"81","88","76","  290"
"USW00012918","HOUSTON WILLIAM P HOBBY AIRPORT, TX US","2024-07-13","4.25",,"82","90","76","   40"
"USW00012918","HOUSTON WILLIAM P HOBBY AIRPORT, TX US","2024-07-14","5.14",,"83","95","77","  170"
"USW00012918","HOUSTON WILLIAM P HOBBY AIRPORT, TX US","2024-07-15","6.93",,"85","93","79","  180"
"USW00012918","HOUSTON WILLIAM P HOBBY AIRPORT, TX US","2024-07-16","6.26",,"85","94","76","  150"
"USW00012918","HOUSTON WILLIAM P HOBBY AIRPORT, TX US","2024-07-17","6.04",,"84","97","79","   80"
"USW00012918","HOUSTON WILLIAM P HOBBY AIRPORT, TX US","2024-07-18","6.49",,"83","90","76","  310"
"USW00012918","HOUSTON WILLIAM P HOBBY AIRPORT, TX US","2024-07-19","6.93",,"84","94","78","   40"
"USW00012918","HOUSTON WILLIAM P HOBBY AIRPORT, TX US","2024-07-20","6.26",,"84","95","76","  140"
"USW00012918","HOUSTON WILLIAM P HOBBY AIRPORT, TX US","2024-07-21","6.26",,"84","95","79","  160"
"USW00012918","HOUSTON WILLIAM P HOBBY AIRPORT, TX US","2024-07-22","5.59",,"82","90","77","  190"
"USW00012918","HOUSTON WILLIAM P HOBBY AIRPORT, TX US","2024-07-23","6.71",,"81","89","77","  130"
"USW00012918","HOUSTON WILLIAM P HOBBY AIRPORT, TX US","2024-07-24","9.62",,"80","87","75","  100"
"USW00012918","HOUSTON WILLIAM P HOBBY AIRPORT, TX US","2024-07-25","5.82",,"76","78","73","  160"
"USW00012918","HOUSTON WILLIAM P HOBBY AIRPORT, TX US","2024-07-26","4.92",,"77","81","75","  150"
"USW00012918","HOUSTON WILLIAM P HOBBY AIRPORT, TX US","2024-07-27","6.26",,"79","84","77","  110"
"USW00012918","HOUSTON WILLIAM P HOBBY AIRPORT, TX US","2024-07-28","5.37",,"81","90","78","  180"
"USW00012918","HOUSTON WILLIAM P HOBBY AIRPORT, TX US","2024-07-29","8.50",,"86","94","80","  190"
"USW00012918","HOUSTON WILLIAM P HOBBY AIRPORT, TX US","2024-07-30","9.40",,"86","94","80","  180"
"USW00012918","HOUSTON WILLIAM P HOBBY AIRPORT, TX US","2024-07-31","10.07",,"86","95","79","  180"
"USW00012918","HOUSTON WILLIAM P HOBBY AIRPORT, TX US","2024-08-01","5.82",,"86","96","77","  180"
"USW00012918","HOUSTON WILLIAM P HOBBY AIRPORT, TX US","2024-08-02","5.82",,"87","99","79","  170"
"USW00012918","HOUSTON WILLIAM P HOBBY AIRPORT, TX US","2024-08-03","6.26",,"88","100","81","  130"
"USW00012918","HOUSTON WILLIAM P HOBBY AIRPORT, TX US","2024-08-04","7.16",,"87","98","77","  100"
"USW00012918","HOUSTON WILLIAM P HOBBY AIRPORT, TX US","2024-08-05","5.59",,"87","96","80","   80"
"USW00012918","HOUSTON WILLIAM P HOBBY AIRPORT, TX US","2024-08-06","5.82",,"87","98","79","  190"
"USW00012918","HOUSTON WILLIAM P HOBBY AIRPORT, TX US","2024-08-07","6.71",,"88","99","80","  140"
"USW00012918","HOUSTON WILLIAM P HOBBY AIRPORT, TX US","2024-08-08","5.82",,"89","99","80","  180"
"USW00012918","HOUSTON WILLIAM P HOBBY AIRPORT, TX US","2024-08-09","5.82",,"89","100","81","   60"
"USW00012918","HOUSTON WILLIAM P HOBBY AIRPORT, TX US","2024-08-10","7.61",,"89","96","83","   50"
"USW00012918","HOUSTON WILLIAM P HOBBY AIRPORT, TX US","2024-08-11","6.26",,"89","97","80","  110"
"USW00012918","HOUSTON WILLIAM P HOBBY AIRPORT, TX US","2024-08-12","5.82",,"88","99","79","  160"
"USW00012918","HOUSTON WILLIAM P HOBBY AIRPORT, TX US","2024-08-13","6.04",,"88","97","82","  100"
"USW00012918","HOUSTON WILLIAM P HOBBY AIRPORT, TX US","2024-08-14","5.82",,"87","97","81","   80"
"USW00012918","HOUSTON WILLIAM P HOBBY AIRPORT, TX US","2024-08-15","7.61",,"87","96","80","  200"
"USW00012918","HOUSTON WILLIAM P HOBBY AIRPORT, TX US","2024-08-16","6.49",,"88","100","80","  160"
"USW00012918","HOUSTON WILLIAM P HOBBY AIRPORT, TX US","2024-08-17","5.82",,"88","100","80","  170"
"USW00012918","HOUSTON WILLIAM P HOBBY AIRPORT, TX US","2024-08-18","4.92",,"89","101","80","   90"
"USW00012918","HOUSTON WILLIAM P HOBBY AIRPORT, TX US","2024-08-19","6.04",,"89","100","81","  160"
"USW00012918","HOUSTON WILLIAM P HOBBY AIRPORT, TX US","2024-08-20","5.37",,"89","101","80","  280"
"USW00012918","HOUSTON WILLIAM P HOBBY AIRPORT, TX US","2024-08-21","7.83",,"90","100","82","  100"
"USW00012918","HOUSTON WILLIAM P HOBBY AIRPORT, TX US","2024-08-22","6.93",,"90","99","84","  120"
"USW00012918","HOUSTON WILLIAM P HOBBY AIRPORT, TX US","2024-08-23","8.50",,"89","97","83","  130"
"USW00012918","HOUSTON WILLIAM P HOBBY AIRPORT, TX US","2024-08-24","8.28",,"87","96","80","  110"
"USW00012918","HOUSTON WILLIAM P HOBBY AIRPORT, TX US","2024-08-25","7.83",,"87","97","79","  140"
"USW00012918","HOUSTON WILLIAM P HOBBY AIRPORT, TX US","2024-08-26","6.93",,"83","90","74","  120"
"USW00012918","HOUSTON WILLIAM P HOBBY AIRPORT, TX US","2024-08-27","6.49",,"84","90","80","   90"
"USW00012918","HOUSTON WILLIAM P HOBBY AIRPORT, TX US","2024-08-28","7.38",,"84","93","78","  150"
"USW00012918","HOUSTON WILLIAM P HOBBY AIRPORT, TX US","2024-08-29","7.38",,"82","87","75","  110"
"USW00012918","HOUSTON WILLIAM P HOBBY AIRPORT, TX US","2024-08-30","7.61",,"80","88","76","   70"
"USW00012918","HOUSTON WILLIAM P HOBBY AIRPORT, TX US","2024-08-31","8.28",,"81","89","78","   80"
"USW00012918","HOUSTON WILLIAM P HOBBY AIRPORT, TX US","2024-09-01","10.07",,"82","92","78","  120"
"USW00012918","HOUSTON WILLIAM P HOBBY AIRPORT, TX US","2024-09-02","11.18",,"83","89","78","  100"
"USW00012918","HOUSTON WILLIAM P HOBBY AIRPORT, TX US","2024-09-03","8.05",,"83","86","80","   80"
"USW00012918","HOUSTON WILLIAM P HOBBY AIRPORT, TX US","2024-09-04","9.84",,"83","90","76","   70"
"USW00012918","HOUSTON WILLIAM P HOBBY AIRPORT, TX US","2024-09-05","13.87",,"81","86","77","   60"
"USW00012918","HOUSTON WILLIAM P HOBBY AIRPORT, TX US","2024-09-06","14.54",,"79","85","74","   40"
"USW00012918","HOUSTON WILLIAM P HOBBY AIRPORT, TX US","2024-09-07","17.90",,"79","90","72","   30"
"USW00012918","HOUSTON WILLIAM P HOBBY AIRPORT, TX US","2024-09-08","15.21",,"79","88","71","   70"
"USW00012918","HOUSTON WILLIAM P HOBBY AIRPORT, TX US","2024-09-09","12.97",,"80","91","70","   50"
"USW00012918","HOUSTON WILLIAM P HOBBY AIRPORT, TX US","2024-09-10","17.67",,"80","86","76","   60"
"USW00012918","HOUSTON WILLIAM P HOBBY AIRPORT, TX US","2024-09-11","10.29",,"79","86","76","   50"
"USW00012918","HOUSTON WILLIAM P HOBBY AIRPORT, TX US","2024-09-12","6.71",,"79","88","72","  310"
"USW00012918","HOUSTON WILLIAM P HOBBY AIRPORT, TX US","2024-09-13","5.82",,"82","96","71","  170"
"USW00012918","HOUSTON WILLIAM P HOBBY AIRPORT, TX US","2024-09-14","7.38",,"85","96","77","  190"
"USW00012918","HOUSTON WILLIAM P HOBBY AIRPORT, TX US","2024-09-15","4.92",,"84","93","78","  240"
"USW00012918","HOUSTON WILLIAM P HOBBY AIRPORT, TX US","2024-09-16","4.70",,"84","97","78","  140"
"USW00012918","HOUSTON WILLIAM P HOBBY AIRPORT, TX US","2024-09-17","4.47",,"85","96","78","  150"
"USW00012918","HOUSTON WILLIAM P HOBBY AIRPORT, TX US","2024-09-18","5.82",,"85","96","78","  160"
"USW00012918","HOUSTON WILLIAM P HOBBY AIRPORT, TX US","2024-09-19","5.37",,"85","96","78","   60"
"USW00012918","HOUSTON WILLIAM P HOBBY AIRPORT, TX US","2024-09-20","4.03",,"86","97","77","  100"
"USW00012918","HOUSTON WILLIAM P HOBBY AIRPORT, TX US","2024-09-21","5.59",,"85","94","77","  170"
"USW00012918","HOUSTON WILLIAM P HOBBY AIRPORT, TX US","2024-09-22","6.26",,"84","93","77","  140"
"USW00012918","HOUSTON WILLIAM P HOBBY AIRPORT, TX US","2024-09-23","5.82",,"83","93","77","   80"
"USW00012918","HOUSTON WILLIAM P HOBBY AIRPORT, TX US","2024-09-24","5.14",,"83","92","78","  140"
"USW00012918","HOUSTON WILLIAM P HOBBY AIRPORT, TX US","2024-09-25","5.59",,"82","91","76","   30"
"USW00012918","HOUSTON WILLIAM P HOBBY AIRPORT, TX US","2024-09-26","11.18",,"80","89","71","  330"
"USW00012918","HOUSTON WILLIAM P HOBBY AIRPORT, TX US","2024-09-27","5.14",,"79","91","67","  360"
"USW00012918","HOUSTON WILLIAM P HOBBY AIRPORT, TX US","2024-09-28","6.26",,"81","93","67","  340"
"USW00012918","HOUSTON WILLIAM P HOBBY AIRPORT, TX US","2024-09-29","3.13",,"81","94","66","  320"
"USW00012918","HOUSTON WILLIAM P HOBBY AIRPORT, TX US","2024-09-30","3.58",,"81","95","71","  150"
"USW00012918","HOUSTON WILLIAM P HOBBY AIRPORT, TX US","2024-10-01","6.93",,"82","96","72","   40"
"USW00012918","HOUSTON WILLIAM P HOBBY AIRPORT, TX US","2024-10-02","6.93",,"84","91","74","   50"
"USW00012918","HOUSTON WILLIAM P HOBBY AIRPORT, TX US","2024-10-03","8.72",,"81","92","72","   80"
"USW00012918","HOUSTON WILLIAM P HOBBY AIRPORT, TX US","2024-10-04","11.63",,"82","90","76","   60"
"USW00012918","HOUSTON WILLIAM P HOBBY AIRPORT, TX US","2024-10-05","8.95",,"81","86","76","   80"
"USW00012918","HOUSTON WILLIAM P HOBBY AIRPORT, TX US","2024-10-06","8.95",,"84","95","76","   50"
"USW00012918","HOUSTON WILLIAM P HOBBY AIRPORT, TX US","2024-10-07","10.07",,"83","93","74","   60"
"USW00012918","HOUSTON WILLIAM P HOBBY AIRPORT, TX US","2024-10-08","9.17",,"81","89","71","   10"
"USW00012918","HOUSTON WILLIAM P HOBBY AIRPORT, TX US","2024-10-09","7.83",,"76","90","61","   10"
"USW00012918","HOUSTON WILLIAM P HOBBY AIRPORT, TX US","2024-10-10","5.14",,"79","91","66","   60"
"USW00012918","HOUSTON WILLIAM P HOBBY AIRPORT, TX US","2024-10-11","3.80",,"77","90","66","  150"
"USW00012918","HOUSTON WILLIAM P HOBBY AIRPORT, TX US","2024-10-12","4.70",,"77","90","65","  180"
"USW00012918","HOUSTON WILLIAM P HOBBY AIRPORT, TX US","2024-10-13","7.61",,"78","92","67","  190"
"USW00012918","HOUSTON WILLIAM P HOBBY AIRPORT, TX US","2024-10-14","7.61",,"80","98","69","   50"
"USW00012918","HOUSTON WILLIAM P HOBBY AIRPORT, TX US","2024-10-15","4.92",,"82","98","67","  250"
"USW00012918","HOUSTON WILLIAM P HOBBY AIRPORT, TX US","2024-10-16","15.43",,"71","77","60","   40"
"USW00012918","HOUSTON WILLIAM P HOBBY AIRPORT, TX US","2024-10-17","10.29",,"64","75","53","   70"
"USW00012918","HOUSTON WILLIAM P HOBBY AIRPORT, TX US","2024-10-18","12.75",,"69","80","61","  120"
"USW00012918","HOUSTON WILLIAM P HOBBY AIRPORT, TX US","2024-10-19","10.07",,"72","83","64","  110"
"USW00012918","HOUSTON WILLIAM P HOBBY AIRPORT, TX US","2024-10-20","7.61",,"73","83","65","  110"
"USW00012918","HOUSTON WILLIAM P HOBBY AIRPORT, TX US","2024-10-21","5.82",,"72","84","61","  130"
"USW00012918","HOUSTON WILLIAM P HOBBY AIRPORT, TX US","2024-10-22","4.92",,"72","86","61","  150"
"USW00012918","HOUSTON WILLIAM P HOBBY AIRPORT, TX US","2024-10-23","4.03",,"76","89","66","  110"
"USW00012918","HOUSTON WILLIAM P HOBBY AIRPORT, TX US","2024-10-24","5.82",,"74","88","63","  110"
"USW00012918","HOUSTON WILLIAM P HOBBY AIRPORT, TX US","2024-10-25","10.51",,"76","89","66","  130"
"USW00012918","HOUSTON WILLIAM P HOBBY AIRPORT, TX US","2024-10-26","4.47",,"78","90","69","  140"
"USW00012918","HOUSTON WILLIAM P HOBBY AIRPORT, TX US","2024-10-27","4.92",,"76","88","66","  120"
"USW00012918","HOUSTON WILLIAM P HOBBY AIRPORT, TX US","2024-10-28","10.51",,"77","88","68","  110"
"USW00012918","HOUSTON WILLIAM P HOBBY AIRPORT, TX US","2024-10-29","13.20",,"79","88","72","  130"
"USW00012918","HOUSTON WILLIAM P HOBBY AIRPORT, TX US","2024-10-30","12.75",,"79","86","75","  170"
"USW00012918","HOUSTON WILLIAM P HOBBY AIRPORT, TX US","2024-10-31","7.16",,"78","80","73","  230"
"USW00012918","HOUSTON WILLIAM P HOBBY AIRPORT, TX US","2024-11-01","8.05",,"76","81","73","   40"
"USW00012918","HOUSTON WILLIAM P HOBBY AIRPORT, TX US","2024-11-02","9.17",,"76","82","72","  150"
"USW00012918","HOUSTON WILLIAM P HOBBY AIRPORT, TX US","2024-11-03","13.65",,"78","84","75","  180"
"USW00012918","HOUSTON WILLIAM P HOBBY AIRPORT, TX US","2024-11-04","16.55",,"80","86","78","  150"
"USW00012918","HOUSTON WILLIAM P HOBBY AIRPORT, TX US","2024-11-05","10.74",,"77","80","67","  130"
"USW00012918","HOUSTON WILLIAM P HOBBY AIRPORT, TX US","2024-11-06","6.93",,"74","84","67","  110"
"USW00012918","HOUSTON WILLIAM P HOBBY AIRPORT, TX US","2024-11-07","8.95",,"80","86","75","  130"
"USW00012918","HOUSTON WILLIAM P HOBBY AIRPORT, TX US","2024-11-08","10.74",,"79","84","75","  110"
"USW00012918","HOUSTON WILLIAM P HOBBY AIRPORT, TX US","2024-11-09","9.62",,"74","81","66","  340"
"USW00012918","HOUSTON WILLIAM P HOBBY AIRPORT, TX US","2024-11-10","7.61",,"75","83","70","   20"
"USW00012918","HOUSTON WILLIAM P HOBBY AIRPORT, TX US","2024-11-11","6.04",,"74","84","68","   30"
"USW00012918","HOUSTON WILLIAM P HOBBY AIRPORT, TX US","2024-11-12","5.14",,"72","81","61","   90"
"USW00012918","HOUSTON WILLIAM P HOBBY AIRPORT, TX US","2024-11-13","6.49",,"71","85","60","  320"
"USW00012918","HOUSTON WILLIAM P HOBBY AIRPORT, TX US","2024-11-14","10.07",,"69","77","55","   20"
"USW00012918","HOUSTON WILLIAM P HOBBY AIRPORT, TX US","2024-11-15","6.04",,"63","75","49","  130"
"USW00012918","HOUSTON WILLIAM P HOBBY AIRPORT, TX US","2024-11-16","8.50",,"67","81","56","  100"
"USW00012918","HOUSTON WILLIAM P HOBBY AIRPORT, TX US","2024-11-17","12.53",,"77","83","74","  150"
"USW00012918","HOUSTON WILLIAM P HOBBY AIRPORT, TX US","2024-11-18","12.08",,"77","84","63","  180"
"USW00012918","HOUSTON WILLIAM P HOBBY AIRPORT, TX US","2024-11-19","4.70",,"68","81","57","  250"
"USW00012918","HOUSTON WILLIAM P HOBBY AIRPORT, TX US","2024-11-20","13.42",,"64","69","52","   30"
"USW00012918","HOUSTON WILLIAM P HOBBY AIRPORT, TX US","2024-11-21","5.37",,"58","72","45","   10"
"USW00012918","HOUSTON WILLIAM P HOBBY AIRPORT, TX US","2024-11-22","4.70",,"61","75","49","  280"
"USW00012918","HOUSTON WILLIAM P HOBBY AIRPORT, TX US","2024-11-23","6.93",,"62","76","51","   80"
"USW00012918","HOUSTON WILLIAM P HOBBY AIRPORT, TX US","2024-11-24","9.84",,"69","83","58","  180"
"USW00012918","HOUSTON WILLIAM P HOBBY AIRPORT, TX US","2024-11-25","9.40",,"73","86","57","  340"
"USW00012918","HOUSTON WILLIAM P HOBBY AIRPORT, TX US","2024-11-26","8.05",,"60","70","51","  360"
"USW00012918","HOUSTON WILLIAM P HOBBY AIRPORT, TX US","2024-11-27","7.38",,"67","82","58","  220"
"USW00012918","HOUSTON WILLIAM P HOBBY AIRPORT, TX US","2024-11-28","14.32",,"66","71","54","   20"
"USW00012918","HOUSTON WILLIAM P HOBBY AIRPORT, TX US","2024-11-29","13.87",,"55","62","48","   40"
"USW00012918","HOUSTON WILLIAM P HOBBY AIRPORT, TX US","2024-11-30","7.38",,"52","63","43","  110"
"USW00012918","HOUSTON WILLIAM P HOBBY AIRPORT, TX US","2024-12-01","6.71",,"62","71","54","   50"
"USW00012918","HOUSTON WILLIAM P HOBBY AIRPORT, TX US","2024-12-02","7.83",,"58","68","49","   80"
"USW00012918","HOUSTON WILLIAM P HOBBY AIRPORT, TX US","2024-12-03","10.51",,"57","67","47","   80"
"USW00012918","HOUSTON WILLIAM P HOBBY AIRPORT, TX US","2024-12-04","10.51",,"65","76","57","  180"
"USW00012918","HOUSTON WILLIAM P HOBBY AIRPORT, TX US","2024-12-05","12.08",,"66","100","55","   50"
"USW00012918","HOUSTON WILLIAM P HOBBY AIRPORT, TX US","2024-12-06","12.53",,"53","60","44","   50"
"USW00012918","HOUSTON WILLIAM P HOBBY AIRPORT, TX US","2024-12-07","11.41",,"51","60","47","  100"
"USW00012918","HOUSTON WILLIAM P HOBBY AIRPORT, TX US","2024-12-08","5.59",,"58","65","52","  360"
"USW00012918","HOUSTON WILLIAM P HOBBY AIRPORT, TX US","2024-12-09","8.72",,"65","78","60","  210"
"USW00012918","HOUSTON WILLIAM P HOBBY AIRPORT, TX US","2024-12-10","14.76",,"65","72","46","  350"
"USW00012918","HOUSTON WILLIAM P HOBBY AIRPORT, TX US","2024-12-11","6.04",,"51","63","38","  340"
"USW00012918","HOUSTON WILLIAM P HOBBY AIRPORT, TX US","2024-12-12","8.50",,"50","64","38","  130"
"USW00012918","HOUSTON WILLIAM P HOBBY AIRPORT, TX US","2024-12-13","14.09",,"61","65","59","  120"
"USW00012918","HOUSTON WILLIAM P HOBBY AIRPORT, TX US","2024-12-14","9.62",,"69","80","64","  200"
"USW00012918","HOUSTON WILLIAM P HOBBY AIRPORT, TX US","2024-12-15","10.07",,"72","81","66","  160"
"USW00012918","HOUSTON WILLIAM P HOBBY AIRPORT, TX US","2024-12-16","6.93",,"72","81","66","  160"
"USW00012918","HOUSTON WILLIAM P HOBBY AIRPORT, TX US","2024-12-17","6.49",,"72","81","64","  180"
"USW00012918","HOUSTON WILLIAM P HOBBY AIRPORT, TX US","2024-12-18","8.72",,"67","80","56","  350"
"USW00012918","HOUSTON WILLIAM P HOBBY AIRPORT, TX US","2024-12-19","4.92",,"56","65","48","   10"
"USW00012918","HOUSTON WILLIAM P HOBBY AIRPORT, TX US","2024-12-20","8.72",,"58","71","49","   10"
"USW00012918","HOUSTON WILLIAM P HOBBY AIRPORT, TX US","2024-12-21","8.28",,"53","61","44","   80"
"USW00012918","HOUSTON WILLIAM P HOBBY AIRPORT, TX US","2024-12-22","8.72",,"53","66","43","  100"
"USW00012918","HOUSTON WILLIAM P HOBBY AIRPORT, TX US","2024-12-23","10.74",,"60","75","52","  130"
"USW00012918","HOUSTON WILLIAM P HOBBY AIRPORT, TX US","2024-12-24","11.41",,"67","77","63","   70"
"USW00012918","HOUSTON WILLIAM P HOBBY AIRPORT, TX US","2024-12-25","8.28",,"64","69","59","  350"
"USW00012918","HOUSTON WILLIAM P HOBBY AIRPORT, TX US","2024-12-26","11.86",,"68","76","63","  240"
"USW00012918","HOUSTON WILLIAM P HOBBY AIRPORT, TX US","2024-12-27","5.82",,"67","79","55","  220"
"USW00012918","HOUSTON WILLIAM P HOBBY AIRPORT, TX US","2024-12-28","10.29",,"73","80","57","  230"
"USW00012918","HOUSTON WILLIAM P HOBBY AIRPORT, TX US","2024-12-29","4.03",,"59","68","52","  180"
"USW00012918","HOUSTON WILLIAM P HOBBY AIRPORT, TX US","2024-12-30","9.17",,"65","82","55","  210"
"USW00012918","HOUSTON WILLIAM P HOBBY AIRPORT, TX US","2024-12-31","10.74",,"67","73","57","   30"
